[20Jul2026 16:47:31.779] [main/INFO] [cpw.mods.modlauncher.Launcher/MODLAUNCHER]: ModLauncher running: args [--launchTarget, forgeserver, --fml.neoForgeVersion, 21.1.233, --fml.fmlVersion, 4.0.42, --fml.mcVersion, 1.21.1, --fml.neoFormVersion, 20240808.144430, nogui, $@]
[20Jul2026 16:47:31.781] [main/INFO] [cpw.mods.modlauncher.Launcher/MODLAUNCHER]: JVM identified as Debian OpenJDK 64-Bit Server VM 21.0.11+10-1-deb13u2-Debian
[20Jul2026 16:47:31.782] [main/INFO] [cpw.mods.modlauncher.Launcher/MODLAUNCHER]: ModLauncher 11.0.5+main.901c6ea8 starting: java version 21.0.11 by Debian; OS Linux arch amd64 version 6.12.90+deb13.1-amd64
[20Jul2026 16:47:31.795] [main/DEBUG] [cpw.mods.modlauncher.LaunchServiceHandler/MODLAUNCHER]: Found launch services [minecraft,forgeclient,forgedatauserdev,testharness,forgeserverdev,forgeserveruserdev,forgejunitdev,forgeclientdev,forgeclientuserdev,forgeserver,forgejunituserdev,forgedatadev]
[20Jul2026 16:47:31.805] [main/DEBUG] [cpw.mods.modlauncher.LaunchPluginHandler/MODLAUNCHER]: Found launch plugins: [mixin,slf4jfixer,runtime_enum_extender,accesstransformer,runtimedistcleaner]
[20Jul2026 16:47:31.810] [main/DEBUG] [cpw.mods.modlauncher.TransformationServicesHandler/MODLAUNCHER]: Discovering transformation services
[20Jul2026 16:47:31.812] [main/DEBUG] [net.neoforged.fml.loading.FMLPaths/CORE]: Path GAMEDIR is /var/opt/minecraft/crafty/crafty-4/servers/f208f13f-03b8-42f4-b07e-02f1dff6f964
[20Jul2026 16:47:31.812] [main/DEBUG] [net.neoforged.fml.loading.FMLPaths/CORE]: Path MODSDIR is /var/opt/minecraft/crafty/crafty-4/servers/f208f13f-03b8-42f4-b07e-02f1dff6f964/mods
[20Jul2026 16:47:31.812] [main/DEBUG] [net.neoforged.fml.loading.FMLPaths/CORE]: Path CONFIGDIR is /var/opt/minecraft/crafty/crafty-4/servers/f208f13f-03b8-42f4-b07e-02f1dff6f964/config
[20Jul2026 16:47:31.812] [main/DEBUG] [net.neoforged.fml.loading.FMLPaths/CORE]: Path FMLCONFIG is /var/opt/minecraft/crafty/crafty-4/servers/f208f13f-03b8-42f4-b07e-02f1dff6f964/config/fml.toml
[20Jul2026 16:47:31.827] [main/TRACE] [net.neoforged.fml.loading.FMLConfig/CORE]: Loaded FML config from /var/opt/minecraft/crafty/crafty-4/servers/f208f13f-03b8-42f4-b07e-02f1dff6f964/config/fml.toml
[20Jul2026 16:47:31.827] [main/TRACE] [net.neoforged.fml.loading.FMLConfig/CORE]: FMLConfig disableConfigWatcher is false
[20Jul2026 16:47:31.827] [main/TRACE] [net.neoforged.fml.loading.FMLConfig/CORE]: FMLConfig earlyWindowControl is true
[20Jul2026 16:47:31.827] [main/TRACE] [net.neoforged.fml.loading.FMLConfig/CORE]: FMLConfig maxThreads is 20
[20Jul2026 16:47:31.827] [main/TRACE] [net.neoforged.fml.loading.FMLConfig/CORE]: FMLConfig versionCheck is true
[20Jul2026 16:47:31.828] [main/TRACE] [net.neoforged.fml.loading.FMLConfig/CORE]: FMLConfig defaultConfigPath is defaultconfigs
[20Jul2026 16:47:31.828] [main/TRACE] [net.neoforged.fml.loading.FMLConfig/CORE]: FMLConfig disableOptimizedDFU is true
[20Jul2026 16:47:31.828] [main/TRACE] [net.neoforged.fml.loading.FMLConfig/CORE]: FMLConfig earlyWindowProvider is fmlearlywindow
[20Jul2026 16:47:31.828] [main/TRACE] [net.neoforged.fml.loading.FMLConfig/CORE]: FMLConfig earlyWindowWidth is 854
[20Jul2026 16:47:31.828] [main/TRACE] [net.neoforged.fml.loading.FMLConfig/CORE]: FMLConfig earlyWindowHeight is 480
[20Jul2026 16:47:31.828] [main/TRACE] [net.neoforged.fml.loading.FMLConfig/CORE]: FMLConfig earlyWindowFBScale is 1
[20Jul2026 16:47:31.828] [main/TRACE] [net.neoforged.fml.loading.FMLConfig/CORE]: FMLConfig earlyWindowMaximized is false
[20Jul2026 16:47:31.828] [main/TRACE] [net.neoforged.fml.loading.FMLConfig/CORE]: FMLConfig earlyWindowSkipGLVersions is []
[20Jul2026 16:47:31.828] [main/TRACE] [net.neoforged.fml.loading.FMLConfig/CORE]: FMLConfig earlyWindowSquir is false
[20Jul2026 16:47:31.986] [main/DEBUG] [cpw.mods.modlauncher.TransformationServicesHandler/MODLAUNCHER]: Found additional transformation services from discovery services: [/var/opt/minecraft/crafty/crafty-4/servers/f208f13f-03b8-42f4-b07e-02f1dff6f964/mods/connector-2.0.0-beta.14+1.21.1-full.jar][/var/opt/minecraft/crafty/crafty-4/servers/f208f13f-03b8-42f4-b07e-02f1dff6f964/mods/automodpack-mc1.21.1-neoforge-4.0.5.jar][/var/opt/minecraft/crafty/crafty-4/servers/f208f13f-03b8-42f4-b07e-02f1dff6f964/mods/Ixeris-4.4.4+1.21.1-neoforge.jar][/var/opt/minecraft/crafty/crafty-4/servers/f208f13f-03b8-42f4-b07e-02f1dff6f964/mods/asynclogger-1.1.4+1.21.1-neoforge.jar]
[20Jul2026 16:47:32.010] [main/DEBUG] [net.neoforged.fml.loading.ImmediateWindowHandler/]: Invoking bootstrap method asynclogger
[20Jul2026 16:47:32.074] [main/DEBUG] [net.neoforged.fml.loading.ImmediateWindowHandler/]: Invoking bootstrap method ixeris
[20Jul2026 16:47:32.074] [main/INFO] [AsyncLogger/]: Successfully configured async logger context
[20Jul2026 16:47:32.075] [main/INFO] [me.decce.ixeris.neoforge.core.IxerisBootstrapper/]: Skipped Ixeris bootstrapping because: on dedicated server
[20Jul2026 16:47:32.075] [main/INFO] [net.neoforged.fml.loading.ImmediateWindowHandler/]: ImmediateWindowProvider not loading because launch target is forgeserver
[20Jul2026 16:47:32.089] [main/DEBUG] [cpw.mods.modlauncher.TransformationServicesHandler/MODLAUNCHER]: Found transformer services : [mixin,fml,asynclogger,connector_loader]
[20Jul2026 16:47:32.089] [main/DEBUG] [cpw.mods.modlauncher.TransformationServicesHandler/MODLAUNCHER]: Transformation services loading
[20Jul2026 16:47:32.089] [main/DEBUG] [cpw.mods.modlauncher.TransformationServiceDecorator/MODLAUNCHER]: Loading service mixin
[20Jul2026 16:47:32.089] [main/DEBUG] [cpw.mods.modlauncher.TransformationServiceDecorator/MODLAUNCHER]: Loaded service mixin
[20Jul2026 16:47:32.089] [main/DEBUG] [cpw.mods.modlauncher.TransformationServiceDecorator/MODLAUNCHER]: Loading service fml
[20Jul2026 16:47:32.090] [main/DEBUG] [net.neoforged.fml.loading.FMLLoader/CORE]: FML 4.0.42 loading
[20Jul2026 16:47:32.090] [main/DEBUG] [net.neoforged.fml.loading.FMLLoader/CORE]: FML found ModLauncher version : 11.0.5+main.901c6ea8
[20Jul2026 16:47:32.090] [main/DEBUG] [net.neoforged.fml.loading.FMLLoader/CORE]: FML found AccessTransformer version : 10.0.1+139da711
[20Jul2026 16:47:32.090] [main/DEBUG] [net.neoforged.fml.loading.FMLLoader/CORE]: FML found EventBus version : null
[20Jul2026 16:47:32.090] [main/DEBUG] [net.neoforged.fml.loading.FMLLoader/CORE]: Found Runtime Dist Cleaner
[20Jul2026 16:47:32.090] [main/DEBUG] [cpw.mods.modlauncher.TransformationServiceDecorator/MODLAUNCHER]: Loaded service fml
[20Jul2026 16:47:32.090] [main/DEBUG] [cpw.mods.modlauncher.TransformationServiceDecorator/MODLAUNCHER]: Loading service asynclogger
[20Jul2026 16:47:32.090] [main/DEBUG] [cpw.mods.modlauncher.TransformationServiceDecorator/MODLAUNCHER]: Loaded service asynclogger
[20Jul2026 16:47:32.090] [main/DEBUG] [cpw.mods.modlauncher.TransformationServiceDecorator/MODLAUNCHER]: Loading service connector_loader
[20Jul2026 16:47:32.091] [main/DEBUG] [cpw.mods.modlauncher.TransformationServiceDecorator/MODLAUNCHER]: Loaded service connector_loader
[20Jul2026 16:47:32.091] [main/DEBUG] [cpw.mods.modlauncher.TransformationServicesHandler/MODLAUNCHER]: Configuring option handling for services
[20Jul2026 16:47:32.099] [main/DEBUG] [cpw.mods.modlauncher.TransformationServicesHandler/MODLAUNCHER]: Transformation services initializing
[20Jul2026 16:47:32.099] [main/DEBUG] [net.neoforged.fml.loading.FMLServiceProvider/CORE]: Received command line version data  : VersionInfo[neoForgeVersion=21.1.233, fmlVersion=4.0.42, mcVersion=1.21.1, neoFormVersion=20240808.144430]
[20Jul2026 16:47:32.100] [main/DEBUG] [cpw.mods.modlauncher.TransformationServiceDecorator/MODLAUNCHER]: Initializing transformation service mixin
[20Jul2026 16:47:32.104] [main/DEBUG] [mixin/]: MixinService [ModLauncher] was successfully booted in cpw.mods.cl.ModuleClassLoader@5e3a8624
[20Jul2026 16:47:32.109] [main/INFO] [mixin/]: SpongePowered MIXIN Subsystem Version=0.8.7 Source=union:/var/opt/minecraft/crafty/crafty-4/servers/f208f13f-03b8-42f4-b07e-02f1dff6f964/libraries/net/fabricmc/sponge-mixin/0.15.2+mixin.0.8.7/sponge-mixin-0.15.2+mixin.0.8.7.jar%2373!/ Service=ModLauncher Env=SERVER
[20Jul2026 16:47:32.111] [main/DEBUG] [mixin/]: Initialising Mixin Platform Manager
[20Jul2026 16:47:32.111] [main/DEBUG] [mixin/]: Adding mixin platform agents for container ModLauncher Root Container(ModLauncher:4f56a0a2)
[20Jul2026 16:47:32.111] [main/DEBUG] [mixin/]: Instancing new MixinPlatformAgentMinecraftForge for ModLauncher Root Container(ModLauncher:4f56a0a2)
[20Jul2026 16:47:32.111] [main/DEBUG] [mixin/]: MixinPlatformAgentMinecraftForge rejected container ModLauncher Root Container(ModLauncher:4f56a0a2)
[20Jul2026 16:47:32.112] [main/DEBUG] [mixin/]: Instancing new MixinPlatformAgentDefault for ModLauncher Root Container(ModLauncher:4f56a0a2)
[20Jul2026 16:47:32.112] [main/DEBUG] [mixin/]: MixinPlatformAgentDefault accepted container ModLauncher Root Container(ModLauncher:4f56a0a2)
[20Jul2026 16:47:32.112] [main/DEBUG] [cpw.mods.modlauncher.TransformationServiceDecorator/MODLAUNCHER]: Initialized transformation service mixin
[20Jul2026 16:47:32.112] [main/DEBUG] [cpw.mods.modlauncher.TransformationServiceDecorator/MODLAUNCHER]: Initializing transformation service fml
[20Jul2026 16:47:32.112] [main/DEBUG] [net.neoforged.fml.loading.FMLServiceProvider/CORE]: Setting up basic FML game directories
[20Jul2026 16:47:32.113] [main/DEBUG] [net.neoforged.fml.loading.FMLPaths/CORE]: Path GAMEDIR is /var/opt/minecraft/crafty/crafty-4/servers/f208f13f-03b8-42f4-b07e-02f1dff6f964
[20Jul2026 16:47:32.113] [main/DEBUG] [net.neoforged.fml.loading.FMLPaths/CORE]: Path MODSDIR is /var/opt/minecraft/crafty/crafty-4/servers/f208f13f-03b8-42f4-b07e-02f1dff6f964/mods
[20Jul2026 16:47:32.113] [main/DEBUG] [net.neoforged.fml.loading.FMLPaths/CORE]: Path CONFIGDIR is /var/opt/minecraft/crafty/crafty-4/servers/f208f13f-03b8-42f4-b07e-02f1dff6f964/config
[20Jul2026 16:47:32.113] [main/DEBUG] [net.neoforged.fml.loading.FMLPaths/CORE]: Path FMLCONFIG is /var/opt/minecraft/crafty/crafty-4/servers/f208f13f-03b8-42f4-b07e-02f1dff6f964/config/fml.toml
[20Jul2026 16:47:32.113] [main/DEBUG] [net.neoforged.fml.loading.FMLServiceProvider/CORE]: Loading configuration
[20Jul2026 16:47:32.114] [main/TRACE] [net.neoforged.fml.loading.FMLConfig/CORE]: Loaded FML config from /var/opt/minecraft/crafty/crafty-4/servers/f208f13f-03b8-42f4-b07e-02f1dff6f964/config/fml.toml
[20Jul2026 16:47:32.114] [main/TRACE] [net.neoforged.fml.loading.FMLConfig/CORE]: FMLConfig disableConfigWatcher is false
[20Jul2026 16:47:32.114] [main/TRACE] [net.neoforged.fml.loading.FMLConfig/CORE]: FMLConfig earlyWindowControl is true
[20Jul2026 16:47:32.114] [main/TRACE] [net.neoforged.fml.loading.FMLConfig/CORE]: FMLConfig maxThreads is 20
[20Jul2026 16:47:32.114] [main/TRACE] [net.neoforged.fml.loading.FMLConfig/CORE]: FMLConfig versionCheck is true
[20Jul2026 16:47:32.114] [main/TRACE] [net.neoforged.fml.loading.FMLConfig/CORE]: FMLConfig defaultConfigPath is defaultconfigs
[20Jul2026 16:47:32.114] [main/TRACE] [net.neoforged.fml.loading.FMLConfig/CORE]: FMLConfig disableOptimizedDFU is true
[20Jul2026 16:47:32.114] [main/TRACE] [net.neoforged.fml.loading.FMLConfig/CORE]: FMLConfig earlyWindowProvider is fmlearlywindow
[20Jul2026 16:47:32.114] [main/TRACE] [net.neoforged.fml.loading.FMLConfig/CORE]: FMLConfig earlyWindowWidth is 854
[20Jul2026 16:47:32.114] [main/TRACE] [net.neoforged.fml.loading.FMLConfig/CORE]: FMLConfig earlyWindowHeight is 480
[20Jul2026 16:47:32.114] [main/TRACE] [net.neoforged.fml.loading.FMLConfig/CORE]: FMLConfig earlyWindowFBScale is 1
[20Jul2026 16:47:32.115] [main/TRACE] [net.neoforged.fml.loading.FMLConfig/CORE]: FMLConfig earlyWindowMaximized is false
[20Jul2026 16:47:32.115] [main/TRACE] [net.neoforged.fml.loading.FMLConfig/CORE]: FMLConfig earlyWindowSkipGLVersions is []
[20Jul2026 16:47:32.115] [main/TRACE] [net.neoforged.fml.loading.FMLConfig/CORE]: FMLConfig earlyWindowSquir is false
[20Jul2026 16:47:32.116] [main/DEBUG] [net.neoforged.fml.loading.LaunchContext/SCAN]: Located paths when launch context was created: [/var/opt/minecraft/crafty/crafty-4/servers/f208f13f-03b8-42f4-b07e-02f1dff6f964/libraries/org/slf4j/slf4j-api/2.0.9/slf4j-api-2.0.9.jar, /var/opt/minecraft/crafty/crafty-4/servers/f208f13f-03b8-42f4-b07e-02f1dff6f964/mods/automodpack-mc1.21.1-neoforge-4.0.5.jar, /var/opt/minecraft/crafty/crafty-4/servers/f208f13f-03b8-42f4-b07e-02f1dff6f964/libraries/org/joml/joml/1.10.5/joml-1.10.5.jar, /var/opt/minecraft/crafty/crafty-4/servers/f208f13f-03b8-42f4-b07e-02f1dff6f964/libraries/com/google/guava/guava/32.1.2-jre/guava-32.1.2-jre.jar, /var/opt/minecraft/crafty/crafty-4/servers/f208f13f-03b8-42f4-b07e-02f1dff6f964/libraries/com/machinezoo/noexception/noexception/1.7.1/noexception-1.7.1.jar, /var/opt/minecraft/crafty/crafty-4/servers/f208f13f-03b8-42f4-b07e-02f1dff6f964/mods/Ixeris-4.4.4+1.21.1-neoforge.jar, /var/opt/minecraft/crafty/crafty-4/servers/f208f13f-03b8-42f4-b07e-02f1dff6f964/libraries/org/apache/commons/commons-lang3/3.14.0/commons-lang3-3.14.0.jar, /var/opt/minecraft/crafty/crafty-4/servers/f208f13f-03b8-42f4-b07e-02f1dff6f964/libraries/net/neoforged/accesstransformers/at-modlauncher/10.0.1/at-modlauncher-10.0.1.jar, /var/opt/minecraft/crafty/crafty-4/servers/f208f13f-03b8-42f4-b07e-02f1dff6f964/libraries/org/apache/logging/log4j/log4j-api/2.22.1/log4j-api-2.22.1.jar, /var/opt/minecraft/crafty/crafty-4/servers/f208f13f-03b8-42f4-b07e-02f1dff6f964/libraries/io/netty/netty-common/4.1.97.Final/netty-common-4.1.97.Final.jar, /var/opt/minecraft/crafty/crafty-4/servers/f208f13f-03b8-42f4-b07e-02f1dff6f964/libraries/io/netty/netty-codec/4.1.97.Final/netty-codec-4.1.97.Final.jar, /var/opt/minecraft/crafty/crafty-4/servers/f208f13f-03b8-42f4-b07e-02f1dff6f964/libraries/org/jline/jline-reader/3.20.0/jline-reader-3.20.0.jar, /var/opt/minecraft/crafty/crafty-4/servers/f208f13f-03b8-42f4-b07e-02f1dff6f964/libraries/cpw/mods/modlauncher/11.0.5/modlauncher-11.0.5.jar, /var/opt/minecraft/crafty/crafty-4/servers/f208f13f-03b8-42f4-b07e-02f1dff6f964/libraries/com/electronwill/night-config/core/3.8.3/core-3.8.3.jar, /var/opt/minecraft/crafty/crafty-4/servers/f208f13f-03b8-42f4-b07e-02f1dff6f964/libraries/net/neoforged/coremods/7.0.3/coremods-7.0.3.jar, /var/opt/minecraft/crafty/crafty-4/servers/f208f13f-03b8-42f4-b07e-02f1dff6f964/libraries/io/netty/netty-transport/4.1.97.Final/netty-transport-4.1.97.Final.jar, /var/opt/minecraft/crafty/crafty-4/servers/f208f13f-03b8-42f4-b07e-02f1dff6f964/libraries/io/netty/netty-handler/4.1.97.Final/netty-handler-4.1.97.Final.jar, /var/opt/minecraft/crafty/crafty-4/servers/f208f13f-03b8-42f4-b07e-02f1dff6f964/libraries/net/neoforged/JarJarSelector/0.4.1/JarJarSelector-0.4.1.jar, /var/opt/minecraft/crafty/crafty-4/servers/f208f13f-03b8-42f4-b07e-02f1dff6f964/mods/asynclogger-1.1.4+1.21.1-neoforge.jar, /var/opt/minecraft/crafty/crafty-4/servers/f208f13f-03b8-42f4-b07e-02f1dff6f964/libraries/com/google/code/gson/gson/2.10.1/gson-2.10.1.jar, /var/opt/minecraft/crafty/crafty-4/servers/f208f13f-03b8-42f4-b07e-02f1dff6f964/libraries/org/codehaus/plexus/plexus-utils/3.3.0/plexus-utils-3.3.0.jar, /var/opt/minecraft/crafty/crafty-4/servers/f208f13f-03b8-42f4-b07e-02f1dff6f964/mods/connector-2.0.0-beta.14+1.21.1-full.jar, /var/opt/minecraft/crafty/crafty-4/servers/f208f13f-03b8-42f4-b07e-02f1dff6f964/libraries/it/unimi/dsi/fastutil/8.5.12/fastutil-8.5.12.jar, /var/opt/minecraft/crafty/crafty-4/servers/f208f13f-03b8-42f4-b07e-02f1dff6f964/libraries/org/apache/maven/maven-artifact/3.8.5/maven-artifact-3.8.5.jar, /var/opt/minecraft/crafty/crafty-4/servers/f208f13f-03b8-42f4-b07e-02f1dff6f964/libraries/io/netty/netty-transport-native-epoll/4.1.97.Final/netty-transport-native-epoll-4.1.97.Final-linux-aarch_64.jar, /var/opt/minecraft/crafty/crafty-4/servers/f208f13f-03b8-42f4-b07e-02f1dff6f964/libraries/com/google/j2objc/j2objc-annotations/2.8/j2objc-annotations-2.8.jar, /var/opt/minecraft/crafty/crafty-4/servers/f208f13f-03b8-42f4-b07e-02f1dff6f964/libraries/net/neoforged/accesstransformers/10.0.1/accesstransformers-10.0.1.jar, /var/opt/minecraft/crafty/crafty-4/servers/f208f13f-03b8-42f4-b07e-02f1dff6f964/libraries/net/java/dev/jna/jna-platform/5.14.0/jna-platform-5.14.0.jar, /var/opt/minecraft/crafty/crafty-4/servers/f208f13f-03b8-42f4-b07e-02f1dff6f964/libraries/com/google/guava/failureaccess/1.0.1/failureaccess-1.0.1.jar, /var/opt/minecraft/crafty/crafty-4/servers/f208f13f-03b8-42f4-b07e-02f1dff6f964/libraries/com/mojang/brigadier/1.3.10/brigadier-1.3.10.jar, /var/opt/minecraft/crafty/crafty-4/servers/f208f13f-03b8-42f4-b07e-02f1dff6f964/libraries/com/google/code/findbugs/jsr305/3.0.2/jsr305-3.0.2.jar, /var/opt/minecraft/crafty/crafty-4/servers/f208f13f-03b8-42f4-b07e-02f1dff6f964/libraries/com/google/guava/listenablefuture/9999.0-empty-to-avoid-conflict-with-guava/listenablefuture-9999.0-empty-to-avoid-conflict-with-guava.jar, /var/opt/minecraft/crafty/crafty-4/servers/f208f13f-03b8-42f4-b07e-02f1dff6f964/libraries/com/mojang/logging/1.2.7/logging-1.2.7.jar, /var/opt/minecraft/crafty/crafty-4/servers/f208f13f-03b8-42f4-b07e-02f1dff6f964/libraries/com/github/oshi/oshi-core/6.4.10/oshi-core-6.4.10.jar, /var/opt/minecraft/crafty/crafty-4/servers/f208f13f-03b8-42f4-b07e-02f1dff6f964/libraries/org/checkerframework/checker-qual/3.33.0/checker-qual-3.33.0.jar, /var/opt/minecraft/crafty/crafty-4/servers/f208f13f-03b8-42f4-b07e-02f1dff6f964/libraries/commons-io/commons-io/2.15.1/commons-io-2.15.1.jar, /var/opt/minecraft/crafty/crafty-4/servers/f208f13f-03b8-42f4-b07e-02f1dff6f964/libraries/net/neoforged/JarJarMetadata/0.4.1/JarJarMetadata-0.4.1.jar, /var/opt/minecraft/crafty/crafty-4/servers/f208f13f-03b8-42f4-b07e-02f1dff6f964/libraries/org/lz4/lz4-java/1.8.0/lz4-java-1.8.0.jar, /var/opt/minecraft/crafty/crafty-4/servers/f208f13f-03b8-42f4-b07e-02f1dff6f964/libraries/io/netty/netty-transport-native-epoll/4.1.97.Final/netty-transport-native-epoll-4.1.97.Final-linux-x86_64.jar, /var/opt/minecraft/crafty/crafty-4/servers/f208f13f-03b8-42f4-b07e-02f1dff6f964/libraries/com/mojang/authlib/6.0.54/authlib-6.0.54.jar, /var/opt/minecraft/crafty/crafty-4/servers/f208f13f-03b8-42f4-b07e-02f1dff6f964/libraries/com/mojang/datafixerupper/8.0.16/datafixerupper-8.0.16.jar, /var/opt/minecraft/crafty/crafty-4/servers/f208f13f-03b8-42f4-b07e-02f1dff6f964/libraries/io/netty/netty-resolver/4.1.97.Final/netty-resolver-4.1.97.Final.jar, /var/opt/minecraft/crafty/crafty-4/servers/f208f13f-03b8-42f4-b07e-02f1dff6f964/libraries/net/neoforged/bus/8.0.5/bus-8.0.5.jar, /var/opt/minecraft/crafty/crafty-4/servers/f208f13f-03b8-42f4-b07e-02f1dff6f964/libraries/net/minecrell/terminalconsoleappender/1.3.0/terminalconsoleappender-1.3.0.jar, /var/opt/minecraft/crafty/crafty-4/servers/f208f13f-03b8-42f4-b07e-02f1dff6f964/libraries/net/minecraftforge/srgutils/0.4.15/srgutils-0.4.15.jar, /var/opt/minecraft/crafty/crafty-4/servers/f208f13f-03b8-42f4-b07e-02f1dff6f964/libraries/com/google/errorprone/error_prone_annotations/2.18.0/error_prone_annotations-2.18.0.jar, /var/opt/minecraft/crafty/crafty-4/servers/f208f13f-03b8-42f4-b07e-02f1dff6f964/libraries/net/neoforged/fancymodloader/loader/4.0.42/loader-4.0.42.jar, /var/opt/minecraft/crafty/crafty-4/servers/f208f13f-03b8-42f4-b07e-02f1dff6f964/libraries/com/electronwill/night-config/toml/3.8.3/toml-3.8.3.jar, /var/opt/minecraft/crafty/crafty-4/servers/f208f13f-03b8-42f4-b07e-02f1dff6f964/libraries/org/antlr/antlr4-runtime/4.13.1/antlr4-runtime-4.13.1.jar, /var/opt/minecraft/crafty/crafty-4/servers/f208f13f-03b8-42f4-b07e-02f1dff6f964/libraries/io/netty/netty-transport-native-unix-common/4.1.97.Final/netty-transport-native-unix-common-4.1.97.Final.jar, /var/opt/minecraft/crafty/crafty-4/servers/f208f13f-03b8-42f4-b07e-02f1dff6f964/libraries/net/sf/jopt-simple/jopt-simple/5.0.4/jopt-simple-5.0.4.jar, /var/opt/minecraft/crafty/crafty-4/servers/f208f13f-03b8-42f4-b07e-02f1dff6f964/libraries/net/fabricmc/sponge-mixin/0.15.2+mixin.0.8.7/sponge-mixin-0.15.2+mixin.0.8.7.jar, /var/opt/minecraft/crafty/crafty-4/servers/f208f13f-03b8-42f4-b07e-02f1dff6f964/libraries/net/neoforged/fancymodloader/earlydisplay/4.0.42/earlydisplay-4.0.42.jar, /var/opt/minecraft/crafty/crafty-4/servers/f208f13f-03b8-42f4-b07e-02f1dff6f964/libraries/net/java/dev/jna/jna/5.14.0/jna-5.14.0.jar, /var/opt/minecraft/crafty/crafty-4/servers/f208f13f-03b8-42f4-b07e-02f1dff6f964/libraries/org/apache/logging/log4j/log4j-slf4j2-impl/2.22.1/log4j-slf4j2-impl-2.22.1.jar, /var/opt/minecraft/crafty/crafty-4/servers/f208f13f-03b8-42f4-b07e-02f1dff6f964/libraries/org/apache/logging/log4j/log4j-core/2.22.1/log4j-core-2.22.1.jar, /var/opt/minecraft/crafty/crafty-4/servers/f208f13f-03b8-42f4-b07e-02f1dff6f964/libraries/io/netty/netty-transport-classes-epoll/4.1.97.Final/netty-transport-classes-epoll-4.1.97.Final.jar, /var/opt/minecraft/crafty/crafty-4/servers/f208f13f-03b8-42f4-b07e-02f1dff6f964/libraries/io/netty/netty-buffer/4.1.97.Final/netty-buffer-4.1.97.Final.jar, /var/opt/minecraft/crafty/crafty-4/servers/f208f13f-03b8-42f4-b07e-02f1dff6f964/libraries/org/openjdk/nashorn/nashorn-core/15.4/nashorn-core-15.4.jar, /var/opt/minecraft/crafty/crafty-4/servers/f208f13f-03b8-42f4-b07e-02f1dff6f964/libraries/org/jline/jline-terminal/3.20.0/jline-terminal-3.20.0.jar, /var/opt/minecraft/crafty/crafty-4/servers/f208f13f-03b8-42f4-b07e-02f1dff6f964/libraries/net/neoforged/mergetool/2.0.0/mergetool-2.0.0-api.jar, /var/opt/minecraft/crafty/crafty-4/servers/f208f13f-03b8-42f4-b07e-02f1dff6f964/libraries/net/jodah/typetools/0.6.3/typetools-0.6.3.jar]
[20Jul2026 16:47:32.116] [main/DEBUG] [net.neoforged.fml.loading.FMLServiceProvider/CORE]: Preparing launch handler
[20Jul2026 16:47:32.116] [main/DEBUG] [net.neoforged.fml.common.asm.RuntimeDistCleaner/DISTXFORM]: Configuring for Dist DEDICATED_SERVER
[20Jul2026 16:47:32.116] [main/DEBUG] [net.neoforged.fml.loading.FMLLoader/CORE]: Using forgeserver as launch service
[20Jul2026 16:47:32.117] [main/DEBUG] [cpw.mods.modlauncher.TransformationServiceDecorator/MODLAUNCHER]: Initialized transformation service fml
[20Jul2026 16:47:32.117] [main/DEBUG] [cpw.mods.modlauncher.TransformationServiceDecorator/MODLAUNCHER]: Initializing transformation service asynclogger
[20Jul2026 16:47:32.117] [main/DEBUG] [cpw.mods.modlauncher.TransformationServiceDecorator/MODLAUNCHER]: Initialized transformation service asynclogger
[20Jul2026 16:47:32.117] [main/DEBUG] [cpw.mods.modlauncher.TransformationServiceDecorator/MODLAUNCHER]: Initializing transformation service connector_loader
[20Jul2026 16:47:32.118] [main/DEBUG] [cpw.mods.modlauncher.TransformationServicesHandler/MODLAUNCHER]: Transformation services begin scanning
[20Jul2026 16:47:32.118] [main/DEBUG] [cpw.mods.modlauncher.TransformationServiceDecorator/MODLAUNCHER]: Initialized transformation service connector_loader
[20Jul2026 16:47:32.118] [main/DEBUG] [cpw.mods.modlauncher.TransformationServiceDecorator/MODLAUNCHER]: Beginning scan trigger - transformation service mixin
[20Jul2026 16:47:32.118] [main/DEBUG] [cpw.mods.modlauncher.TransformationServiceDecorator/MODLAUNCHER]: End scan trigger - transformation service mixin
[20Jul2026 16:47:32.118] [main/DEBUG] [cpw.mods.modlauncher.TransformationServiceDecorator/MODLAUNCHER]: Beginning scan trigger - transformation service fml
[20Jul2026 16:47:32.118] [main/DEBUG] [net.neoforged.fml.loading.FMLServiceProvider/CORE]: Initiating mod scan
[20Jul2026 16:47:32.126] [main/DEBUG] [net.neoforged.fml.util.ServiceLoaderUtil/CORE]: Found 7 implementations of IModFileCandidateLocator:
[20Jul2026 16:47:32.126] [main/DEBUG] [net.neoforged.fml.util.ServiceLoaderUtil/CORE]: 	    1000 - [built-in] net.neoforged.fml.loading.moddiscovery.locators.ProductionServerProvider from loader-4.0.42.jar
[20Jul2026 16:47:32.128] [main/DEBUG] [net.neoforged.fml.util.ServiceLoaderUtil/CORE]: 	    1000 - [built-in] net.neoforged.fml.loading.moddiscovery.locators.PathBasedLocator from loader-4.0.42.jar
[20Jul2026 16:47:32.128] [main/DEBUG] [net.neoforged.fml.util.ServiceLoaderUtil/CORE]: 	    1000 - pl.skidam.automodpack_loader_core.EarlyModLocator from automodpack-mc1.21.1-neoforge-4.0.5.jar
[20Jul2026 16:47:32.128] [main/DEBUG] [net.neoforged.fml.util.ServiceLoaderUtil/CORE]: 	       0 - org.sinytra.connector.locator.ConnectorEarlyLocatorBootstrap from connector-2.0.0-beta.14+1.21.1-full.jar
[20Jul2026 16:47:32.128] [main/DEBUG] [net.neoforged.fml.util.ServiceLoaderUtil/CORE]: 	       0 - me.decce.asynclogger.service.neoforge.NeoForgeModLocator from asynclogger-1.1.4+1.21.1-neoforge.jar
[20Jul2026 16:47:32.128] [main/DEBUG] [net.neoforged.fml.util.ServiceLoaderUtil/CORE]: 	       0 - net.neoforged.fml.loading.moddiscovery.locators.ModsFolderLocator from loader-4.0.42.jar
[20Jul2026 16:47:32.128] [main/DEBUG] [net.neoforged.fml.util.ServiceLoaderUtil/CORE]: 	       0 - net.neoforged.fml.loading.moddiscovery.locators.MavenDirectoryLocator from loader-4.0.42.jar
[20Jul2026 16:47:32.129] [main/DEBUG] [net.neoforged.fml.util.ServiceLoaderUtil/CORE]: Found 2 implementations of IModFileReader:
[20Jul2026 16:47:32.129] [main/DEBUG] [net.neoforged.fml.util.ServiceLoaderUtil/CORE]: 	       0 - net.neoforged.fml.loading.moddiscovery.readers.JarModsDotTomlModFileReader from loader-4.0.42.jar
[20Jul2026 16:47:32.130] [main/DEBUG] [net.neoforged.fml.util.ServiceLoaderUtil/CORE]: 	   -1000 - net.neoforged.fml.loading.moddiscovery.readers.NestedLibraryModReader from loader-4.0.42.jar
[20Jul2026 16:47:32.131] [main/DEBUG] [net.neoforged.fml.util.ServiceLoaderUtil/CORE]: Found 4 implementations of IDependencyLocator:
[20Jul2026 16:47:32.132] [main/DEBUG] [net.neoforged.fml.util.ServiceLoaderUtil/CORE]: 	       0 - me.decce.ixeris.neoforge.core.IxerisModLocator from Ixeris-4.4.4+1.21.1-neoforge.jar
[20Jul2026 16:47:32.132] [main/DEBUG] [net.neoforged.fml.util.ServiceLoaderUtil/CORE]: 	       0 - net.neoforged.fml.loading.moddiscovery.locators.JarInJarDependencyLocator from loader-4.0.42.jar
[20Jul2026 16:47:32.132] [main/DEBUG] [net.neoforged.fml.util.ServiceLoaderUtil/CORE]: 	   -1000 - org.sinytra.connector.locator.ConnectorLocator from connector-2.0.0-beta.14+1.21.1-full.jar
[20Jul2026 16:47:32.132] [main/DEBUG] [net.neoforged.fml.util.ServiceLoaderUtil/CORE]: 	   -1000 - pl.skidam.automodpack_loader_core.LazyModLocator from automodpack-mc1.21.1-neoforge-4.0.5.jar
[20Jul2026 16:47:32.132] [main/DEBUG] [net.neoforged.fml.loading.moddiscovery.ModDiscoverer/SCAN]: Scanning for mods and other resources to load. We know 7 ways to find mods
[20Jul2026 16:47:32.132] [main/DEBUG] [net.neoforged.fml.loading.moddiscovery.ModDiscoverer/SCAN]: Trying locator production server provider +net.neoforged:neoforge:21.1.233:server
[20Jul2026 16:47:32.213] [main/DEBUG] [net.neoforged.fml.loading.moddiscovery.ModFileInfo/LOADING]: Found valid mod file server-1.21.1-20240808.144430-srg.jar with {minecraft} mods - versions {1.21.1}
[20Jul2026 16:47:32.214] [main/INFO] [net.neoforged.fml.loading.moddiscovery.ModDiscoverer/SCAN]: Found mod file "server-1.21.1-20240808.144430-srg.jar" [locator: production server provider +net.neoforged:neoforge:21.1.233:server]
[20Jul2026 16:47:32.214] [main/DEBUG] [net.neoforged.fml.loading.moddiscovery.ModDiscoverer/SCAN]: Locator production server provider +net.neoforged:neoforge:21.1.233:server found 1 mods, 0 warnings, 0 errors and skipped 0 candidates
[20Jul2026 16:47:32.214] [main/DEBUG] [net.neoforged.fml.loading.moddiscovery.ModDiscoverer/SCAN]: Trying locator PathBasedLocator[name=neoforge, paths=[libraries/net/neoforged/neoforge/21.1.233/neoforge-21.1.233-universal.jar]]
[20Jul2026 16:47:32.216] [main/DEBUG] [net.neoforged.fml.loading.moddiscovery.readers.JarModsDotTomlModFileReader/SCAN]: Found META-INF/neoforge.mods.toml mod of type null: /var/opt/minecraft/crafty/crafty-4/servers/f208f13f-03b8-42f4-b07e-02f1dff6f964/libraries/net/neoforged/neoforge/21.1.233/neoforge-21.1.233-universal.jar
[20Jul2026 16:47:32.216] [main/DEBUG] [net.neoforged.fml.loading.moddiscovery.ModFileParser/LOADING]: Considering mod file candidate /var/opt/minecraft/crafty/crafty-4/servers/f208f13f-03b8-42f4-b07e-02f1dff6f964/libraries/net/neoforged/neoforge/21.1.233/neoforge-21.1.233-universal.jar
[20Jul2026 16:47:32.225] [main/DEBUG] [net.neoforged.fml.loading.moddiscovery.ModFileInfo/LOADING]: Found valid mod file neoforge-21.1.233-universal.jar with {neoforge} mods - versions {21.1.233}
[20Jul2026 16:47:32.225] [main/INFO] [net.neoforged.fml.loading.moddiscovery.ModDiscoverer/SCAN]: Found mod file "neoforge-21.1.233-universal.jar" [locator: PathBasedLocator[name=neoforge, paths=[libraries/net/neoforged/neoforge/21.1.233/neoforge-21.1.233-universal.jar]], reader: mod manifest]
[20Jul2026 16:47:32.225] [main/DEBUG] [net.neoforged.fml.loading.moddiscovery.ModDiscoverer/SCAN]: Locator PathBasedLocator[name=neoforge, paths=[libraries/net/neoforged/neoforge/21.1.233/neoforge-21.1.233-universal.jar]] found 1 mods, 0 warnings, 0 errors and skipped 0 candidates
[20Jul2026 16:47:32.225] [main/DEBUG] [net.neoforged.fml.loading.moddiscovery.ModDiscoverer/SCAN]: Trying locator pl.skidam.automodpack_loader_core.EarlyModLocator@d1f74b8
[20Jul2026 16:47:32.227] [main/INFO] [AutoModpack/]: Prelaunching AutoModpack...
[20Jul2026 16:47:32.371] [main/INFO] [AutoModpack/]: Loaded config! took 12ms
[20Jul2026 16:47:32.372] [main/INFO] [AutoModpack/]: AutoModpack self-updater is disabled in server config.
[20Jul2026 16:47:32.375] [main/INFO] [AutoModpack/]: AutoModpack prelaunched! took 146ms
[20Jul2026 16:47:32.375] [main/DEBUG] [net.neoforged.fml.loading.moddiscovery.ModDiscoverer/SCAN]: Locator pl.skidam.automodpack_loader_core.EarlyModLocator@d1f74b8 found 0 mods, 0 warnings, 0 errors and skipped 0 candidates
[20Jul2026 16:47:32.375] [main/DEBUG] [net.neoforged.fml.loading.moddiscovery.ModDiscoverer/SCAN]: Trying locator org.sinytra.connector.locator.ConnectorEarlyLocatorBootstrap@4a9419d7
[20Jul2026 16:47:32.377] [main/INFO] [net.neoforged.fml.loading.moddiscovery.ModDiscoverer/SCAN]: Found library file "~nonexistent" [locator: org.sinytra.connector.locator.ConnectorEarlyLocatorBootstrap@4a9419d7]
[20Jul2026 16:47:32.377] [main/DEBUG] [net.neoforged.fml.loading.moddiscovery.ModDiscoverer/SCAN]: Locator org.sinytra.connector.locator.ConnectorEarlyLocatorBootstrap@4a9419d7 found 1 mods, 0 warnings, 0 errors and skipped 0 candidates
[20Jul2026 16:47:32.377] [main/DEBUG] [net.neoforged.fml.loading.moddiscovery.ModDiscoverer/SCAN]: Trying locator me.decce.asynclogger.service.neoforge.NeoForgeModLocator@5769e7ae
[20Jul2026 16:47:32.378] [main/DEBUG] [net.neoforged.fml.loading.moddiscovery.readers.JarModsDotTomlModFileReader/SCAN]: Found META-INF/neoforge.mods.toml mod of type null: /META-INF/jarjar/asynclogger-1.1.4+1.21.1-neoforge-mod.jar
[20Jul2026 16:47:32.378] [main/DEBUG] [net.neoforged.fml.loading.moddiscovery.ModFileParser/LOADING]: Considering mod file candidate /META-INF/jarjar/asynclogger-1.1.4+1.21.1-neoforge-mod.jar
[20Jul2026 16:47:32.381] [main/DEBUG] [net.neoforged.fml.loading.moddiscovery.ModFileInfo/LOADING]: Found valid mod file asynclogger-1.1.4+1.21.1-neoforge-mod.jar with {asynclogger} mods - versions {1.1.4+1.21.1-neoforge}
[20Jul2026 16:47:32.381] [main/INFO] [net.neoforged.fml.loading.moddiscovery.ModDiscoverer/SCAN]: Found mod file "asynclogger-1.1.4+1.21.1-neoforge-mod.jar" [locator: me.decce.asynclogger.service.neoforge.NeoForgeModLocator@5769e7ae, reader: mod manifest]
[20Jul2026 16:47:32.381] [main/DEBUG] [net.neoforged.fml.loading.moddiscovery.ModDiscoverer/SCAN]: Locator me.decce.asynclogger.service.neoforge.NeoForgeModLocator@5769e7ae found 1 mods, 0 warnings, 0 errors and skipped 0 candidates
[20Jul2026 16:47:32.382] [main/DEBUG] [net.neoforged.fml.loading.moddiscovery.ModDiscoverer/SCAN]: Trying locator {mods folder locator at /var/opt/minecraft/crafty/crafty-4/servers/f208f13f-03b8-42f4-b07e-02f1dff6f964/mods}
[20Jul2026 16:47:32.382] [main/DEBUG] [net.neoforged.fml.loading.moddiscovery.locators.ModsFolderLocator/SCAN]: Scanning mods dir /var/opt/minecraft/crafty/crafty-4/servers/f208f13f-03b8-42f4-b07e-02f1dff6f964/mods for mods
[20Jul2026 16:47:32.385] [main/DEBUG] [net.neoforged.fml.loading.moddiscovery.readers.JarModsDotTomlModFileReader/SCAN]: Found META-INF/neoforge.mods.toml mod of type null: /var/opt/minecraft/crafty/crafty-4/servers/f208f13f-03b8-42f4-b07e-02f1dff6f964/mods/[Neoforge]ctov-3.6.3.jar
[20Jul2026 16:47:32.385] [main/DEBUG] [net.neoforged.fml.loading.moddiscovery.ModFileParser/LOADING]: Considering mod file candidate /var/opt/minecraft/crafty/crafty-4/servers/f208f13f-03b8-42f4-b07e-02f1dff6f964/mods/[Neoforge]ctov-3.6.3.jar
[20Jul2026 16:47:32.387] [main/DEBUG] [net.neoforged.fml.loading.moddiscovery.ModFileInfo/LOADING]: Found valid mod file [Neoforge]ctov-3.6.3.jar with {ctov} mods - versions {3.6.3}
[20Jul2026 16:47:32.387] [main/INFO] [net.neoforged.fml.loading.moddiscovery.ModDiscoverer/SCAN]: Found mod file "[Neoforge]ctov-3.6.3.jar" [locator: {mods folder locator at /var/opt/minecraft/crafty/crafty-4/servers/f208f13f-03b8-42f4-b07e-02f1dff6f964/mods}, reader: mod manifest]
[20Jul2026 16:47:32.387] [main/DEBUG] [net.neoforged.fml.loading.moddiscovery.readers.JarModsDotTomlModFileReader/SCAN]: Found META-INF/neoforge.mods.toml mod of type null: /var/opt/minecraft/crafty/crafty-4/servers/f208f13f-03b8-42f4-b07e-02f1dff6f964/mods/aerocopycats-1.1.1.jar
[20Jul2026 16:47:32.387] [main/DEBUG] [net.neoforged.fml.loading.moddiscovery.ModFileParser/LOADING]: Considering mod file candidate /var/opt/minecraft/crafty/crafty-4/servers/f208f13f-03b8-42f4-b07e-02f1dff6f964/mods/aerocopycats-1.1.1.jar
[20Jul2026 16:47:32.389] [main/DEBUG] [net.neoforged.fml.loading.moddiscovery.ModFileInfo/LOADING]: Found valid mod file aerocopycats-1.1.1.jar with {aerocopycats} mods - versions {1.1.0}
[20Jul2026 16:47:32.389] [main/INFO] [net.neoforged.fml.loading.moddiscovery.ModDiscoverer/SCAN]: Found mod file "aerocopycats-1.1.1.jar" [locator: {mods folder locator at /var/opt/minecraft/crafty/crafty-4/servers/f208f13f-03b8-42f4-b07e-02f1dff6f964/mods}, reader: mod manifest]
[20Jul2026 16:47:32.389] [main/DEBUG] [net.neoforged.fml.loading.moddiscovery.readers.JarModsDotTomlModFileReader/SCAN]: Found META-INF/neoforge.mods.toml mod of type null: /var/opt/minecraft/crafty/crafty-4/servers/f208f13f-03b8-42f4-b07e-02f1dff6f964/mods/aeroworks-1.2.11.jar
[20Jul2026 16:47:32.389] [main/DEBUG] [net.neoforged.fml.loading.moddiscovery.ModFileParser/LOADING]: Considering mod file candidate /var/opt/minecraft/crafty/crafty-4/servers/f208f13f-03b8-42f4-b07e-02f1dff6f964/mods/aeroworks-1.2.11.jar
[20Jul2026 16:47:32.392] [main/DEBUG] [net.neoforged.fml.loading.moddiscovery.ModFileInfo/LOADING]: Found valid mod file aeroworks-1.2.11.jar with {aeroworks} mods - versions {1.2.11}
[20Jul2026 16:47:32.392] [main/INFO] [net.neoforged.fml.loading.moddiscovery.ModDiscoverer/SCAN]: Found mod file "aeroworks-1.2.11.jar" [locator: {mods folder locator at /var/opt/minecraft/crafty/crafty-4/servers/f208f13f-03b8-42f4-b07e-02f1dff6f964/mods}, reader: mod manifest]
[20Jul2026 16:47:32.392] [main/DEBUG] [net.neoforged.fml.loading.moddiscovery.readers.JarModsDotTomlModFileReader/SCAN]: Found META-INF/neoforge.mods.toml mod of type null: /var/opt/minecraft/crafty/crafty-4/servers/f208f13f-03b8-42f4-b07e-02f1dff6f964/mods/AI-Improvements-1.21-0.5.3.jar
[20Jul2026 16:47:32.392] [main/DEBUG] [net.neoforged.fml.loading.moddiscovery.ModFileParser/LOADING]: Considering mod file candidate /var/opt/minecraft/crafty/crafty-4/servers/f208f13f-03b8-42f4-b07e-02f1dff6f964/mods/AI-Improvements-1.21-0.5.3.jar
[20Jul2026 16:47:32.394] [main/DEBUG] [net.neoforged.fml.loading.moddiscovery.ModFileInfo/LOADING]: Found valid mod file AI-Improvements-1.21-0.5.3.jar with {aiimprovements} mods - versions {0.5.3}
[20Jul2026 16:47:32.394] [main/INFO] [net.neoforged.fml.loading.moddiscovery.ModDiscoverer/SCAN]: Found mod file "AI-Improvements-1.21-0.5.3.jar" [locator: {mods folder locator at /var/opt/minecraft/crafty/crafty-4/servers/f208f13f-03b8-42f4-b07e-02f1dff6f964/mods}, reader: mod manifest]
[20Jul2026 16:47:32.395] [main/DEBUG] [net.neoforged.fml.loading.moddiscovery.readers.JarModsDotTomlModFileReader/SCAN]: Found META-INF/neoforge.mods.toml mod of type null: /var/opt/minecraft/crafty/crafty-4/servers/f208f13f-03b8-42f4-b07e-02f1dff6f964/mods/aileron-1.21.1-neoforge-1.1.4.jar
[20Jul2026 16:47:32.395] [main/DEBUG] [net.neoforged.fml.loading.moddiscovery.ModFileParser/LOADING]: Considering mod file candidate /var/opt/minecraft/crafty/crafty-4/servers/f208f13f-03b8-42f4-b07e-02f1dff6f964/mods/aileron-1.21.1-neoforge-1.1.4.jar
[20Jul2026 16:47:32.396] [main/DEBUG] [net.neoforged.fml.loading.moddiscovery.ModFileInfo/LOADING]: Found valid mod file aileron-1.21.1-neoforge-1.1.4.jar with {aileron} mods - versions {1.21.1-neoforge-1.1.4}
[20Jul2026 16:47:32.396] [main/INFO] [net.neoforged.fml.loading.moddiscovery.ModDiscoverer/SCAN]: Found mod file "aileron-1.21.1-neoforge-1.1.4.jar" [locator: {mods folder locator at /var/opt/minecraft/crafty/crafty-4/servers/f208f13f-03b8-42f4-b07e-02f1dff6f964/mods}, reader: mod manifest]
[20Jul2026 16:47:32.396] [main/DEBUG] [net.neoforged.fml.loading.moddiscovery.readers.JarModsDotTomlModFileReader/SCAN]: Found META-INF/neoforge.mods.toml mod of type null: /var/opt/minecraft/crafty/crafty-4/servers/f208f13f-03b8-42f4-b07e-02f1dff6f964/mods/alloyed-3.0.7+1.21.1-neoforge.jar
[20Jul2026 16:47:32.396] [main/DEBUG] [net.neoforged.fml.loading.moddiscovery.ModFileParser/LOADING]: Considering mod file candidate /var/opt/minecraft/crafty/crafty-4/servers/f208f13f-03b8-42f4-b07e-02f1dff6f964/mods/alloyed-3.0.7+1.21.1-neoforge.jar
[20Jul2026 16:47:32.397] [main/DEBUG] [net.neoforged.fml.loading.moddiscovery.ModFileInfo/LOADING]: Found valid mod file alloyed-3.0.7+1.21.1-neoforge.jar with {alloyed} mods - versions {3.0.7+1.21.1}
[20Jul2026 16:47:32.397] [main/INFO] [net.neoforged.fml.loading.moddiscovery.ModDiscoverer/SCAN]: Found mod file "alloyed-3.0.7+1.21.1-neoforge.jar" [locator: {mods folder locator at /var/opt/minecraft/crafty/crafty-4/servers/f208f13f-03b8-42f4-b07e-02f1dff6f964/mods}, reader: mod manifest]
[20Jul2026 16:47:32.397] [main/DEBUG] [net.neoforged.fml.loading.moddiscovery.readers.JarModsDotTomlModFileReader/SCAN]: Found META-INF/neoforge.mods.toml mod of type null: /var/opt/minecraft/crafty/crafty-4/servers/f208f13f-03b8-42f4-b07e-02f1dff6f964/mods/Almanac-1.21.1-2-neoforge-1.5.2.jar
[20Jul2026 16:47:32.397] [main/DEBUG] [net.neoforged.fml.loading.moddiscovery.ModFileParser/LOADING]: Considering mod file candidate /var/opt/minecraft/crafty/crafty-4/servers/f208f13f-03b8-42f4-b07e-02f1dff6f964/mods/Almanac-1.21.1-2-neoforge-1.5.2.jar
[20Jul2026 16:47:32.398] [main/DEBUG] [net.neoforged.fml.loading.moddiscovery.ModFileInfo/LOADING]: Found valid mod file Almanac-1.21.1-2-neoforge-1.5.2.jar with {almanac} mods - versions {1.5.2}
[20Jul2026 16:47:32.398] [main/INFO] [net.neoforged.fml.loading.moddiscovery.ModDiscoverer/SCAN]: Found mod file "Almanac-1.21.1-2-neoforge-1.5.2.jar" [locator: {mods folder locator at /var/opt/minecraft/crafty/crafty-4/servers/f208f13f-03b8-42f4-b07e-02f1dff6f964/mods}, reader: mod manifest]
[20Jul2026 16:47:32.398] [main/DEBUG] [net.neoforged.fml.loading.moddiscovery.readers.JarModsDotTomlModFileReader/SCAN]: Found META-INF/neoforge.mods.toml mod of type null: /var/opt/minecraft/crafty/crafty-4/servers/f208f13f-03b8-42f4-b07e-02f1dff6f964/mods/alternate_current-mc1.21-1.9.0.jar
[20Jul2026 16:47:32.398] [main/DEBUG] [net.neoforged.fml.loading.moddiscovery.ModFileParser/LOADING]: Considering mod file candidate /var/opt/minecraft/crafty/crafty-4/servers/f208f13f-03b8-42f4-b07e-02f1dff6f964/mods/alternate_current-mc1.21-1.9.0.jar
[20Jul2026 16:47:32.400] [main/DEBUG] [net.neoforged.fml.loading.moddiscovery.ModFileInfo/LOADING]: Found valid mod file alternate_current-mc1.21-1.9.0.jar with {alternate_current} mods - versions {1.9.0}
[20Jul2026 16:47:32.400] [main/INFO] [net.neoforged.fml.loading.moddiscovery.ModDiscoverer/SCAN]: Found mod file "alternate_current-mc1.21-1.9.0.jar" [locator: {mods folder locator at /var/opt/minecraft/crafty/crafty-4/servers/f208f13f-03b8-42f4-b07e-02f1dff6f964/mods}, reader: mod manifest]
[20Jul2026 16:47:32.400] [main/DEBUG] [net.neoforged.fml.loading.moddiscovery.readers.JarModsDotTomlModFileReader/SCAN]: Found META-INF/neoforge.mods.toml mod of type null: /var/opt/minecraft/crafty/crafty-4/servers/f208f13f-03b8-42f4-b07e-02f1dff6f964/mods/amendments-1.21-2.0.15-neoforge.jar
[20Jul2026 16:47:32.400] [main/DEBUG] [net.neoforged.fml.loading.moddiscovery.ModFileParser/LOADING]: Considering mod file candidate /var/opt/minecraft/crafty/crafty-4/servers/f208f13f-03b8-42f4-b07e-02f1dff6f964/mods/amendments-1.21-2.0.15-neoforge.jar
[20Jul2026 16:47:32.401] [main/DEBUG] [net.neoforged.fml.loading.moddiscovery.ModFileInfo/LOADING]: Found valid mod file amendments-1.21-2.0.15-neoforge.jar with {amendments} mods - versions {1.21-2.0.15}
[20Jul2026 16:47:32.401] [main/INFO] [net.neoforged.fml.loading.moddiscovery.ModDiscoverer/SCAN]: Found mod file "amendments-1.21-2.0.15-neoforge.jar" [locator: {mods folder locator at /var/opt/minecraft/crafty/crafty-4/servers/f208f13f-03b8-42f4-b07e-02f1dff6f964/mods}, reader: mod manifest]
[20Jul2026 16:47:32.402] [main/DEBUG] [net.neoforged.fml.loading.moddiscovery.readers.JarModsDotTomlModFileReader/SCAN]: Found META-INF/neoforge.mods.toml mod of type null: /var/opt/minecraft/crafty/crafty-4/servers/f208f13f-03b8-42f4-b07e-02f1dff6f964/mods/another_furniture-neoforge-4.0.2.jar
[20Jul2026 16:47:32.402] [main/DEBUG] [net.neoforged.fml.loading.moddiscovery.ModFileParser/LOADING]: Considering mod file candidate /var/opt/minecraft/crafty/crafty-4/servers/f208f13f-03b8-42f4-b07e-02f1dff6f964/mods/another_furniture-neoforge-4.0.2.jar
[20Jul2026 16:47:32.403] [main/DEBUG] [net.neoforged.fml.loading.moddiscovery.ModFileInfo/LOADING]: Found valid mod file another_furniture-neoforge-4.0.2.jar with {another_furniture} mods - versions {4.0.2}
[20Jul2026 16:47:32.403] [main/INFO] [net.neoforged.fml.loading.moddiscovery.ModDiscoverer/SCAN]: Found mod file "another_furniture-neoforge-4.0.2.jar" [locator: {mods folder locator at /var/opt/minecraft/crafty/crafty-4/servers/f208f13f-03b8-42f4-b07e-02f1dff6f964/mods}, reader: mod manifest]
[20Jul2026 16:47:32.403] [main/DEBUG] [net.neoforged.fml.loading.moddiscovery.readers.JarModsDotTomlModFileReader/SCAN]: Found META-INF/neoforge.mods.toml mod of type null: /var/opt/minecraft/crafty/crafty-4/servers/f208f13f-03b8-42f4-b07e-02f1dff6f964/mods/appleskin-neoforge-mc1.21-3.0.9.jar
[20Jul2026 16:47:32.403] [main/DEBUG] [net.neoforged.fml.loading.moddiscovery.ModFileParser/LOADING]: Considering mod file candidate /var/opt/minecraft/crafty/crafty-4/servers/f208f13f-03b8-42f4-b07e-02f1dff6f964/mods/appleskin-neoforge-mc1.21-3.0.9.jar
[20Jul2026 16:47:32.404] [main/DEBUG] [net.neoforged.fml.loading.moddiscovery.ModFileInfo/LOADING]: Found valid mod file appleskin-neoforge-mc1.21-3.0.9.jar with {appleskin} mods - versions {3.0.9+mc1.21}
[20Jul2026 16:47:32.404] [main/INFO] [net.neoforged.fml.loading.moddiscovery.ModDiscoverer/SCAN]: Found mod file "appleskin-neoforge-mc1.21-3.0.9.jar" [locator: {mods folder locator at /var/opt/minecraft/crafty/crafty-4/servers/f208f13f-03b8-42f4-b07e-02f1dff6f964/mods}, reader: mod manifest]
[20Jul2026 16:47:32.404] [main/DEBUG] [net.neoforged.fml.loading.moddiscovery.readers.JarModsDotTomlModFileReader/SCAN]: Found META-INF/neoforge.mods.toml mod of type null: /var/opt/minecraft/crafty/crafty-4/servers/f208f13f-03b8-42f4-b07e-02f1dff6f964/mods/architectury-13.0.8-neoforge.jar
[20Jul2026 16:47:32.404] [main/DEBUG] [net.neoforged.fml.loading.moddiscovery.ModFileParser/LOADING]: Considering mod file candidate /var/opt/minecraft/crafty/crafty-4/servers/f208f13f-03b8-42f4-b07e-02f1dff6f964/mods/architectury-13.0.8-neoforge.jar
[20Jul2026 16:47:32.405] [main/DEBUG] [net.neoforged.fml.loading.moddiscovery.ModFileInfo/LOADING]: Found valid mod file architectury-13.0.8-neoforge.jar with {architectury} mods - versions {13.0.8}
[20Jul2026 16:47:32.405] [main/INFO] [net.neoforged.fml.loading.moddiscovery.ModDiscoverer/SCAN]: Found mod file "architectury-13.0.8-neoforge.jar" [locator: {mods folder locator at /var/opt/minecraft/crafty/crafty-4/servers/f208f13f-03b8-42f4-b07e-02f1dff6f964/mods}, reader: mod manifest]
[20Jul2026 16:47:32.406] [main/DEBUG] [net.neoforged.fml.loading.moddiscovery.readers.JarModsDotTomlModFileReader/SCAN]: Found META-INF/neoforge.mods.toml mod of type null: /var/opt/minecraft/crafty/crafty-4/servers/f208f13f-03b8-42f4-b07e-02f1dff6f964/mods/ArmorStatues-v21.1.0-1.21.1-NeoForge.jar
[20Jul2026 16:47:32.406] [main/DEBUG] [net.neoforged.fml.loading.moddiscovery.ModFileParser/LOADING]: Considering mod file candidate /var/opt/minecraft/crafty/crafty-4/servers/f208f13f-03b8-42f4-b07e-02f1dff6f964/mods/ArmorStatues-v21.1.0-1.21.1-NeoForge.jar
[20Jul2026 16:47:32.407] [main/DEBUG] [net.neoforged.fml.loading.moddiscovery.ModFileInfo/LOADING]: Found valid mod file ArmorStatues-v21.1.0-1.21.1-NeoForge.jar with {armorstatues} mods - versions {21.1.0}
[20Jul2026 16:47:32.407] [main/INFO] [net.neoforged.fml.loading.moddiscovery.ModDiscoverer/SCAN]: Found mod file "ArmorStatues-v21.1.0-1.21.1-NeoForge.jar" [locator: {mods folder locator at /var/opt/minecraft/crafty/crafty-4/servers/f208f13f-03b8-42f4-b07e-02f1dff6f964/mods}, reader: mod manifest]
[20Jul2026 16:47:32.407] [main/DEBUG] [net.neoforged.fml.loading.moddiscovery.ModDiscoverer/]: Skipping /var/opt/minecraft/crafty/crafty-4/servers/f208f13f-03b8-42f4-b07e-02f1dff6f964/mods/asynclogger-1.1.4+1.21.1-neoforge.jar because it was already located earlier
[20Jul2026 16:47:32.408] [main/DEBUG] [net.neoforged.fml.loading.moddiscovery.readers.JarModsDotTomlModFileReader/SCAN]: Found META-INF/neoforge.mods.toml mod of type null: /var/opt/minecraft/crafty/crafty-4/servers/f208f13f-03b8-42f4-b07e-02f1dff6f964/mods/athena-neoforge-1.21.1-4.0.6.jar
[20Jul2026 16:47:32.408] [main/DEBUG] [net.neoforged.fml.loading.moddiscovery.ModFileParser/LOADING]: Considering mod file candidate /var/opt/minecraft/crafty/crafty-4/servers/f208f13f-03b8-42f4-b07e-02f1dff6f964/mods/athena-neoforge-1.21.1-4.0.6.jar
[20Jul2026 16:47:32.409] [main/DEBUG] [net.neoforged.fml.loading.moddiscovery.ModFileInfo/LOADING]: Found valid mod file athena-neoforge-1.21.1-4.0.6.jar with {athena} mods - versions {4.0.6}
[20Jul2026 16:47:32.409] [main/INFO] [net.neoforged.fml.loading.moddiscovery.ModDiscoverer/SCAN]: Found mod file "athena-neoforge-1.21.1-4.0.6.jar" [locator: {mods folder locator at /var/opt/minecraft/crafty/crafty-4/servers/f208f13f-03b8-42f4-b07e-02f1dff6f964/mods}, reader: mod manifest]
[20Jul2026 16:47:32.409] [main/DEBUG] [net.neoforged.fml.loading.moddiscovery.ModDiscoverer/]: Skipping /var/opt/minecraft/crafty/crafty-4/servers/f208f13f-03b8-42f4-b07e-02f1dff6f964/mods/automodpack-mc1.21.1-neoforge-4.0.5.jar because it was already located earlier
[20Jul2026 16:47:32.410] [main/DEBUG] [net.neoforged.fml.loading.moddiscovery.readers.JarModsDotTomlModFileReader/SCAN]: Found META-INF/neoforge.mods.toml mod of type null: /var/opt/minecraft/crafty/crafty-4/servers/f208f13f-03b8-42f4-b07e-02f1dff6f964/mods/AxesAreWeapons-1.10.2-neoforge-1.21.jar
[20Jul2026 16:47:32.410] [main/DEBUG] [net.neoforged.fml.loading.moddiscovery.ModFileParser/LOADING]: Considering mod file candidate /var/opt/minecraft/crafty/crafty-4/servers/f208f13f-03b8-42f4-b07e-02f1dff6f964/mods/AxesAreWeapons-1.10.2-neoforge-1.21.jar
[20Jul2026 16:47:32.412] [main/DEBUG] [net.neoforged.fml.loading.moddiscovery.ModFileInfo/LOADING]: Found valid mod file AxesAreWeapons-1.10.2-neoforge-1.21.jar with {axesareweapons} mods - versions {1.10.2}
[20Jul2026 16:47:32.412] [main/INFO] [net.neoforged.fml.loading.moddiscovery.ModDiscoverer/SCAN]: Found mod file "AxesAreWeapons-1.10.2-neoforge-1.21.jar" [locator: {mods folder locator at /var/opt/minecraft/crafty/crafty-4/servers/f208f13f-03b8-42f4-b07e-02f1dff6f964/mods}, reader: mod manifest]
[20Jul2026 16:47:32.412] [main/DEBUG] [net.neoforged.fml.loading.moddiscovery.readers.JarModsDotTomlModFileReader/SCAN]: Found META-INF/neoforge.mods.toml mod of type null: /var/opt/minecraft/crafty/crafty-4/servers/f208f13f-03b8-42f4-b07e-02f1dff6f964/mods/ballastmod-0.1.0.jar
[20Jul2026 16:47:32.412] [main/DEBUG] [net.neoforged.fml.loading.moddiscovery.ModFileParser/LOADING]: Considering mod file candidate /var/opt/minecraft/crafty/crafty-4/servers/f208f13f-03b8-42f4-b07e-02f1dff6f964/mods/ballastmod-0.1.0.jar
[20Jul2026 16:47:32.414] [main/DEBUG] [net.neoforged.fml.loading.moddiscovery.ModFileInfo/LOADING]: Found valid mod file ballastmod-0.1.0.jar with {ballastmod} mods - versions {0.1.0}
[20Jul2026 16:47:32.414] [main/INFO] [net.neoforged.fml.loading.moddiscovery.ModDiscoverer/SCAN]: Found mod file "ballastmod-0.1.0.jar" [locator: {mods folder locator at /var/opt/minecraft/crafty/crafty-4/servers/f208f13f-03b8-42f4-b07e-02f1dff6f964/mods}, reader: mod manifest]
[20Jul2026 16:47:32.414] [main/DEBUG] [net.neoforged.fml.loading.moddiscovery.readers.JarModsDotTomlModFileReader/SCAN]: Found META-INF/neoforge.mods.toml mod of type null: /var/opt/minecraft/crafty/crafty-4/servers/f208f13f-03b8-42f4-b07e-02f1dff6f964/mods/balm-neoforge-1.21.1-21.0.58.jar
[20Jul2026 16:47:32.414] [main/DEBUG] [net.neoforged.fml.loading.moddiscovery.ModFileParser/LOADING]: Considering mod file candidate /var/opt/minecraft/crafty/crafty-4/servers/f208f13f-03b8-42f4-b07e-02f1dff6f964/mods/balm-neoforge-1.21.1-21.0.58.jar
[20Jul2026 16:47:32.415] [main/DEBUG] [net.neoforged.fml.loading.moddiscovery.ModFileInfo/LOADING]: Found valid mod file balm-neoforge-1.21.1-21.0.58.jar with {balm} mods - versions {21.0.58}
[20Jul2026 16:47:32.415] [main/INFO] [net.neoforged.fml.loading.moddiscovery.ModDiscoverer/SCAN]: Found mod file "balm-neoforge-1.21.1-21.0.58.jar" [locator: {mods folder locator at /var/opt/minecraft/crafty/crafty-4/servers/f208f13f-03b8-42f4-b07e-02f1dff6f964/mods}, reader: mod manifest]
[20Jul2026 16:47:32.415] [main/DEBUG] [net.neoforged.fml.loading.moddiscovery.readers.JarModsDotTomlModFileReader/SCAN]: Found META-INF/neoforge.mods.toml mod of type null: /var/opt/minecraft/crafty/crafty-4/servers/f208f13f-03b8-42f4-b07e-02f1dff6f964/mods/bellsandwhistles-0.4.7-1.21.1.jar
[20Jul2026 16:47:32.415] [main/DEBUG] [net.neoforged.fml.loading.moddiscovery.ModFileParser/LOADING]: Considering mod file candidate /var/opt/minecraft/crafty/crafty-4/servers/f208f13f-03b8-42f4-b07e-02f1dff6f964/mods/bellsandwhistles-0.4.7-1.21.1.jar
[20Jul2026 16:47:32.416] [main/DEBUG] [net.neoforged.fml.loading.moddiscovery.ModFileInfo/LOADING]: Found valid mod file bellsandwhistles-0.4.7-1.21.1.jar with {bellsandwhistles} mods - versions {0.4.7-1.21.1}
[20Jul2026 16:47:32.417] [main/INFO] [net.neoforged.fml.loading.moddiscovery.ModDiscoverer/SCAN]: Found mod file "bellsandwhistles-0.4.7-1.21.1.jar" [locator: {mods folder locator at /var/opt/minecraft/crafty/crafty-4/servers/f208f13f-03b8-42f4-b07e-02f1dff6f964/mods}, reader: mod manifest]
[20Jul2026 16:47:32.417] [main/DEBUG] [net.neoforged.fml.loading.moddiscovery.readers.JarModsDotTomlModFileReader/SCAN]: Found META-INF/neoforge.mods.toml mod of type null: /var/opt/minecraft/crafty/crafty-4/servers/f208f13f-03b8-42f4-b07e-02f1dff6f964/mods/better_lib-neoforge-1.21.1-1.0.109.jar
[20Jul2026 16:47:32.417] [main/DEBUG] [net.neoforged.fml.loading.moddiscovery.ModFileParser/LOADING]: Considering mod file candidate /var/opt/minecraft/crafty/crafty-4/servers/f208f13f-03b8-42f4-b07e-02f1dff6f964/mods/better_lib-neoforge-1.21.1-1.0.109.jar
[20Jul2026 16:47:32.418] [main/DEBUG] [net.neoforged.fml.loading.moddiscovery.ModFileInfo/LOADING]: Found valid mod file better_lib-neoforge-1.21.1-1.0.109.jar with {better_lib} mods - versions {1.0.109}
[20Jul2026 16:47:32.418] [main/INFO] [net.neoforged.fml.loading.moddiscovery.ModDiscoverer/SCAN]: Found mod file "better_lib-neoforge-1.21.1-1.0.109.jar" [locator: {mods folder locator at /var/opt/minecraft/crafty/crafty-4/servers/f208f13f-03b8-42f4-b07e-02f1dff6f964/mods}, reader: mod manifest]
[20Jul2026 16:47:32.418] [main/DEBUG] [net.neoforged.fml.loading.moddiscovery.readers.JarModsDotTomlModFileReader/SCAN]: Found META-INF/neoforge.mods.toml mod of type null: /var/opt/minecraft/crafty/crafty-4/servers/f208f13f-03b8-42f4-b07e-02f1dff6f964/mods/bits_n_bobs-0.0.44.jar
[20Jul2026 16:47:32.418] [main/DEBUG] [net.neoforged.fml.loading.moddiscovery.ModFileParser/LOADING]: Considering mod file candidate /var/opt/minecraft/crafty/crafty-4/servers/f208f13f-03b8-42f4-b07e-02f1dff6f964/mods/bits_n_bobs-0.0.44.jar
[20Jul2026 16:47:32.419] [main/DEBUG] [net.neoforged.fml.loading.moddiscovery.ModFileInfo/LOADING]: Found valid mod file bits_n_bobs-0.0.44.jar with {bits_n_bobs} mods - versions {0.0.44}
[20Jul2026 16:47:32.419] [main/INFO] [net.neoforged.fml.loading.moddiscovery.ModDiscoverer/SCAN]: Found mod file "bits_n_bobs-0.0.44.jar" [locator: {mods folder locator at /var/opt/minecraft/crafty/crafty-4/servers/f208f13f-03b8-42f4-b07e-02f1dff6f964/mods}, reader: mod manifest]
[20Jul2026 16:47:32.420] [main/DEBUG] [net.neoforged.fml.loading.moddiscovery.readers.JarModsDotTomlModFileReader/SCAN]: Found META-INF/neoforge.mods.toml mod of type null: /var/opt/minecraft/crafty/crafty-4/servers/f208f13f-03b8-42f4-b07e-02f1dff6f964/mods/bookshelf-neoforge-1.21.1-21.1.81.jar
[20Jul2026 16:47:32.420] [main/DEBUG] [net.neoforged.fml.loading.moddiscovery.ModFileParser/LOADING]: Considering mod file candidate /var/opt/minecraft/crafty/crafty-4/servers/f208f13f-03b8-42f4-b07e-02f1dff6f964/mods/bookshelf-neoforge-1.21.1-21.1.81.jar
[20Jul2026 16:47:32.420] [main/DEBUG] [net.neoforged.fml.loading.moddiscovery.ModFileInfo/LOADING]: Found valid mod file bookshelf-neoforge-1.21.1-21.1.81.jar with {bookshelf} mods - versions {21.1.81}
[20Jul2026 16:47:32.420] [main/INFO] [net.neoforged.fml.loading.moddiscovery.ModDiscoverer/SCAN]: Found mod file "bookshelf-neoforge-1.21.1-21.1.81.jar" [locator: {mods folder locator at /var/opt/minecraft/crafty/crafty-4/servers/f208f13f-03b8-42f4-b07e-02f1dff6f964/mods}, reader: mod manifest]
[20Jul2026 16:47:32.420] [main/DEBUG] [net.neoforged.fml.loading.moddiscovery.readers.JarModsDotTomlModFileReader/SCAN]: Found META-INF/neoforge.mods.toml mod of type null: /var/opt/minecraft/crafty/crafty-4/servers/f208f13f-03b8-42f4-b07e-02f1dff6f964/mods/bountiful-neoforge-8.0.0-beta.2.jar
[20Jul2026 16:47:32.421] [main/DEBUG] [net.neoforged.fml.loading.moddiscovery.ModFileParser/LOADING]: Considering mod file candidate /var/opt/minecraft/crafty/crafty-4/servers/f208f13f-03b8-42f4-b07e-02f1dff6f964/mods/bountiful-neoforge-8.0.0-beta.2.jar
[20Jul2026 16:47:32.421] [main/DEBUG] [net.neoforged.fml.loading.moddiscovery.ModFileInfo/LOADING]: Found valid mod file bountiful-neoforge-8.0.0-beta.2.jar with {bountiful} mods - versions {8.0.0-beta.2}
[20Jul2026 16:47:32.421] [main/INFO] [net.neoforged.fml.loading.moddiscovery.ModDiscoverer/SCAN]: Found mod file "bountiful-neoforge-8.0.0-beta.2.jar" [locator: {mods folder locator at /var/opt/minecraft/crafty/crafty-4/servers/f208f13f-03b8-42f4-b07e-02f1dff6f964/mods}, reader: mod manifest]
[20Jul2026 16:47:32.421] [main/DEBUG] [net.neoforged.fml.loading.moddiscovery.readers.JarModsDotTomlModFileReader/SCAN]: Found META-INF/neoforge.mods.toml mod of type null: /var/opt/minecraft/crafty/crafty-4/servers/f208f13f-03b8-42f4-b07e-02f1dff6f964/mods/c2me-neoforge-mc1.21.1-0.3.0+alpha.0.93.jar
[20Jul2026 16:47:32.421] [main/DEBUG] [net.neoforged.fml.loading.moddiscovery.ModFileParser/LOADING]: Considering mod file candidate /var/opt/minecraft/crafty/crafty-4/servers/f208f13f-03b8-42f4-b07e-02f1dff6f964/mods/c2me-neoforge-mc1.21.1-0.3.0+alpha.0.93.jar
[20Jul2026 16:47:32.422] [main/DEBUG] [net.neoforged.fml.loading.moddiscovery.ModFileInfo/LOADING]: Found valid mod file c2me-neoforge-mc1.21.1-0.3.0+alpha.0.93.jar with {c2me} mods - versions {0.3.0+alpha.0.93+1.21.1}
[20Jul2026 16:47:32.422] [main/INFO] [net.neoforged.fml.loading.moddiscovery.ModDiscoverer/SCAN]: Found mod file "c2me-neoforge-mc1.21.1-0.3.0+alpha.0.93.jar" [locator: {mods folder locator at /var/opt/minecraft/crafty/crafty-4/servers/f208f13f-03b8-42f4-b07e-02f1dff6f964/mods}, reader: mod manifest]
[20Jul2026 16:47:32.422] [main/DEBUG] [net.neoforged.fml.loading.moddiscovery.readers.JarModsDotTomlModFileReader/SCAN]: Found META-INF/neoforge.mods.toml mod of type null: /var/opt/minecraft/crafty/crafty-4/servers/f208f13f-03b8-42f4-b07e-02f1dff6f964/mods/cerulean-neoforge-1.0.0-1.21.1.jar
[20Jul2026 16:47:32.422] [main/DEBUG] [net.neoforged.fml.loading.moddiscovery.ModFileParser/LOADING]: Considering mod file candidate /var/opt/minecraft/crafty/crafty-4/servers/f208f13f-03b8-42f4-b07e-02f1dff6f964/mods/cerulean-neoforge-1.0.0-1.21.1.jar
[20Jul2026 16:47:32.423] [main/DEBUG] [net.neoforged.fml.loading.moddiscovery.ModFileInfo/LOADING]: Found valid mod file cerulean-neoforge-1.0.0-1.21.1.jar with {cerulean} mods - versions {1.0.0}
[20Jul2026 16:47:32.423] [main/INFO] [net.neoforged.fml.loading.moddiscovery.ModDiscoverer/SCAN]: Found mod file "cerulean-neoforge-1.0.0-1.21.1.jar" [locator: {mods folder locator at /var/opt/minecraft/crafty/crafty-4/servers/f208f13f-03b8-42f4-b07e-02f1dff6f964/mods}, reader: mod manifest]
[20Jul2026 16:47:32.423] [main/DEBUG] [net.neoforged.fml.loading.moddiscovery.readers.JarModsDotTomlModFileReader/SCAN]: Found META-INF/neoforge.mods.toml mod of type null: /var/opt/minecraft/crafty/crafty-4/servers/f208f13f-03b8-42f4-b07e-02f1dff6f964/mods/chefsdelight-1.0.5-neoforge-1.21.1.jar
[20Jul2026 16:47:32.423] [main/DEBUG] [net.neoforged.fml.loading.moddiscovery.ModFileParser/LOADING]: Considering mod file candidate /var/opt/minecraft/crafty/crafty-4/servers/f208f13f-03b8-42f4-b07e-02f1dff6f964/mods/chefsdelight-1.0.5-neoforge-1.21.1.jar
[20Jul2026 16:47:32.424] [main/DEBUG] [net.neoforged.fml.loading.moddiscovery.ModFileInfo/LOADING]: Found valid mod file chefsdelight-1.0.5-neoforge-1.21.1.jar with {chefsdelight} mods - versions {1.0.5}
[20Jul2026 16:47:32.424] [main/INFO] [net.neoforged.fml.loading.moddiscovery.ModDiscoverer/SCAN]: Found mod file "chefsdelight-1.0.5-neoforge-1.21.1.jar" [locator: {mods folder locator at /var/opt/minecraft/crafty/crafty-4/servers/f208f13f-03b8-42f4-b07e-02f1dff6f964/mods}, reader: mod manifest]
[20Jul2026 16:47:32.433] [main/DEBUG] [net.neoforged.fml.loading.moddiscovery.readers.JarModsDotTomlModFileReader/SCAN]: Found META-INF/neoforge.mods.toml mod of type null: /var/opt/minecraft/crafty/crafty-4/servers/f208f13f-03b8-42f4-b07e-02f1dff6f964/mods/chipped-neoforge-1.21.1-4.0.2.jar
[20Jul2026 16:47:32.433] [main/DEBUG] [net.neoforged.fml.loading.moddiscovery.ModFileParser/LOADING]: Considering mod file candidate /var/opt/minecraft/crafty/crafty-4/servers/f208f13f-03b8-42f4-b07e-02f1dff6f964/mods/chipped-neoforge-1.21.1-4.0.2.jar
[20Jul2026 16:47:32.434] [main/DEBUG] [net.neoforged.fml.loading.moddiscovery.ModFileInfo/LOADING]: Found valid mod file chipped-neoforge-1.21.1-4.0.2.jar with {chipped} mods - versions {4.0.2}
[20Jul2026 16:47:32.434] [main/INFO] [net.neoforged.fml.loading.moddiscovery.ModDiscoverer/SCAN]: Found mod file "chipped-neoforge-1.21.1-4.0.2.jar" [locator: {mods folder locator at /var/opt/minecraft/crafty/crafty-4/servers/f208f13f-03b8-42f4-b07e-02f1dff6f964/mods}, reader: mod manifest]
[20Jul2026 16:47:32.435] [main/DEBUG] [net.neoforged.fml.loading.moddiscovery.readers.JarModsDotTomlModFileReader/SCAN]: Found META-INF/neoforge.mods.toml mod of type null: /var/opt/minecraft/crafty/crafty-4/servers/f208f13f-03b8-42f4-b07e-02f1dff6f964/mods/Chunky-NeoForge-1.4.23.jar
[20Jul2026 16:47:32.435] [main/DEBUG] [net.neoforged.fml.loading.moddiscovery.ModFileParser/LOADING]: Considering mod file candidate /var/opt/minecraft/crafty/crafty-4/servers/f208f13f-03b8-42f4-b07e-02f1dff6f964/mods/Chunky-NeoForge-1.4.23.jar
[20Jul2026 16:47:32.436] [main/DEBUG] [net.neoforged.fml.loading.moddiscovery.ModFileInfo/LOADING]: Found valid mod file Chunky-NeoForge-1.4.23.jar with {chunky} mods - versions {1.4.23}
[20Jul2026 16:47:32.436] [main/INFO] [net.neoforged.fml.loading.moddiscovery.ModDiscoverer/SCAN]: Found mod file "Chunky-NeoForge-1.4.23.jar" [locator: {mods folder locator at /var/opt/minecraft/crafty/crafty-4/servers/f208f13f-03b8-42f4-b07e-02f1dff6f964/mods}, reader: mod manifest]
[20Jul2026 16:47:32.436] [main/DEBUG] [net.neoforged.fml.loading.moddiscovery.readers.JarModsDotTomlModFileReader/SCAN]: Found META-INF/neoforge.mods.toml mod of type null: /var/opt/minecraft/crafty/crafty-4/servers/f208f13f-03b8-42f4-b07e-02f1dff6f964/mods/cloth-config-15.0.140-neoforge.jar
[20Jul2026 16:47:32.436] [main/DEBUG] [net.neoforged.fml.loading.moddiscovery.ModFileParser/LOADING]: Considering mod file candidate /var/opt/minecraft/crafty/crafty-4/servers/f208f13f-03b8-42f4-b07e-02f1dff6f964/mods/cloth-config-15.0.140-neoforge.jar
[20Jul2026 16:47:32.436] [main/DEBUG] [net.neoforged.fml.loading.moddiscovery.ModFileInfo/LOADING]: Found valid mod file cloth-config-15.0.140-neoforge.jar with {cloth_config} mods - versions {15.0.140}
[20Jul2026 16:47:32.436] [main/INFO] [net.neoforged.fml.loading.moddiscovery.ModDiscoverer/SCAN]: Found mod file "cloth-config-15.0.140-neoforge.jar" [locator: {mods folder locator at /var/opt/minecraft/crafty/crafty-4/servers/f208f13f-03b8-42f4-b07e-02f1dff6f964/mods}, reader: mod manifest]
[20Jul2026 16:47:32.437] [main/DEBUG] [net.neoforged.fml.loading.moddiscovery.readers.JarModsDotTomlModFileReader/SCAN]: Found META-INF/neoforge.mods.toml mod of type null: /var/opt/minecraft/crafty/crafty-4/servers/f208f13f-03b8-42f4-b07e-02f1dff6f964/mods/collective-1.21.1-8.25.jar
[20Jul2026 16:47:32.437] [main/DEBUG] [net.neoforged.fml.loading.moddiscovery.ModFileParser/LOADING]: Considering mod file candidate /var/opt/minecraft/crafty/crafty-4/servers/f208f13f-03b8-42f4-b07e-02f1dff6f964/mods/collective-1.21.1-8.25.jar
[20Jul2026 16:47:32.438] [main/DEBUG] [net.neoforged.fml.loading.moddiscovery.ModFileInfo/LOADING]: Found valid mod file collective-1.21.1-8.25.jar with {collective} mods - versions {8.25}
[20Jul2026 16:47:32.438] [main/INFO] [net.neoforged.fml.loading.moddiscovery.ModDiscoverer/SCAN]: Found mod file "collective-1.21.1-8.25.jar" [locator: {mods folder locator at /var/opt/minecraft/crafty/crafty-4/servers/f208f13f-03b8-42f4-b07e-02f1dff6f964/mods}, reader: mod manifest]
[20Jul2026 16:47:32.438] [main/DEBUG] [net.neoforged.fml.loading.moddiscovery.readers.JarModsDotTomlModFileReader/SCAN]: Found META-INF/neoforge.mods.toml mod of type null: /var/opt/minecraft/crafty/crafty-4/servers/f208f13f-03b8-42f4-b07e-02f1dff6f964/mods/Companion-1.21.1-NeoForge-6.2.1.jar
[20Jul2026 16:47:32.438] [main/DEBUG] [net.neoforged.fml.loading.moddiscovery.ModFileParser/LOADING]: Considering mod file candidate /var/opt/minecraft/crafty/crafty-4/servers/f208f13f-03b8-42f4-b07e-02f1dff6f964/mods/Companion-1.21.1-NeoForge-6.2.1.jar
[20Jul2026 16:47:32.438] [main/DEBUG] [net.neoforged.fml.loading.moddiscovery.ModFileInfo/LOADING]: Found valid mod file Companion-1.21.1-NeoForge-6.2.1.jar with {companion} mods - versions {0.0NONE}
[20Jul2026 16:47:32.439] [main/INFO] [net.neoforged.fml.loading.moddiscovery.ModDiscoverer/SCAN]: Found mod file "Companion-1.21.1-NeoForge-6.2.1.jar" [locator: {mods folder locator at /var/opt/minecraft/crafty/crafty-4/servers/f208f13f-03b8-42f4-b07e-02f1dff6f964/mods}, reader: mod manifest]
[20Jul2026 16:47:32.439] [main/DEBUG] [net.neoforged.fml.loading.moddiscovery.readers.JarModsDotTomlModFileReader/SCAN]: Found META-INF/neoforge.mods.toml mod of type LIBRARY: /var/opt/minecraft/crafty/crafty-4/servers/f208f13f-03b8-42f4-b07e-02f1dff6f964/mods/ConfiguredDefaults-v21.1.3-1.21.1-NeoForge.jar
[20Jul2026 16:47:32.439] [main/DEBUG] [net.neoforged.fml.loading.moddiscovery.ModFileParser/LOADING]: Considering mod file candidate /var/opt/minecraft/crafty/crafty-4/servers/f208f13f-03b8-42f4-b07e-02f1dff6f964/mods/ConfiguredDefaults-v21.1.3-1.21.1-NeoForge.jar
[20Jul2026 16:47:32.439] [main/DEBUG] [net.neoforged.fml.loading.moddiscovery.ModFileInfo/LOADING]: Found valid mod file ConfiguredDefaults-v21.1.3-1.21.1-NeoForge.jar with {configureddefaults} mods - versions {21.1.3}
[20Jul2026 16:47:32.439] [main/INFO] [net.neoforged.fml.loading.moddiscovery.ModDiscoverer/SCAN]: Found library file "ConfiguredDefaults-v21.1.3-1.21.1-NeoForge.jar" [locator: {mods folder locator at /var/opt/minecraft/crafty/crafty-4/servers/f208f13f-03b8-42f4-b07e-02f1dff6f964/mods}, reader: mod manifest]
[20Jul2026 16:47:32.440] [main/DEBUG] [net.neoforged.fml.loading.moddiscovery.readers.JarModsDotTomlModFileReader/SCAN]: Found META-INF/neoforge.mods.toml mod of type null: /var/opt/minecraft/crafty/crafty-4/servers/f208f13f-03b8-42f4-b07e-02f1dff6f964/mods/connectiblechains-neoforge-1.21.1-2.1.0.jar
[20Jul2026 16:47:32.440] [main/DEBUG] [net.neoforged.fml.loading.moddiscovery.ModFileParser/LOADING]: Considering mod file candidate /var/opt/minecraft/crafty/crafty-4/servers/f208f13f-03b8-42f4-b07e-02f1dff6f964/mods/connectiblechains-neoforge-1.21.1-2.1.0.jar
[20Jul2026 16:47:32.440] [main/DEBUG] [net.neoforged.fml.loading.moddiscovery.ModFileInfo/LOADING]: Found valid mod file connectiblechains-neoforge-1.21.1-2.1.0.jar with {connectiblechains} mods - versions {2.1.0}
[20Jul2026 16:47:32.440] [main/INFO] [net.neoforged.fml.loading.moddiscovery.ModDiscoverer/SCAN]: Found mod file "connectiblechains-neoforge-1.21.1-2.1.0.jar" [locator: {mods folder locator at /var/opt/minecraft/crafty/crafty-4/servers/f208f13f-03b8-42f4-b07e-02f1dff6f964/mods}, reader: mod manifest]
[20Jul2026 16:47:32.440] [main/DEBUG] [net.neoforged.fml.loading.moddiscovery.ModDiscoverer/]: Skipping /var/opt/minecraft/crafty/crafty-4/servers/f208f13f-03b8-42f4-b07e-02f1dff6f964/mods/connector-2.0.0-beta.14+1.21.1-full.jar because it was already located earlier
[20Jul2026 16:47:32.441] [main/DEBUG] [net.neoforged.fml.loading.moddiscovery.readers.JarModsDotTomlModFileReader/SCAN]: Found META-INF/neoforge.mods.toml mod of type null: /var/opt/minecraft/crafty/crafty-4/servers/f208f13f-03b8-42f4-b07e-02f1dff6f964/mods/ConnectorExtras-1.12.1+1.21.1.jar
[20Jul2026 16:47:32.441] [main/DEBUG] [net.neoforged.fml.loading.moddiscovery.ModFileParser/LOADING]: Considering mod file candidate /var/opt/minecraft/crafty/crafty-4/servers/f208f13f-03b8-42f4-b07e-02f1dff6f964/mods/ConnectorExtras-1.12.1+1.21.1.jar
[20Jul2026 16:47:32.441] [main/DEBUG] [net.neoforged.fml.loading.moddiscovery.ModFileInfo/LOADING]: Found valid mod file ConnectorExtras-1.12.1+1.21.1.jar with {connectorextras} mods - versions {1.12.1+1.21.1}
[20Jul2026 16:47:32.441] [main/INFO] [net.neoforged.fml.loading.moddiscovery.ModDiscoverer/SCAN]: Found mod file "ConnectorExtras-1.12.1+1.21.1.jar" [locator: {mods folder locator at /var/opt/minecraft/crafty/crafty-4/servers/f208f13f-03b8-42f4-b07e-02f1dff6f964/mods}, reader: mod manifest]
[20Jul2026 16:47:32.442] [main/DEBUG] [net.neoforged.fml.loading.moddiscovery.readers.JarModsDotTomlModFileReader/SCAN]: Found META-INF/neoforge.mods.toml mod of type null: /var/opt/minecraft/crafty/crafty-4/servers/f208f13f-03b8-42f4-b07e-02f1dff6f964/mods/ConsoleFilter-1.21.1-4.0.0-neoforge.jar
[20Jul2026 16:47:32.442] [main/DEBUG] [net.neoforged.fml.loading.moddiscovery.ModFileParser/LOADING]: Considering mod file candidate /var/opt/minecraft/crafty/crafty-4/servers/f208f13f-03b8-42f4-b07e-02f1dff6f964/mods/ConsoleFilter-1.21.1-4.0.0-neoforge.jar
[20Jul2026 16:47:32.442] [main/DEBUG] [net.neoforged.fml.loading.moddiscovery.ModFileInfo/LOADING]: Found valid mod file ConsoleFilter-1.21.1-4.0.0-neoforge.jar with {consolefilter} mods - versions {1.21.1-4.0.0-neoforge}
[20Jul2026 16:47:32.442] [main/INFO] [net.neoforged.fml.loading.moddiscovery.ModDiscoverer/SCAN]: Found mod file "ConsoleFilter-1.21.1-4.0.0-neoforge.jar" [locator: {mods folder locator at /var/opt/minecraft/crafty/crafty-4/servers/f208f13f-03b8-42f4-b07e-02f1dff6f964/mods}, reader: mod manifest]
[20Jul2026 16:47:32.443] [main/DEBUG] [net.neoforged.fml.loading.moddiscovery.readers.JarModsDotTomlModFileReader/SCAN]: Found META-INF/neoforge.mods.toml mod of type null: /var/opt/minecraft/crafty/crafty-4/servers/f208f13f-03b8-42f4-b07e-02f1dff6f964/mods/copycats-3.0.4+mc.1.21.1-neoforge.jar
[20Jul2026 16:47:32.443] [main/DEBUG] [net.neoforged.fml.loading.moddiscovery.ModFileParser/LOADING]: Considering mod file candidate /var/opt/minecraft/crafty/crafty-4/servers/f208f13f-03b8-42f4-b07e-02f1dff6f964/mods/copycats-3.0.4+mc.1.21.1-neoforge.jar
[20Jul2026 16:47:32.443] [main/DEBUG] [net.neoforged.fml.loading.moddiscovery.ModFileInfo/LOADING]: Found valid mod file copycats-3.0.4+mc.1.21.1-neoforge.jar with {copycats} mods - versions {3.0.4+mc.1.21.1-neoforge}
[20Jul2026 16:47:32.443] [main/INFO] [net.neoforged.fml.loading.moddiscovery.ModDiscoverer/SCAN]: Found mod file "copycats-3.0.4+mc.1.21.1-neoforge.jar" [locator: {mods folder locator at /var/opt/minecraft/crafty/crafty-4/servers/f208f13f-03b8-42f4-b07e-02f1dff6f964/mods}, reader: mod manifest]
[20Jul2026 16:47:32.444] [main/DEBUG] [net.neoforged.fml.loading.moddiscovery.readers.JarModsDotTomlModFileReader/SCAN]: Found META-INF/neoforge.mods.toml mod of type null: /var/opt/minecraft/crafty/crafty-4/servers/f208f13f-03b8-42f4-b07e-02f1dff6f964/mods/coroutil-neoforge-1.21.0-1.3.8.jar
[20Jul2026 16:47:32.444] [main/DEBUG] [net.neoforged.fml.loading.moddiscovery.ModFileParser/LOADING]: Considering mod file candidate /var/opt/minecraft/crafty/crafty-4/servers/f208f13f-03b8-42f4-b07e-02f1dff6f964/mods/coroutil-neoforge-1.21.0-1.3.8.jar
[20Jul2026 16:47:32.445] [main/DEBUG] [net.neoforged.fml.loading.moddiscovery.ModFileInfo/LOADING]: Found valid mod file coroutil-neoforge-1.21.0-1.3.8.jar with {coroutil} mods - versions {1.21.0-1.3.8}
[20Jul2026 16:47:32.445] [main/INFO] [net.neoforged.fml.loading.moddiscovery.ModDiscoverer/SCAN]: Found mod file "coroutil-neoforge-1.21.0-1.3.8.jar" [locator: {mods folder locator at /var/opt/minecraft/crafty/crafty-4/servers/f208f13f-03b8-42f4-b07e-02f1dff6f964/mods}, reader: mod manifest]
[20Jul2026 16:47:32.446] [main/DEBUG] [net.neoforged.fml.loading.moddiscovery.readers.JarModsDotTomlModFileReader/SCAN]: Found META-INF/neoforge.mods.toml mod of type null: /var/opt/minecraft/crafty/crafty-4/servers/f208f13f-03b8-42f4-b07e-02f1dff6f964/mods/Create Encased-1.21.1-1.8.1-ht1.jar
[20Jul2026 16:47:32.446] [main/DEBUG] [net.neoforged.fml.loading.moddiscovery.ModFileParser/LOADING]: Considering mod file candidate /var/opt/minecraft/crafty/crafty-4/servers/f208f13f-03b8-42f4-b07e-02f1dff6f964/mods/Create Encased-1.21.1-1.8.1-ht1.jar
[20Jul2026 16:47:32.447] [main/DEBUG] [net.neoforged.fml.loading.moddiscovery.ModFileInfo/LOADING]: Found valid mod file Create Encased-1.21.1-1.8.1-ht1.jar with {createcasing} mods - versions {1.8.1-ht1}
[20Jul2026 16:47:32.447] [main/INFO] [net.neoforged.fml.loading.moddiscovery.ModDiscoverer/SCAN]: Found mod file "Create Encased-1.21.1-1.8.1-ht1.jar" [locator: {mods folder locator at /var/opt/minecraft/crafty/crafty-4/servers/f208f13f-03b8-42f4-b07e-02f1dff6f964/mods}, reader: mod manifest]
[20Jul2026 16:47:32.451] [main/DEBUG] [net.neoforged.fml.loading.moddiscovery.readers.JarModsDotTomlModFileReader/SCAN]: Found META-INF/neoforge.mods.toml mod of type null: /var/opt/minecraft/crafty/crafty-4/servers/f208f13f-03b8-42f4-b07e-02f1dff6f964/mods/create-1.21.1-6.0.10.jar
[20Jul2026 16:47:32.451] [main/DEBUG] [net.neoforged.fml.loading.moddiscovery.ModFileParser/LOADING]: Considering mod file candidate /var/opt/minecraft/crafty/crafty-4/servers/f208f13f-03b8-42f4-b07e-02f1dff6f964/mods/create-1.21.1-6.0.10.jar
[20Jul2026 16:47:32.452] [main/DEBUG] [net.neoforged.fml.loading.moddiscovery.ModFileInfo/LOADING]: Found valid mod file create-1.21.1-6.0.10.jar with {create} mods - versions {6.0.10}
[20Jul2026 16:47:32.452] [main/INFO] [net.neoforged.fml.loading.moddiscovery.ModDiscoverer/SCAN]: Found mod file "create-1.21.1-6.0.10.jar" [locator: {mods folder locator at /var/opt/minecraft/crafty/crafty-4/servers/f208f13f-03b8-42f4-b07e-02f1dff6f964/mods}, reader: mod manifest]
[20Jul2026 16:47:32.452] [main/DEBUG] [net.neoforged.fml.loading.moddiscovery.readers.JarModsDotTomlModFileReader/SCAN]: Found META-INF/neoforge.mods.toml mod of type null: /var/opt/minecraft/crafty/crafty-4/servers/f208f13f-03b8-42f4-b07e-02f1dff6f964/mods/create-aeronautics-bundled-1.21.1-1.3.0.jar
[20Jul2026 16:47:32.452] [main/DEBUG] [net.neoforged.fml.loading.moddiscovery.ModFileParser/LOADING]: Considering mod file candidate /var/opt/minecraft/crafty/crafty-4/servers/f208f13f-03b8-42f4-b07e-02f1dff6f964/mods/create-aeronautics-bundled-1.21.1-1.3.0.jar
[20Jul2026 16:47:32.453] [main/DEBUG] [net.neoforged.fml.loading.moddiscovery.ModFileInfo/LOADING]: Found valid mod file create-aeronautics-bundled-1.21.1-1.3.0.jar with {aeronautics_bundled} mods - versions {1.3.0}
[20Jul2026 16:47:32.453] [main/INFO] [net.neoforged.fml.loading.moddiscovery.ModDiscoverer/SCAN]: Found mod file "create-aeronautics-bundled-1.21.1-1.3.0.jar" [locator: {mods folder locator at /var/opt/minecraft/crafty/crafty-4/servers/f208f13f-03b8-42f4-b07e-02f1dff6f964/mods}, reader: mod manifest]
[20Jul2026 16:47:32.453] [main/DEBUG] [net.neoforged.fml.loading.moddiscovery.readers.JarModsDotTomlModFileReader/SCAN]: Found META-INF/neoforge.mods.toml mod of type null: /var/opt/minecraft/crafty/crafty-4/servers/f208f13f-03b8-42f4-b07e-02f1dff6f964/mods/create-cardboarded-conveynience-1.21.1-neoforge-1.0.0.jar
[20Jul2026 16:47:32.453] [main/DEBUG] [net.neoforged.fml.loading.moddiscovery.ModFileParser/LOADING]: Considering mod file candidate /var/opt/minecraft/crafty/crafty-4/servers/f208f13f-03b8-42f4-b07e-02f1dff6f964/mods/create-cardboarded-conveynience-1.21.1-neoforge-1.0.0.jar
[20Jul2026 16:47:32.453] [main/DEBUG] [net.neoforged.fml.loading.moddiscovery.ModFileInfo/LOADING]: Found valid mod file create-cardboarded-conveynience-1.21.1-neoforge-1.0.0.jar with {cardboarded_conveynience} mods - versions {1.0.0}
[20Jul2026 16:47:32.453] [main/INFO] [net.neoforged.fml.loading.moddiscovery.ModDiscoverer/SCAN]: Found mod file "create-cardboarded-conveynience-1.21.1-neoforge-1.0.0.jar" [locator: {mods folder locator at /var/opt/minecraft/crafty/crafty-4/servers/f208f13f-03b8-42f4-b07e-02f1dff6f964/mods}, reader: mod manifest]
[20Jul2026 16:47:32.454] [main/DEBUG] [net.neoforged.fml.loading.moddiscovery.readers.JarModsDotTomlModFileReader/SCAN]: Found META-INF/neoforge.mods.toml mod of type null: /var/opt/minecraft/crafty/crafty-4/servers/f208f13f-03b8-42f4-b07e-02f1dff6f964/mods/create-central-kitchen-2.5.0.jar
[20Jul2026 16:47:32.454] [main/DEBUG] [net.neoforged.fml.loading.moddiscovery.ModFileParser/LOADING]: Considering mod file candidate /var/opt/minecraft/crafty/crafty-4/servers/f208f13f-03b8-42f4-b07e-02f1dff6f964/mods/create-central-kitchen-2.5.0.jar
[20Jul2026 16:47:32.454] [main/DEBUG] [net.neoforged.fml.loading.moddiscovery.ModFileInfo/LOADING]: Found valid mod file create-central-kitchen-2.5.0.jar with {create_central_kitchen} mods - versions {2.5.0}
[20Jul2026 16:47:32.454] [main/INFO] [net.neoforged.fml.loading.moddiscovery.ModDiscoverer/SCAN]: Found mod file "create-central-kitchen-2.5.0.jar" [locator: {mods folder locator at /var/opt/minecraft/crafty/crafty-4/servers/f208f13f-03b8-42f4-b07e-02f1dff6f964/mods}, reader: mod manifest]
[20Jul2026 16:47:32.455] [main/DEBUG] [net.neoforged.fml.loading.moddiscovery.readers.JarModsDotTomlModFileReader/SCAN]: Found META-INF/neoforge.mods.toml mod of type null: /var/opt/minecraft/crafty/crafty-4/servers/f208f13f-03b8-42f4-b07e-02f1dff6f964/mods/create-confectionery1.21.1_v1.1.2.jar
[20Jul2026 16:47:32.455] [main/DEBUG] [net.neoforged.fml.loading.moddiscovery.ModFileParser/LOADING]: Considering mod file candidate /var/opt/minecraft/crafty/crafty-4/servers/f208f13f-03b8-42f4-b07e-02f1dff6f964/mods/create-confectionery1.21.1_v1.1.2.jar
[20Jul2026 16:47:32.455] [main/DEBUG] [net.neoforged.fml.loading.moddiscovery.ModFileInfo/LOADING]: Found valid mod file create-confectionery1.21.1_v1.1.2.jar with {create_confectionery} mods - versions {1.1.2}
[20Jul2026 16:47:32.455] [main/INFO] [net.neoforged.fml.loading.moddiscovery.ModDiscoverer/SCAN]: Found mod file "create-confectionery1.21.1_v1.1.2.jar" [locator: {mods folder locator at /var/opt/minecraft/crafty/crafty-4/servers/f208f13f-03b8-42f4-b07e-02f1dff6f964/mods}, reader: mod manifest]
[20Jul2026 16:47:32.456] [main/DEBUG] [net.neoforged.fml.loading.moddiscovery.readers.JarModsDotTomlModFileReader/SCAN]: Found META-INF/neoforge.mods.toml mod of type null: /var/opt/minecraft/crafty/crafty-4/servers/f208f13f-03b8-42f4-b07e-02f1dff6f964/mods/create-enchantment-industry-2.4.2.jar
[20Jul2026 16:47:32.456] [main/DEBUG] [net.neoforged.fml.loading.moddiscovery.ModFileParser/LOADING]: Considering mod file candidate /var/opt/minecraft/crafty/crafty-4/servers/f208f13f-03b8-42f4-b07e-02f1dff6f964/mods/create-enchantment-industry-2.4.2.jar
[20Jul2026 16:47:32.457] [main/DEBUG] [net.neoforged.fml.loading.moddiscovery.ModFileInfo/LOADING]: Found valid mod file create-enchantment-industry-2.4.2.jar with {create_enchantment_industry} mods - versions {2.4.2}
[20Jul2026 16:47:32.457] [main/INFO] [net.neoforged.fml.loading.moddiscovery.ModDiscoverer/SCAN]: Found mod file "create-enchantment-industry-2.4.2.jar" [locator: {mods folder locator at /var/opt/minecraft/crafty/crafty-4/servers/f208f13f-03b8-42f4-b07e-02f1dff6f964/mods}, reader: mod manifest]
[20Jul2026 16:47:32.457] [main/DEBUG] [net.neoforged.fml.loading.moddiscovery.readers.JarModsDotTomlModFileReader/SCAN]: Found META-INF/neoforge.mods.toml mod of type null: /var/opt/minecraft/crafty/crafty-4/servers/f208f13f-03b8-42f4-b07e-02f1dff6f964/mods/create-extended-wrenches-1.21.1-2.0.2.jar
[20Jul2026 16:47:32.457] [main/DEBUG] [net.neoforged.fml.loading.moddiscovery.ModFileParser/LOADING]: Considering mod file candidate /var/opt/minecraft/crafty/crafty-4/servers/f208f13f-03b8-42f4-b07e-02f1dff6f964/mods/create-extended-wrenches-1.21.1-2.0.2.jar
[20Jul2026 16:47:32.458] [main/DEBUG] [net.neoforged.fml.loading.moddiscovery.ModFileInfo/LOADING]: Found valid mod file create-extended-wrenches-1.21.1-2.0.2.jar with {extendedwrenches} mods - versions {2.0.2}
[20Jul2026 16:47:32.458] [main/INFO] [net.neoforged.fml.loading.moddiscovery.ModDiscoverer/SCAN]: Found mod file "create-extended-wrenches-1.21.1-2.0.2.jar" [locator: {mods folder locator at /var/opt/minecraft/crafty/crafty-4/servers/f208f13f-03b8-42f4-b07e-02f1dff6f964/mods}, reader: mod manifest]
[20Jul2026 16:47:32.493] [main/DEBUG] [net.neoforged.fml.loading.moddiscovery.readers.JarModsDotTomlModFileReader/SCAN]: Found META-INF/neoforge.mods.toml mod of type null: /var/opt/minecraft/crafty/crafty-4/servers/f208f13f-03b8-42f4-b07e-02f1dff6f964/mods/create-shufflefilter-2.1.0-neo.jar
[20Jul2026 16:47:32.493] [main/DEBUG] [net.neoforged.fml.loading.moddiscovery.ModFileParser/LOADING]: Considering mod file candidate /var/opt/minecraft/crafty/crafty-4/servers/f208f13f-03b8-42f4-b07e-02f1dff6f964/mods/create-shufflefilter-2.1.0-neo.jar
[20Jul2026 16:47:32.495] [main/DEBUG] [net.neoforged.fml.loading.moddiscovery.ModFileInfo/LOADING]: Found valid mod file create-shufflefilter-2.1.0-neo.jar with {createshufflefilter} mods - versions {2.1.0}
[20Jul2026 16:47:32.495] [main/INFO] [net.neoforged.fml.loading.moddiscovery.ModDiscoverer/SCAN]: Found mod file "create-shufflefilter-2.1.0-neo.jar" [locator: {mods folder locator at /var/opt/minecraft/crafty/crafty-4/servers/f208f13f-03b8-42f4-b07e-02f1dff6f964/mods}, reader: mod manifest]
[20Jul2026 16:47:32.497] [main/DEBUG] [net.neoforged.fml.loading.moddiscovery.readers.JarModsDotTomlModFileReader/SCAN]: Found META-INF/neoforge.mods.toml mod of type null: /var/opt/minecraft/crafty/crafty-4/servers/f208f13f-03b8-42f4-b07e-02f1dff6f964/mods/create_bb-1.0.7-1.21.1-Neoforge.jar
[20Jul2026 16:47:32.497] [main/DEBUG] [net.neoforged.fml.loading.moddiscovery.ModFileParser/LOADING]: Considering mod file candidate /var/opt/minecraft/crafty/crafty-4/servers/f208f13f-03b8-42f4-b07e-02f1dff6f964/mods/create_bb-1.0.7-1.21.1-Neoforge.jar
[20Jul2026 16:47:32.499] [main/DEBUG] [net.neoforged.fml.loading.moddiscovery.ModFileInfo/LOADING]: Found valid mod file create_bb-1.0.7-1.21.1-Neoforge.jar with {create_bb} mods - versions {1.0.7}
[20Jul2026 16:47:32.499] [main/INFO] [net.neoforged.fml.loading.moddiscovery.ModDiscoverer/SCAN]: Found mod file "create_bb-1.0.7-1.21.1-Neoforge.jar" [locator: {mods folder locator at /var/opt/minecraft/crafty/crafty-4/servers/f208f13f-03b8-42f4-b07e-02f1dff6f964/mods}, reader: mod manifest]
[20Jul2026 16:47:32.499] [main/DEBUG] [net.neoforged.fml.loading.moddiscovery.readers.JarModsDotTomlModFileReader/SCAN]: Found META-INF/neoforge.mods.toml mod of type null: /var/opt/minecraft/crafty/crafty-4/servers/f208f13f-03b8-42f4-b07e-02f1dff6f964/mods/create_better_villagers-1.3.2.jar
[20Jul2026 16:47:32.499] [main/DEBUG] [net.neoforged.fml.loading.moddiscovery.ModFileParser/LOADING]: Considering mod file candidate /var/opt/minecraft/crafty/crafty-4/servers/f208f13f-03b8-42f4-b07e-02f1dff6f964/mods/create_better_villagers-1.3.2.jar
[20Jul2026 16:47:32.501] [main/DEBUG] [net.neoforged.fml.loading.moddiscovery.ModFileInfo/LOADING]: Found valid mod file create_better_villagers-1.3.2.jar with {create_better_villagers} mods - versions {1.3.2}
[20Jul2026 16:47:32.501] [main/INFO] [net.neoforged.fml.loading.moddiscovery.ModDiscoverer/SCAN]: Found mod file "create_better_villagers-1.3.2.jar" [locator: {mods folder locator at /var/opt/minecraft/crafty/crafty-4/servers/f208f13f-03b8-42f4-b07e-02f1dff6f964/mods}, reader: mod manifest]
[20Jul2026 16:47:32.503] [main/DEBUG] [net.neoforged.fml.loading.moddiscovery.readers.JarModsDotTomlModFileReader/SCAN]: Found META-INF/neoforge.mods.toml mod of type null: /var/opt/minecraft/crafty/crafty-4/servers/f208f13f-03b8-42f4-b07e-02f1dff6f964/mods/create_connected-1.2.2-mc1.21.1.jar
[20Jul2026 16:47:32.503] [main/DEBUG] [net.neoforged.fml.loading.moddiscovery.ModFileParser/LOADING]: Considering mod file candidate /var/opt/minecraft/crafty/crafty-4/servers/f208f13f-03b8-42f4-b07e-02f1dff6f964/mods/create_connected-1.2.2-mc1.21.1.jar
[20Jul2026 16:47:32.504] [main/DEBUG] [net.neoforged.fml.loading.moddiscovery.ModFileInfo/LOADING]: Found valid mod file create_connected-1.2.2-mc1.21.1.jar with {create_connected} mods - versions {1.2.2-mc1.21.1}
[20Jul2026 16:47:32.504] [main/INFO] [net.neoforged.fml.loading.moddiscovery.ModDiscoverer/SCAN]: Found mod file "create_connected-1.2.2-mc1.21.1.jar" [locator: {mods folder locator at /var/opt/minecraft/crafty/crafty-4/servers/f208f13f-03b8-42f4-b07e-02f1dff6f964/mods}, reader: mod manifest]
[20Jul2026 16:47:32.504] [main/DEBUG] [net.neoforged.fml.loading.moddiscovery.readers.JarModsDotTomlModFileReader/SCAN]: Found META-INF/neoforge.mods.toml mod of type null: /var/opt/minecraft/crafty/crafty-4/servers/f208f13f-03b8-42f4-b07e-02f1dff6f964/mods/create_factory-0.7a-1.21.1.jar
[20Jul2026 16:47:32.504] [main/DEBUG] [net.neoforged.fml.loading.moddiscovery.ModFileParser/LOADING]: Considering mod file candidate /var/opt/minecraft/crafty/crafty-4/servers/f208f13f-03b8-42f4-b07e-02f1dff6f964/mods/create_factory-0.7a-1.21.1.jar
[20Jul2026 16:47:32.505] [main/DEBUG] [net.neoforged.fml.loading.moddiscovery.ModFileInfo/LOADING]: Found valid mod file create_factory-0.7a-1.21.1.jar with {create_factory} mods - versions {0.7a-1.21.1}
[20Jul2026 16:47:32.505] [main/INFO] [net.neoforged.fml.loading.moddiscovery.ModDiscoverer/SCAN]: Found mod file "create_factory-0.7a-1.21.1.jar" [locator: {mods folder locator at /var/opt/minecraft/crafty/crafty-4/servers/f208f13f-03b8-42f4-b07e-02f1dff6f964/mods}, reader: mod manifest]
[20Jul2026 16:47:32.506] [main/DEBUG] [net.neoforged.fml.loading.moddiscovery.readers.JarModsDotTomlModFileReader/SCAN]: Found META-INF/neoforge.mods.toml mod of type null: /var/opt/minecraft/crafty/crafty-4/servers/f208f13f-03b8-42f4-b07e-02f1dff6f964/mods/create_ltab-4.0.2.jar
[20Jul2026 16:47:32.506] [main/DEBUG] [net.neoforged.fml.loading.moddiscovery.ModFileParser/LOADING]: Considering mod file candidate /var/opt/minecraft/crafty/crafty-4/servers/f208f13f-03b8-42f4-b07e-02f1dff6f964/mods/create_ltab-4.0.2.jar
[20Jul2026 16:47:32.507] [main/DEBUG] [net.neoforged.fml.loading.moddiscovery.ModFileInfo/LOADING]: Found valid mod file create_ltab-4.0.2.jar with {create_ltab} mods - versions {4.0.0}
[20Jul2026 16:47:32.507] [main/INFO] [net.neoforged.fml.loading.moddiscovery.ModDiscoverer/SCAN]: Found mod file "create_ltab-4.0.2.jar" [locator: {mods folder locator at /var/opt/minecraft/crafty/crafty-4/servers/f208f13f-03b8-42f4-b07e-02f1dff6f964/mods}, reader: mod manifest]
[20Jul2026 16:47:32.507] [main/DEBUG] [net.neoforged.fml.loading.moddiscovery.readers.JarModsDotTomlModFileReader/SCAN]: Found META-INF/neoforge.mods.toml mod of type null: /var/opt/minecraft/crafty/crafty-4/servers/f208f13f-03b8-42f4-b07e-02f1dff6f964/mods/create_pattern_schematics-2.0.10.jar
[20Jul2026 16:47:32.507] [main/DEBUG] [net.neoforged.fml.loading.moddiscovery.ModFileParser/LOADING]: Considering mod file candidate /var/opt/minecraft/crafty/crafty-4/servers/f208f13f-03b8-42f4-b07e-02f1dff6f964/mods/create_pattern_schematics-2.0.10.jar
[20Jul2026 16:47:32.508] [main/DEBUG] [net.neoforged.fml.loading.moddiscovery.ModFileInfo/LOADING]: Found valid mod file create_pattern_schematics-2.0.10.jar with {create_pattern_schematics} mods - versions {2.0.10}
[20Jul2026 16:47:32.508] [main/INFO] [net.neoforged.fml.loading.moddiscovery.ModDiscoverer/SCAN]: Found mod file "create_pattern_schematics-2.0.10.jar" [locator: {mods folder locator at /var/opt/minecraft/crafty/crafty-4/servers/f208f13f-03b8-42f4-b07e-02f1dff6f964/mods}, reader: mod manifest]
[20Jul2026 16:47:32.508] [main/DEBUG] [net.neoforged.fml.loading.moddiscovery.readers.JarModsDotTomlModFileReader/SCAN]: Found META-INF/neoforge.mods.toml mod of type null: /var/opt/minecraft/crafty/crafty-4/servers/f208f13f-03b8-42f4-b07e-02f1dff6f964/mods/create_power_loader-2.0.5-mc1.21.1.jar
[20Jul2026 16:47:32.508] [main/DEBUG] [net.neoforged.fml.loading.moddiscovery.ModFileParser/LOADING]: Considering mod file candidate /var/opt/minecraft/crafty/crafty-4/servers/f208f13f-03b8-42f4-b07e-02f1dff6f964/mods/create_power_loader-2.0.5-mc1.21.1.jar
[20Jul2026 16:47:32.509] [main/DEBUG] [net.neoforged.fml.loading.moddiscovery.ModFileInfo/LOADING]: Found valid mod file create_power_loader-2.0.5-mc1.21.1.jar with {create_power_loader} mods - versions {2.0.5-mc1.21.1}
[20Jul2026 16:47:32.509] [main/INFO] [net.neoforged.fml.loading.moddiscovery.ModDiscoverer/SCAN]: Found mod file "create_power_loader-2.0.5-mc1.21.1.jar" [locator: {mods folder locator at /var/opt/minecraft/crafty/crafty-4/servers/f208f13f-03b8-42f4-b07e-02f1dff6f964/mods}, reader: mod manifest]
[20Jul2026 16:47:32.509] [main/DEBUG] [net.neoforged.fml.loading.moddiscovery.readers.JarModsDotTomlModFileReader/SCAN]: Found META-INF/neoforge.mods.toml mod of type null: /var/opt/minecraft/crafty/crafty-4/servers/f208f13f-03b8-42f4-b07e-02f1dff6f964/mods/create_submarine-2.1.6.jar
[20Jul2026 16:47:32.509] [main/DEBUG] [net.neoforged.fml.loading.moddiscovery.ModFileParser/LOADING]: Considering mod file candidate /var/opt/minecraft/crafty/crafty-4/servers/f208f13f-03b8-42f4-b07e-02f1dff6f964/mods/create_submarine-2.1.6.jar
[20Jul2026 16:47:32.510] [main/DEBUG] [net.neoforged.fml.loading.moddiscovery.ModFileInfo/LOADING]: Found valid mod file create_submarine-2.1.6.jar with {create_submarine} mods - versions {2.1.6}
[20Jul2026 16:47:32.510] [main/INFO] [net.neoforged.fml.loading.moddiscovery.ModDiscoverer/SCAN]: Found mod file "create_submarine-2.1.6.jar" [locator: {mods folder locator at /var/opt/minecraft/crafty/crafty-4/servers/f208f13f-03b8-42f4-b07e-02f1dff6f964/mods}, reader: mod manifest]
[20Jul2026 16:47:32.511] [main/DEBUG] [net.neoforged.fml.loading.moddiscovery.readers.JarModsDotTomlModFileReader/SCAN]: Found META-INF/neoforge.mods.toml mod of type null: /var/opt/minecraft/crafty/crafty-4/servers/f208f13f-03b8-42f4-b07e-02f1dff6f964/mods/create_ultimate_factory-2.2.4-neoforge-1.21.1.jar
[20Jul2026 16:47:32.511] [main/DEBUG] [net.neoforged.fml.loading.moddiscovery.ModFileParser/LOADING]: Considering mod file candidate /var/opt/minecraft/crafty/crafty-4/servers/f208f13f-03b8-42f4-b07e-02f1dff6f964/mods/create_ultimate_factory-2.2.4-neoforge-1.21.1.jar
[20Jul2026 16:47:32.511] [main/DEBUG] [net.neoforged.fml.loading.moddiscovery.ModFileInfo/LOADING]: Found valid mod file create_ultimate_factory-2.2.4-neoforge-1.21.1.jar with {create_ultimate_factory} mods - versions {2.2.4}
[20Jul2026 16:47:32.511] [main/INFO] [net.neoforged.fml.loading.moddiscovery.ModDiscoverer/SCAN]: Found mod file "create_ultimate_factory-2.2.4-neoforge-1.21.1.jar" [locator: {mods folder locator at /var/opt/minecraft/crafty/crafty-4/servers/f208f13f-03b8-42f4-b07e-02f1dff6f964/mods}, reader: mod manifest]
[20Jul2026 16:47:32.511] [main/DEBUG] [net.neoforged.fml.loading.moddiscovery.readers.JarModsDotTomlModFileReader/SCAN]: Found META-INF/neoforge.mods.toml mod of type null: /var/opt/minecraft/crafty/crafty-4/servers/f208f13f-03b8-42f4-b07e-02f1dff6f964/mods/createaddition-1.6.0.jar
[20Jul2026 16:47:32.511] [main/DEBUG] [net.neoforged.fml.loading.moddiscovery.ModFileParser/LOADING]: Considering mod file candidate /var/opt/minecraft/crafty/crafty-4/servers/f208f13f-03b8-42f4-b07e-02f1dff6f964/mods/createaddition-1.6.0.jar
[20Jul2026 16:47:32.512] [main/DEBUG] [net.neoforged.fml.loading.moddiscovery.ModFileInfo/LOADING]: Found valid mod file createaddition-1.6.0.jar with {createaddition} mods - versions {1.6.0}
[20Jul2026 16:47:32.512] [main/INFO] [net.neoforged.fml.loading.moddiscovery.ModDiscoverer/SCAN]: Found mod file "createaddition-1.6.0.jar" [locator: {mods folder locator at /var/opt/minecraft/crafty/crafty-4/servers/f208f13f-03b8-42f4-b07e-02f1dff6f964/mods}, reader: mod manifest]
[20Jul2026 16:47:32.514] [main/DEBUG] [net.neoforged.fml.loading.moddiscovery.readers.JarModsDotTomlModFileReader/SCAN]: Found META-INF/neoforge.mods.toml mod of type null: /var/opt/minecraft/crafty/crafty-4/servers/f208f13f-03b8-42f4-b07e-02f1dff6f964/mods/createdeco-2.1.3.jar
[20Jul2026 16:47:32.514] [main/DEBUG] [net.neoforged.fml.loading.moddiscovery.ModFileParser/LOADING]: Considering mod file candidate /var/opt/minecraft/crafty/crafty-4/servers/f208f13f-03b8-42f4-b07e-02f1dff6f964/mods/createdeco-2.1.3.jar
[20Jul2026 16:47:32.514] [main/DEBUG] [net.neoforged.fml.loading.moddiscovery.ModFileInfo/LOADING]: Found valid mod file createdeco-2.1.3.jar with {createdeco} mods - versions {2.1.3}
[20Jul2026 16:47:32.514] [main/INFO] [net.neoforged.fml.loading.moddiscovery.ModDiscoverer/SCAN]: Found mod file "createdeco-2.1.3.jar" [locator: {mods folder locator at /var/opt/minecraft/crafty/crafty-4/servers/f208f13f-03b8-42f4-b07e-02f1dff6f964/mods}, reader: mod manifest]
[20Jul2026 16:47:32.515] [main/DEBUG] [net.neoforged.fml.loading.moddiscovery.readers.JarModsDotTomlModFileReader/SCAN]: Found META-INF/neoforge.mods.toml mod of type null: /var/opt/minecraft/crafty/crafty-4/servers/f208f13f-03b8-42f4-b07e-02f1dff6f964/mods/createdieselgenerators-1.21.1-1.3.13.jar
[20Jul2026 16:47:32.515] [main/DEBUG] [net.neoforged.fml.loading.moddiscovery.ModFileParser/LOADING]: Considering mod file candidate /var/opt/minecraft/crafty/crafty-4/servers/f208f13f-03b8-42f4-b07e-02f1dff6f964/mods/createdieselgenerators-1.21.1-1.3.13.jar
[20Jul2026 16:47:32.515] [main/DEBUG] [net.neoforged.fml.loading.moddiscovery.ModFileInfo/LOADING]: Found valid mod file createdieselgenerators-1.21.1-1.3.13.jar with {createdieselgenerators} mods - versions {1.21.1-1.3.13}
[20Jul2026 16:47:32.515] [main/INFO] [net.neoforged.fml.loading.moddiscovery.ModDiscoverer/SCAN]: Found mod file "createdieselgenerators-1.21.1-1.3.13.jar" [locator: {mods folder locator at /var/opt/minecraft/crafty/crafty-4/servers/f208f13f-03b8-42f4-b07e-02f1dff6f964/mods}, reader: mod manifest]
[20Jul2026 16:47:32.516] [main/DEBUG] [net.neoforged.fml.loading.moddiscovery.readers.JarModsDotTomlModFileReader/SCAN]: Found META-INF/neoforge.mods.toml mod of type null: /var/opt/minecraft/crafty/crafty-4/servers/f208f13f-03b8-42f4-b07e-02f1dff6f964/mods/CreateDragonsPlus-1.11.2b.jar
[20Jul2026 16:47:32.516] [main/DEBUG] [net.neoforged.fml.loading.moddiscovery.ModFileParser/LOADING]: Considering mod file candidate /var/opt/minecraft/crafty/crafty-4/servers/f208f13f-03b8-42f4-b07e-02f1dff6f964/mods/CreateDragonsPlus-1.11.2b.jar
[20Jul2026 16:47:32.516] [main/DEBUG] [net.neoforged.fml.loading.moddiscovery.ModFileInfo/LOADING]: Found valid mod file CreateDragonsPlus-1.11.2b.jar with {create_dragons_plus} mods - versions {1.11.2b}
[20Jul2026 16:47:32.516] [main/INFO] [net.neoforged.fml.loading.moddiscovery.ModDiscoverer/SCAN]: Found mod file "CreateDragonsPlus-1.11.2b.jar" [locator: {mods folder locator at /var/opt/minecraft/crafty/crafty-4/servers/f208f13f-03b8-42f4-b07e-02f1dff6f964/mods}, reader: mod manifest]
[20Jul2026 16:47:32.520] [main/DEBUG] [net.neoforged.fml.loading.moddiscovery.readers.JarModsDotTomlModFileReader/SCAN]: Found META-INF/neoforge.mods.toml mod of type null: /var/opt/minecraft/crafty/crafty-4/servers/f208f13f-03b8-42f4-b07e-02f1dff6f964/mods/createfood-neoforge-1.21.1-2.5.0.jar
[20Jul2026 16:47:32.520] [main/DEBUG] [net.neoforged.fml.loading.moddiscovery.ModFileParser/LOADING]: Considering mod file candidate /var/opt/minecraft/crafty/crafty-4/servers/f208f13f-03b8-42f4-b07e-02f1dff6f964/mods/createfood-neoforge-1.21.1-2.5.0.jar
[20Jul2026 16:47:32.520] [main/DEBUG] [net.neoforged.fml.loading.moddiscovery.ModFileInfo/LOADING]: Found valid mod file createfood-neoforge-1.21.1-2.5.0.jar with {createfood} mods - versions {2.5.0}
[20Jul2026 16:47:32.521] [main/INFO] [net.neoforged.fml.loading.moddiscovery.ModDiscoverer/SCAN]: Found mod file "createfood-neoforge-1.21.1-2.5.0.jar" [locator: {mods folder locator at /var/opt/minecraft/crafty/crafty-4/servers/f208f13f-03b8-42f4-b07e-02f1dff6f964/mods}, reader: mod manifest]
[20Jul2026 16:47:32.522] [main/DEBUG] [net.neoforged.fml.loading.moddiscovery.readers.JarModsDotTomlModFileReader/SCAN]: Found META-INF/neoforge.mods.toml mod of type null: /var/opt/minecraft/crafty/crafty-4/servers/f208f13f-03b8-42f4-b07e-02f1dff6f964/mods/createframed-1.21.1-1.7.3.jar
[20Jul2026 16:47:32.522] [main/DEBUG] [net.neoforged.fml.loading.moddiscovery.ModFileParser/LOADING]: Considering mod file candidate /var/opt/minecraft/crafty/crafty-4/servers/f208f13f-03b8-42f4-b07e-02f1dff6f964/mods/createframed-1.21.1-1.7.3.jar
[20Jul2026 16:47:32.522] [main/DEBUG] [net.neoforged.fml.loading.moddiscovery.ModFileInfo/LOADING]: Found valid mod file createframed-1.21.1-1.7.3.jar with {createframed} mods - versions {1.7.3}
[20Jul2026 16:47:32.522] [main/INFO] [net.neoforged.fml.loading.moddiscovery.ModDiscoverer/SCAN]: Found mod file "createframed-1.21.1-1.7.3.jar" [locator: {mods folder locator at /var/opt/minecraft/crafty/crafty-4/servers/f208f13f-03b8-42f4-b07e-02f1dff6f964/mods}, reader: mod manifest]
[20Jul2026 16:47:32.523] [main/DEBUG] [net.neoforged.fml.loading.moddiscovery.readers.JarModsDotTomlModFileReader/SCAN]: Found META-INF/neoforge.mods.toml mod of type null: /var/opt/minecraft/crafty/crafty-4/servers/f208f13f-03b8-42f4-b07e-02f1dff6f964/mods/creategoggles-1.21.1-6.1.1-[NEOFORGE].jar
[20Jul2026 16:47:32.523] [main/DEBUG] [net.neoforged.fml.loading.moddiscovery.ModFileParser/LOADING]: Considering mod file candidate /var/opt/minecraft/crafty/crafty-4/servers/f208f13f-03b8-42f4-b07e-02f1dff6f964/mods/creategoggles-1.21.1-6.1.1-[NEOFORGE].jar
[20Jul2026 16:47:32.523] [main/DEBUG] [net.neoforged.fml.loading.moddiscovery.ModFileInfo/LOADING]: Found valid mod file creategoggles-1.21.1-6.1.1-[NEOFORGE].jar with {creategoggles} mods - versions {6.1.1}
[20Jul2026 16:47:32.523] [main/INFO] [net.neoforged.fml.loading.moddiscovery.ModDiscoverer/SCAN]: Found mod file "creategoggles-1.21.1-6.1.1-[NEOFORGE].jar" [locator: {mods folder locator at /var/opt/minecraft/crafty/crafty-4/servers/f208f13f-03b8-42f4-b07e-02f1dff6f964/mods}, reader: mod manifest]
[20Jul2026 16:47:32.524] [main/DEBUG] [net.neoforged.fml.loading.moddiscovery.readers.JarModsDotTomlModFileReader/SCAN]: Found META-INF/neoforge.mods.toml mod of type null: /var/opt/minecraft/crafty/crafty-4/servers/f208f13f-03b8-42f4-b07e-02f1dff6f964/mods/CreateNumismatics-1.0.20+neoforge-mc1.21.1.jar
[20Jul2026 16:47:32.524] [main/DEBUG] [net.neoforged.fml.loading.moddiscovery.ModFileParser/LOADING]: Considering mod file candidate /var/opt/minecraft/crafty/crafty-4/servers/f208f13f-03b8-42f4-b07e-02f1dff6f964/mods/CreateNumismatics-1.0.20+neoforge-mc1.21.1.jar
[20Jul2026 16:47:32.524] [main/DEBUG] [net.neoforged.fml.loading.moddiscovery.ModFileInfo/LOADING]: Found valid mod file CreateNumismatics-1.0.20+neoforge-mc1.21.1.jar with {numismatics} mods - versions {1.0.20+neoforge-mc1.21.1}
[20Jul2026 16:47:32.524] [main/INFO] [net.neoforged.fml.loading.moddiscovery.ModDiscoverer/SCAN]: Found mod file "CreateNumismatics-1.0.20+neoforge-mc1.21.1.jar" [locator: {mods folder locator at /var/opt/minecraft/crafty/crafty-4/servers/f208f13f-03b8-42f4-b07e-02f1dff6f964/mods}, reader: mod manifest]
[20Jul2026 16:47:32.525] [main/DEBUG] [net.neoforged.fml.loading.moddiscovery.readers.JarModsDotTomlModFileReader/SCAN]: Found META-INF/neoforge.mods.toml mod of type null: /var/opt/minecraft/crafty/crafty-4/servers/f208f13f-03b8-42f4-b07e-02f1dff6f964/mods/createprism-1.2.2.jar
[20Jul2026 16:47:32.525] [main/DEBUG] [net.neoforged.fml.loading.moddiscovery.ModFileParser/LOADING]: Considering mod file candidate /var/opt/minecraft/crafty/crafty-4/servers/f208f13f-03b8-42f4-b07e-02f1dff6f964/mods/createprism-1.2.2.jar
[20Jul2026 16:47:32.525] [main/DEBUG] [net.neoforged.fml.loading.moddiscovery.ModFileInfo/LOADING]: Found valid mod file createprism-1.2.2.jar with {createprism} mods - versions {1.2.2}
[20Jul2026 16:47:32.525] [main/INFO] [net.neoforged.fml.loading.moddiscovery.ModDiscoverer/SCAN]: Found mod file "createprism-1.2.2.jar" [locator: {mods folder locator at /var/opt/minecraft/crafty/crafty-4/servers/f208f13f-03b8-42f4-b07e-02f1dff6f964/mods}, reader: mod manifest]
[20Jul2026 16:47:32.525] [main/DEBUG] [net.neoforged.fml.loading.moddiscovery.readers.JarModsDotTomlModFileReader/SCAN]: Found META-INF/neoforge.mods.toml mod of type null: /var/opt/minecraft/crafty/crafty-4/servers/f208f13f-03b8-42f4-b07e-02f1dff6f964/mods/cristellib-neoforge-1.21.1-3.1.7.jar
[20Jul2026 16:47:32.525] [main/DEBUG] [net.neoforged.fml.loading.moddiscovery.ModFileParser/LOADING]: Considering mod file candidate /var/opt/minecraft/crafty/crafty-4/servers/f208f13f-03b8-42f4-b07e-02f1dff6f964/mods/cristellib-neoforge-1.21.1-3.1.7.jar
[20Jul2026 16:47:32.526] [main/DEBUG] [net.neoforged.fml.loading.moddiscovery.ModFileInfo/LOADING]: Found valid mod file cristellib-neoforge-1.21.1-3.1.7.jar with {cristellib} mods - versions {3.1.7}
[20Jul2026 16:47:32.526] [main/INFO] [net.neoforged.fml.loading.moddiscovery.ModDiscoverer/SCAN]: Found mod file "cristellib-neoforge-1.21.1-3.1.7.jar" [locator: {mods folder locator at /var/opt/minecraft/crafty/crafty-4/servers/f208f13f-03b8-42f4-b07e-02f1dff6f964/mods}, reader: mod manifest]
[20Jul2026 16:47:32.527] [main/DEBUG] [net.neoforged.fml.loading.moddiscovery.readers.JarModsDotTomlModFileReader/SCAN]: Found META-INF/neoforge.mods.toml mod of type null: /var/opt/minecraft/crafty/crafty-4/servers/f208f13f-03b8-42f4-b07e-02f1dff6f964/mods/croptopia-neoforge-1.21.1-4.2.4.jar
[20Jul2026 16:47:32.527] [main/DEBUG] [net.neoforged.fml.loading.moddiscovery.ModFileParser/LOADING]: Considering mod file candidate /var/opt/minecraft/crafty/crafty-4/servers/f208f13f-03b8-42f4-b07e-02f1dff6f964/mods/croptopia-neoforge-1.21.1-4.2.4.jar
[20Jul2026 16:47:32.527] [main/DEBUG] [net.neoforged.fml.loading.moddiscovery.ModFileInfo/LOADING]: Found valid mod file croptopia-neoforge-1.21.1-4.2.4.jar with {croptopia} mods - versions {4.2.4}
[20Jul2026 16:47:32.527] [main/INFO] [net.neoforged.fml.loading.moddiscovery.ModDiscoverer/SCAN]: Found mod file "croptopia-neoforge-1.21.1-4.2.4.jar" [locator: {mods folder locator at /var/opt/minecraft/crafty/crafty-4/servers/f208f13f-03b8-42f4-b07e-02f1dff6f964/mods}, reader: mod manifest]
[20Jul2026 16:47:32.528] [main/DEBUG] [net.neoforged.fml.loading.moddiscovery.readers.JarModsDotTomlModFileReader/SCAN]: Found META-INF/neoforge.mods.toml mod of type null: /var/opt/minecraft/crafty/crafty-4/servers/f208f13f-03b8-42f4-b07e-02f1dff6f964/mods/croptopiadelight-1.0.1.jar
[20Jul2026 16:47:32.528] [main/DEBUG] [net.neoforged.fml.loading.moddiscovery.ModFileParser/LOADING]: Considering mod file candidate /var/opt/minecraft/crafty/crafty-4/servers/f208f13f-03b8-42f4-b07e-02f1dff6f964/mods/croptopiadelight-1.0.1.jar
[20Jul2026 16:47:32.528] [main/DEBUG] [net.neoforged.fml.loading.moddiscovery.ModFileInfo/LOADING]: Found valid mod file croptopiadelight-1.0.1.jar with {croptopiadelight} mods - versions {1.0.1}
[20Jul2026 16:47:32.528] [main/INFO] [net.neoforged.fml.loading.moddiscovery.ModDiscoverer/SCAN]: Found mod file "croptopiadelight-1.0.1.jar" [locator: {mods folder locator at /var/opt/minecraft/crafty/crafty-4/servers/f208f13f-03b8-42f4-b07e-02f1dff6f964/mods}, reader: mod manifest]
[20Jul2026 16:47:32.529] [main/DEBUG] [net.neoforged.fml.loading.moddiscovery.readers.JarModsDotTomlModFileReader/SCAN]: Found META-INF/neoforge.mods.toml mod of type null: /var/opt/minecraft/crafty/crafty-4/servers/f208f13f-03b8-42f4-b07e-02f1dff6f964/mods/curios-neoforge-9.5.1+1.21.1.jar
[20Jul2026 16:47:32.529] [main/DEBUG] [net.neoforged.fml.loading.moddiscovery.ModFileParser/LOADING]: Considering mod file candidate /var/opt/minecraft/crafty/crafty-4/servers/f208f13f-03b8-42f4-b07e-02f1dff6f964/mods/curios-neoforge-9.5.1+1.21.1.jar
[20Jul2026 16:47:32.529] [main/DEBUG] [net.neoforged.fml.loading.moddiscovery.ModFileInfo/LOADING]: Found valid mod file curios-neoforge-9.5.1+1.21.1.jar with {curios} mods - versions {9.5.1+1.21.1}
[20Jul2026 16:47:32.529] [main/INFO] [net.neoforged.fml.loading.moddiscovery.ModDiscoverer/SCAN]: Found mod file "curios-neoforge-9.5.1+1.21.1.jar" [locator: {mods folder locator at /var/opt/minecraft/crafty/crafty-4/servers/f208f13f-03b8-42f4-b07e-02f1dff6f964/mods}, reader: mod manifest]
[20Jul2026 16:47:32.529] [main/DEBUG] [net.neoforged.fml.loading.moddiscovery.readers.JarModsDotTomlModFileReader/SCAN]: Found META-INF/neoforge.mods.toml mod of type null: /var/opt/minecraft/crafty/crafty-4/servers/f208f13f-03b8-42f4-b07e-02f1dff6f964/mods/CutThrough-v21.1.0-1.21.1-NeoForge.jar
[20Jul2026 16:47:32.529] [main/DEBUG] [net.neoforged.fml.loading.moddiscovery.ModFileParser/LOADING]: Considering mod file candidate /var/opt/minecraft/crafty/crafty-4/servers/f208f13f-03b8-42f4-b07e-02f1dff6f964/mods/CutThrough-v21.1.0-1.21.1-NeoForge.jar
[20Jul2026 16:47:32.530] [main/DEBUG] [net.neoforged.fml.loading.moddiscovery.ModFileInfo/LOADING]: Found valid mod file CutThrough-v21.1.0-1.21.1-NeoForge.jar with {cutthrough} mods - versions {21.1.0}
[20Jul2026 16:47:32.530] [main/INFO] [net.neoforged.fml.loading.moddiscovery.ModDiscoverer/SCAN]: Found mod file "CutThrough-v21.1.0-1.21.1-NeoForge.jar" [locator: {mods folder locator at /var/opt/minecraft/crafty/crafty-4/servers/f208f13f-03b8-42f4-b07e-02f1dff6f964/mods}, reader: mod manifest]
[20Jul2026 16:47:32.530] [main/DEBUG] [net.neoforged.fml.loading.moddiscovery.readers.JarModsDotTomlModFileReader/SCAN]: Found META-INF/neoforge.mods.toml mod of type null: /var/opt/minecraft/crafty/crafty-4/servers/f208f13f-03b8-42f4-b07e-02f1dff6f964/mods/deeperdarker-neoforge-1.21.1-1.4.1.jar
[20Jul2026 16:47:32.530] [main/DEBUG] [net.neoforged.fml.loading.moddiscovery.ModFileParser/LOADING]: Considering mod file candidate /var/opt/minecraft/crafty/crafty-4/servers/f208f13f-03b8-42f4-b07e-02f1dff6f964/mods/deeperdarker-neoforge-1.21.1-1.4.1.jar
[20Jul2026 16:47:32.531] [main/DEBUG] [net.neoforged.fml.loading.moddiscovery.ModFileInfo/LOADING]: Found valid mod file deeperdarker-neoforge-1.21.1-1.4.1.jar with {deeperdarker} mods - versions {1.4.1}
[20Jul2026 16:47:32.531] [main/INFO] [net.neoforged.fml.loading.moddiscovery.ModDiscoverer/SCAN]: Found mod file "deeperdarker-neoforge-1.21.1-1.4.1.jar" [locator: {mods folder locator at /var/opt/minecraft/crafty/crafty-4/servers/f208f13f-03b8-42f4-b07e-02f1dff6f964/mods}, reader: mod manifest]
[20Jul2026 16:47:32.531] [main/DEBUG] [net.neoforged.fml.loading.moddiscovery.readers.JarModsDotTomlModFileReader/SCAN]: Found META-INF/neoforge.mods.toml mod of type null: /var/opt/minecraft/crafty/crafty-4/servers/f208f13f-03b8-42f4-b07e-02f1dff6f964/mods/delightfulcreators-1.2.jar
[20Jul2026 16:47:32.531] [main/DEBUG] [net.neoforged.fml.loading.moddiscovery.ModFileParser/LOADING]: Considering mod file candidate /var/opt/minecraft/crafty/crafty-4/servers/f208f13f-03b8-42f4-b07e-02f1dff6f964/mods/delightfulcreators-1.2.jar
[20Jul2026 16:47:32.531] [main/DEBUG] [net.neoforged.fml.loading.moddiscovery.ModFileInfo/LOADING]: Found valid mod file delightfulcreators-1.2.jar with {delightfulcreators} mods - versions {1.2}
[20Jul2026 16:47:32.531] [main/INFO] [net.neoforged.fml.loading.moddiscovery.ModDiscoverer/SCAN]: Found mod file "delightfulcreators-1.2.jar" [locator: {mods folder locator at /var/opt/minecraft/crafty/crafty-4/servers/f208f13f-03b8-42f4-b07e-02f1dff6f964/mods}, reader: mod manifest]
[20Jul2026 16:47:32.534] [main/DEBUG] [net.neoforged.fml.loading.moddiscovery.readers.JarModsDotTomlModFileReader/SCAN]: Found META-INF/neoforge.mods.toml mod of type null: /var/opt/minecraft/crafty/crafty-4/servers/f208f13f-03b8-42f4-b07e-02f1dff6f964/mods/Design-n-Decor-1.21.1-2.2b.jar
[20Jul2026 16:47:32.534] [main/DEBUG] [net.neoforged.fml.loading.moddiscovery.ModFileParser/LOADING]: Considering mod file candidate /var/opt/minecraft/crafty/crafty-4/servers/f208f13f-03b8-42f4-b07e-02f1dff6f964/mods/Design-n-Decor-1.21.1-2.2b.jar
[20Jul2026 16:47:32.534] [main/DEBUG] [net.neoforged.fml.loading.moddiscovery.ModFileInfo/LOADING]: Found valid mod file Design-n-Decor-1.21.1-2.2b.jar with {dndecor} mods - versions {2.2b}
[20Jul2026 16:47:32.534] [main/INFO] [net.neoforged.fml.loading.moddiscovery.ModDiscoverer/SCAN]: Found mod file "Design-n-Decor-1.21.1-2.2b.jar" [locator: {mods folder locator at /var/opt/minecraft/crafty/crafty-4/servers/f208f13f-03b8-42f4-b07e-02f1dff6f964/mods}, reader: mod manifest]
[20Jul2026 16:47:32.535] [main/DEBUG] [net.neoforged.fml.loading.moddiscovery.readers.JarModsDotTomlModFileReader/SCAN]: Found META-INF/neoforge.mods.toml mod of type null: /var/opt/minecraft/crafty/crafty-4/servers/f208f13f-03b8-42f4-b07e-02f1dff6f964/mods/displaydelight-1.6.0.jar
[20Jul2026 16:47:32.535] [main/DEBUG] [net.neoforged.fml.loading.moddiscovery.ModFileParser/LOADING]: Considering mod file candidate /var/opt/minecraft/crafty/crafty-4/servers/f208f13f-03b8-42f4-b07e-02f1dff6f964/mods/displaydelight-1.6.0.jar
[20Jul2026 16:47:32.535] [main/DEBUG] [net.neoforged.fml.loading.moddiscovery.ModFileInfo/LOADING]: Found valid mod file displaydelight-1.6.0.jar with {displaydelight} mods - versions {1.6.0}
[20Jul2026 16:47:32.535] [main/INFO] [net.neoforged.fml.loading.moddiscovery.ModDiscoverer/SCAN]: Found mod file "displaydelight-1.6.0.jar" [locator: {mods folder locator at /var/opt/minecraft/crafty/crafty-4/servers/f208f13f-03b8-42f4-b07e-02f1dff6f964/mods}, reader: mod manifest]
[20Jul2026 16:47:32.536] [main/DEBUG] [net.neoforged.fml.loading.moddiscovery.readers.JarModsDotTomlModFileReader/SCAN]: Found META-INF/neoforge.mods.toml mod of type null: /var/opt/minecraft/crafty/crafty-4/servers/f208f13f-03b8-42f4-b07e-02f1dff6f964/mods/DistantHorizons-2.4.5-b-1.21.1-fabric-neoforge.jar
[20Jul2026 16:47:32.536] [main/DEBUG] [net.neoforged.fml.loading.moddiscovery.ModFileParser/LOADING]: Considering mod file candidate /var/opt/minecraft/crafty/crafty-4/servers/f208f13f-03b8-42f4-b07e-02f1dff6f964/mods/DistantHorizons-2.4.5-b-1.21.1-fabric-neoforge.jar
[20Jul2026 16:47:32.536] [main/DEBUG] [net.neoforged.fml.loading.moddiscovery.ModFileInfo/LOADING]: Found valid mod file DistantHorizons-2.4.5-b-1.21.1-fabric-neoforge.jar with {distanthorizons} mods - versions {2.4.5-b}
[20Jul2026 16:47:32.536] [main/INFO] [net.neoforged.fml.loading.moddiscovery.ModDiscoverer/SCAN]: Found mod file "DistantHorizons-2.4.5-b-1.21.1-fabric-neoforge.jar" [locator: {mods folder locator at /var/opt/minecraft/crafty/crafty-4/servers/f208f13f-03b8-42f4-b07e-02f1dff6f964/mods}, reader: mod manifest]
[20Jul2026 16:47:32.537] [main/DEBUG] [net.neoforged.fml.loading.moddiscovery.readers.JarModsDotTomlModFileReader/SCAN]: Found META-INF/neoforge.mods.toml mod of type null: /var/opt/minecraft/crafty/crafty-4/servers/f208f13f-03b8-42f4-b07e-02f1dff6f964/mods/distractingtrims-neoforge-1.21.1-21.1.1.jar
[20Jul2026 16:47:32.537] [main/DEBUG] [net.neoforged.fml.loading.moddiscovery.ModFileParser/LOADING]: Considering mod file candidate /var/opt/minecraft/crafty/crafty-4/servers/f208f13f-03b8-42f4-b07e-02f1dff6f964/mods/distractingtrims-neoforge-1.21.1-21.1.1.jar
[20Jul2026 16:47:32.537] [main/DEBUG] [net.neoforged.fml.loading.moddiscovery.ModFileInfo/LOADING]: Found valid mod file distractingtrims-neoforge-1.21.1-21.1.1.jar with {distractingtrims} mods - versions {21.1.1}
[20Jul2026 16:47:32.537] [main/INFO] [net.neoforged.fml.loading.moddiscovery.ModDiscoverer/SCAN]: Found mod file "distractingtrims-neoforge-1.21.1-21.1.1.jar" [locator: {mods folder locator at /var/opt/minecraft/crafty/crafty-4/servers/f208f13f-03b8-42f4-b07e-02f1dff6f964/mods}, reader: mod manifest]
[20Jul2026 16:47:32.538] [main/DEBUG] [net.neoforged.fml.loading.moddiscovery.readers.JarModsDotTomlModFileReader/SCAN]: Found META-INF/neoforge.mods.toml mod of type null: /var/opt/minecraft/crafty/crafty-4/servers/f208f13f-03b8-42f4-b07e-02f1dff6f964/mods/DnDesires-1.21.1-2.3a-BETA.jar
[20Jul2026 16:47:32.538] [main/DEBUG] [net.neoforged.fml.loading.moddiscovery.ModFileParser/LOADING]: Considering mod file candidate /var/opt/minecraft/crafty/crafty-4/servers/f208f13f-03b8-42f4-b07e-02f1dff6f964/mods/DnDesires-1.21.1-2.3a-BETA.jar
[20Jul2026 16:47:32.538] [main/DEBUG] [net.neoforged.fml.loading.moddiscovery.ModFileInfo/LOADING]: Found valid mod file DnDesires-1.21.1-2.3a-BETA.jar with {dndesires} mods - versions {2.3a-BETA}
[20Jul2026 16:47:32.538] [main/INFO] [net.neoforged.fml.loading.moddiscovery.ModDiscoverer/SCAN]: Found mod file "DnDesires-1.21.1-2.3a-BETA.jar" [locator: {mods folder locator at /var/opt/minecraft/crafty/crafty-4/servers/f208f13f-03b8-42f4-b07e-02f1dff6f964/mods}, reader: mod manifest]
[20Jul2026 16:47:32.538] [main/DEBUG] [net.neoforged.fml.loading.moddiscovery.readers.JarModsDotTomlModFileReader/SCAN]: Found META-INF/neoforge.mods.toml mod of type null: /var/opt/minecraft/crafty/crafty-4/servers/f208f13f-03b8-42f4-b07e-02f1dff6f964/mods/dsbg-1.0-1.21.1-neoforge.jar
[20Jul2026 16:47:32.538] [main/DEBUG] [net.neoforged.fml.loading.moddiscovery.ModFileParser/LOADING]: Considering mod file candidate /var/opt/minecraft/crafty/crafty-4/servers/f208f13f-03b8-42f4-b07e-02f1dff6f964/mods/dsbg-1.0-1.21.1-neoforge.jar
[20Jul2026 16:47:32.539] [main/DEBUG] [net.neoforged.fml.loading.moddiscovery.ModFileInfo/LOADING]: Found valid mod file dsbg-1.0-1.21.1-neoforge.jar with {dsbg} mods - versions {1.0}
[20Jul2026 16:47:32.539] [main/INFO] [net.neoforged.fml.loading.moddiscovery.ModDiscoverer/SCAN]: Found mod file "dsbg-1.0-1.21.1-neoforge.jar" [locator: {mods folder locator at /var/opt/minecraft/crafty/crafty-4/servers/f208f13f-03b8-42f4-b07e-02f1dff6f964/mods}, reader: mod manifest]
[20Jul2026 16:47:32.540] [main/DEBUG] [net.neoforged.fml.loading.moddiscovery.readers.JarModsDotTomlModFileReader/SCAN]: Found META-INF/neoforge.mods.toml mod of type null: /var/opt/minecraft/crafty/crafty-4/servers/f208f13f-03b8-42f4-b07e-02f1dff6f964/mods/dungeons-and-taverns-v4.4.4.jar
[20Jul2026 16:47:32.540] [main/DEBUG] [net.neoforged.fml.loading.moddiscovery.ModFileParser/LOADING]: Considering mod file candidate /var/opt/minecraft/crafty/crafty-4/servers/f208f13f-03b8-42f4-b07e-02f1dff6f964/mods/dungeons-and-taverns-v4.4.4.jar
[20Jul2026 16:47:32.540] [main/DEBUG] [net.neoforged.fml.loading.moddiscovery.ModFileInfo/LOADING]: Found valid mod file dungeons-and-taverns-v4.4.4.jar with {mr_dungeons_andtaverns} mods - versions {1-v4.4.4}
[20Jul2026 16:47:32.541] [main/INFO] [net.neoforged.fml.loading.moddiscovery.ModDiscoverer/SCAN]: Found mod file "dungeons-and-taverns-v4.4.4.jar" [locator: {mods folder locator at /var/opt/minecraft/crafty/crafty-4/servers/f208f13f-03b8-42f4-b07e-02f1dff6f964/mods}, reader: mod manifest]
[20Jul2026 16:47:32.541] [main/DEBUG] [net.neoforged.fml.loading.moddiscovery.readers.JarModsDotTomlModFileReader/SCAN]: Found META-INF/neoforge.mods.toml mod of type null: /var/opt/minecraft/crafty/crafty-4/servers/f208f13f-03b8-42f4-b07e-02f1dff6f964/mods/EasyAnvils-v21.1.0-1.21.1-NeoForge.jar
[20Jul2026 16:47:32.541] [main/DEBUG] [net.neoforged.fml.loading.moddiscovery.ModFileParser/LOADING]: Considering mod file candidate /var/opt/minecraft/crafty/crafty-4/servers/f208f13f-03b8-42f4-b07e-02f1dff6f964/mods/EasyAnvils-v21.1.0-1.21.1-NeoForge.jar
[20Jul2026 16:47:32.541] [main/DEBUG] [net.neoforged.fml.loading.moddiscovery.ModFileInfo/LOADING]: Found valid mod file EasyAnvils-v21.1.0-1.21.1-NeoForge.jar with {easyanvils} mods - versions {21.1.0}
[20Jul2026 16:47:32.541] [main/INFO] [net.neoforged.fml.loading.moddiscovery.ModDiscoverer/SCAN]: Found mod file "EasyAnvils-v21.1.0-1.21.1-NeoForge.jar" [locator: {mods folder locator at /var/opt/minecraft/crafty/crafty-4/servers/f208f13f-03b8-42f4-b07e-02f1dff6f964/mods}, reader: mod manifest]
[20Jul2026 16:47:32.542] [main/DEBUG] [net.neoforged.fml.loading.moddiscovery.readers.JarModsDotTomlModFileReader/SCAN]: Found META-INF/neoforge.mods.toml mod of type null: /var/opt/minecraft/crafty/crafty-4/servers/f208f13f-03b8-42f4-b07e-02f1dff6f964/mods/ecologics-1.21.1-2.3.6.jar
[20Jul2026 16:47:32.542] [main/DEBUG] [net.neoforged.fml.loading.moddiscovery.ModFileParser/LOADING]: Considering mod file candidate /var/opt/minecraft/crafty/crafty-4/servers/f208f13f-03b8-42f4-b07e-02f1dff6f964/mods/ecologics-1.21.1-2.3.6.jar
[20Jul2026 16:47:32.542] [main/DEBUG] [net.neoforged.fml.loading.moddiscovery.ModFileInfo/LOADING]: Found valid mod file ecologics-1.21.1-2.3.6.jar with {ecologics} mods - versions {2.3.6}
[20Jul2026 16:47:32.542] [main/INFO] [net.neoforged.fml.loading.moddiscovery.ModDiscoverer/SCAN]: Found mod file "ecologics-1.21.1-2.3.6.jar" [locator: {mods folder locator at /var/opt/minecraft/crafty/crafty-4/servers/f208f13f-03b8-42f4-b07e-02f1dff6f964/mods}, reader: mod manifest]
[20Jul2026 16:47:32.542] [main/DEBUG] [net.neoforged.fml.loading.moddiscovery.readers.JarModsDotTomlModFileReader/SCAN]: Found META-INF/neoforge.mods.toml mod of type null: /var/opt/minecraft/crafty/crafty-4/servers/f208f13f-03b8-42f4-b07e-02f1dff6f964/mods/emi-1.1.24+1.21.1+neoforge.jar
[20Jul2026 16:47:32.542] [main/DEBUG] [net.neoforged.fml.loading.moddiscovery.ModFileParser/LOADING]: Considering mod file candidate /var/opt/minecraft/crafty/crafty-4/servers/f208f13f-03b8-42f4-b07e-02f1dff6f964/mods/emi-1.1.24+1.21.1+neoforge.jar
[20Jul2026 16:47:32.543] [main/DEBUG] [net.neoforged.fml.loading.moddiscovery.ModFileInfo/LOADING]: Found valid mod file emi-1.1.24+1.21.1+neoforge.jar with {emi} mods - versions {1.1.24+1.21.1+neoforge}
[20Jul2026 16:47:32.543] [main/INFO] [net.neoforged.fml.loading.moddiscovery.ModDiscoverer/SCAN]: Found mod file "emi-1.1.24+1.21.1+neoforge.jar" [locator: {mods folder locator at /var/opt/minecraft/crafty/crafty-4/servers/f208f13f-03b8-42f4-b07e-02f1dff6f964/mods}, reader: mod manifest]
[20Jul2026 16:47:32.543] [main/DEBUG] [net.neoforged.fml.loading.moddiscovery.readers.JarModsDotTomlModFileReader/SCAN]: Found META-INF/neoforge.mods.toml mod of type null: /var/opt/minecraft/crafty/crafty-4/servers/f208f13f-03b8-42f4-b07e-02f1dff6f964/mods/emi_create_schematics-1.1.0.jar
[20Jul2026 16:47:32.543] [main/DEBUG] [net.neoforged.fml.loading.moddiscovery.ModFileParser/LOADING]: Considering mod file candidate /var/opt/minecraft/crafty/crafty-4/servers/f208f13f-03b8-42f4-b07e-02f1dff6f964/mods/emi_create_schematics-1.1.0.jar
[20Jul2026 16:47:32.543] [main/DEBUG] [net.neoforged.fml.loading.moddiscovery.ModFileInfo/LOADING]: Found valid mod file emi_create_schematics-1.1.0.jar with {emi_create_schematics} mods - versions {1.1.0}
[20Jul2026 16:47:32.543] [main/INFO] [net.neoforged.fml.loading.moddiscovery.ModDiscoverer/SCAN]: Found mod file "emi_create_schematics-1.1.0.jar" [locator: {mods folder locator at /var/opt/minecraft/crafty/crafty-4/servers/f208f13f-03b8-42f4-b07e-02f1dff6f964/mods}, reader: mod manifest]
[20Jul2026 16:47:32.544] [main/DEBUG] [net.neoforged.fml.loading.moddiscovery.readers.JarModsDotTomlModFileReader/SCAN]: Found META-INF/neoforge.mods.toml mod of type null: /var/opt/minecraft/crafty/crafty-4/servers/f208f13f-03b8-42f4-b07e-02f1dff6f964/mods/emi_loot-0.7.9+1.21+neoforge.jar
[20Jul2026 16:47:32.544] [main/DEBUG] [net.neoforged.fml.loading.moddiscovery.ModFileParser/LOADING]: Considering mod file candidate /var/opt/minecraft/crafty/crafty-4/servers/f208f13f-03b8-42f4-b07e-02f1dff6f964/mods/emi_loot-0.7.9+1.21+neoforge.jar
[20Jul2026 16:47:32.544] [main/DEBUG] [net.neoforged.fml.loading.moddiscovery.ModFileInfo/LOADING]: Found valid mod file emi_loot-0.7.9+1.21+neoforge.jar with {emi_loot} mods - versions {0.7.9+1.21+neoforge}
[20Jul2026 16:47:32.544] [main/INFO] [net.neoforged.fml.loading.moddiscovery.ModDiscoverer/SCAN]: Found mod file "emi_loot-0.7.9+1.21+neoforge.jar" [locator: {mods folder locator at /var/opt/minecraft/crafty/crafty-4/servers/f208f13f-03b8-42f4-b07e-02f1dff6f964/mods}, reader: mod manifest]
[20Jul2026 16:47:32.544] [main/DEBUG] [net.neoforged.fml.loading.moddiscovery.readers.JarModsDotTomlModFileReader/SCAN]: Found META-INF/neoforge.mods.toml mod of type null: /var/opt/minecraft/crafty/crafty-4/servers/f208f13f-03b8-42f4-b07e-02f1dff6f964/mods/enchdesc-neoforge-1.21.1-21.1.10.jar
[20Jul2026 16:47:32.544] [main/DEBUG] [net.neoforged.fml.loading.moddiscovery.ModFileParser/LOADING]: Considering mod file candidate /var/opt/minecraft/crafty/crafty-4/servers/f208f13f-03b8-42f4-b07e-02f1dff6f964/mods/enchdesc-neoforge-1.21.1-21.1.10.jar
[20Jul2026 16:47:32.545] [main/DEBUG] [net.neoforged.fml.loading.moddiscovery.ModFileInfo/LOADING]: Found valid mod file enchdesc-neoforge-1.21.1-21.1.10.jar with {enchdesc} mods - versions {21.1.10}
[20Jul2026 16:47:32.545] [main/INFO] [net.neoforged.fml.loading.moddiscovery.ModDiscoverer/SCAN]: Found mod file "enchdesc-neoforge-1.21.1-21.1.10.jar" [locator: {mods folder locator at /var/opt/minecraft/crafty/crafty-4/servers/f208f13f-03b8-42f4-b07e-02f1dff6f964/mods}, reader: mod manifest]
[20Jul2026 16:47:32.545] [main/DEBUG] [net.neoforged.fml.loading.moddiscovery.readers.JarModsDotTomlModFileReader/SCAN]: Found META-INF/neoforge.mods.toml mod of type null: /var/opt/minecraft/crafty/crafty-4/servers/f208f13f-03b8-42f4-b07e-02f1dff6f964/mods/ends_delight-2.6+neoforge.1.21.1.jar
[20Jul2026 16:47:32.545] [main/DEBUG] [net.neoforged.fml.loading.moddiscovery.ModFileParser/LOADING]: Considering mod file candidate /var/opt/minecraft/crafty/crafty-4/servers/f208f13f-03b8-42f4-b07e-02f1dff6f964/mods/ends_delight-2.6+neoforge.1.21.1.jar
[20Jul2026 16:47:32.545] [main/DEBUG] [net.neoforged.fml.loading.moddiscovery.ModFileInfo/LOADING]: Found valid mod file ends_delight-2.6+neoforge.1.21.1.jar with {ends_delight} mods - versions {2.6+neoforge.1.21.1}
[20Jul2026 16:47:32.545] [main/INFO] [net.neoforged.fml.loading.moddiscovery.ModDiscoverer/SCAN]: Found mod file "ends_delight-2.6+neoforge.1.21.1.jar" [locator: {mods folder locator at /var/opt/minecraft/crafty/crafty-4/servers/f208f13f-03b8-42f4-b07e-02f1dff6f964/mods}, reader: mod manifest]
[20Jul2026 16:47:32.546] [main/DEBUG] [net.neoforged.fml.loading.moddiscovery.readers.JarModsDotTomlModFileReader/SCAN]: Found META-INF/neoforge.mods.toml mod of type null: /var/opt/minecraft/crafty/crafty-4/servers/f208f13f-03b8-42f4-b07e-02f1dff6f964/mods/EpheroLib-1.21.1-NEO-FORGE-1.2.0.jar
[20Jul2026 16:47:32.546] [main/DEBUG] [net.neoforged.fml.loading.moddiscovery.ModFileParser/LOADING]: Considering mod file candidate /var/opt/minecraft/crafty/crafty-4/servers/f208f13f-03b8-42f4-b07e-02f1dff6f964/mods/EpheroLib-1.21.1-NEO-FORGE-1.2.0.jar
[20Jul2026 16:47:32.546] [main/DEBUG] [net.neoforged.fml.loading.moddiscovery.ModFileInfo/LOADING]: Found valid mod file EpheroLib-1.21.1-NEO-FORGE-1.2.0.jar with {epherolib} mods - versions {1.2.0}
[20Jul2026 16:47:32.546] [main/INFO] [net.neoforged.fml.loading.moddiscovery.ModDiscoverer/SCAN]: Found mod file "EpheroLib-1.21.1-NEO-FORGE-1.2.0.jar" [locator: {mods folder locator at /var/opt/minecraft/crafty/crafty-4/servers/f208f13f-03b8-42f4-b07e-02f1dff6f964/mods}, reader: mod manifest]
[20Jul2026 16:47:32.546] [main/DEBUG] [net.neoforged.fml.loading.moddiscovery.readers.JarModsDotTomlModFileReader/SCAN]: Found META-INF/neoforge.mods.toml mod of type null: /var/opt/minecraft/crafty/crafty-4/servers/f208f13f-03b8-42f4-b07e-02f1dff6f964/mods/explosiveenhancement-neoforge-1.21.1-1.1.2.jar
[20Jul2026 16:47:32.546] [main/DEBUG] [net.neoforged.fml.loading.moddiscovery.ModFileParser/LOADING]: Considering mod file candidate /var/opt/minecraft/crafty/crafty-4/servers/f208f13f-03b8-42f4-b07e-02f1dff6f964/mods/explosiveenhancement-neoforge-1.21.1-1.1.2.jar
[20Jul2026 16:47:32.547] [main/DEBUG] [net.neoforged.fml.loading.moddiscovery.ModFileInfo/LOADING]: Found valid mod file explosiveenhancement-neoforge-1.21.1-1.1.2.jar with {explosiveenhancement} mods - versions {1.1.2}
[20Jul2026 16:47:32.547] [main/INFO] [net.neoforged.fml.loading.moddiscovery.ModDiscoverer/SCAN]: Found mod file "explosiveenhancement-neoforge-1.21.1-1.1.2.jar" [locator: {mods folder locator at /var/opt/minecraft/crafty/crafty-4/servers/f208f13f-03b8-42f4-b07e-02f1dff6f964/mods}, reader: mod manifest]
[20Jul2026 16:47:32.547] [main/DEBUG] [net.neoforged.fml.loading.moddiscovery.readers.JarModsDotTomlModFileReader/SCAN]: Found META-INF/neoforge.mods.toml mod of type null: /var/opt/minecraft/crafty/crafty-4/servers/f208f13f-03b8-42f4-b07e-02f1dff6f964/mods/extra-mod-integrations-all-neoforge-1.0.3+1.21.1.jar
[20Jul2026 16:47:32.547] [main/DEBUG] [net.neoforged.fml.loading.moddiscovery.ModFileParser/LOADING]: Considering mod file candidate /var/opt/minecraft/crafty/crafty-4/servers/f208f13f-03b8-42f4-b07e-02f1dff6f964/mods/extra-mod-integrations-all-neoforge-1.0.3+1.21.1.jar
[20Jul2026 16:47:32.547] [main/DEBUG] [net.neoforged.fml.loading.moddiscovery.ModFileInfo/LOADING]: Found valid mod file extra-mod-integrations-all-neoforge-1.0.3+1.21.1.jar with {extra_mod_integrations} mods - versions {1.0.3+1.21.1}
[20Jul2026 16:47:32.547] [main/INFO] [net.neoforged.fml.loading.moddiscovery.ModDiscoverer/SCAN]: Found mod file "extra-mod-integrations-all-neoforge-1.0.3+1.21.1.jar" [locator: {mods folder locator at /var/opt/minecraft/crafty/crafty-4/servers/f208f13f-03b8-42f4-b07e-02f1dff6f964/mods}, reader: mod manifest]
[20Jul2026 16:47:32.548] [main/DEBUG] [net.neoforged.fml.loading.moddiscovery.readers.JarModsDotTomlModFileReader/SCAN]: Found META-INF/neoforge.mods.toml mod of type null: /var/opt/minecraft/crafty/crafty-4/servers/f208f13f-03b8-42f4-b07e-02f1dff6f964/mods/FarmersDelight-1.21.1-1.3.2.jar
[20Jul2026 16:47:32.548] [main/DEBUG] [net.neoforged.fml.loading.moddiscovery.ModFileParser/LOADING]: Considering mod file candidate /var/opt/minecraft/crafty/crafty-4/servers/f208f13f-03b8-42f4-b07e-02f1dff6f964/mods/FarmersDelight-1.21.1-1.3.2.jar
[20Jul2026 16:47:32.549] [main/DEBUG] [net.neoforged.fml.loading.moddiscovery.ModFileInfo/LOADING]: Found valid mod file FarmersDelight-1.21.1-1.3.2.jar with {farmersdelight} mods - versions {1.3.2}
[20Jul2026 16:47:32.549] [main/INFO] [net.neoforged.fml.loading.moddiscovery.ModDiscoverer/SCAN]: Found mod file "FarmersDelight-1.21.1-1.3.2.jar" [locator: {mods folder locator at /var/opt/minecraft/crafty/crafty-4/servers/f208f13f-03b8-42f4-b07e-02f1dff6f964/mods}, reader: mod manifest]
[20Jul2026 16:47:32.549] [main/DEBUG] [net.neoforged.fml.loading.moddiscovery.readers.JarModsDotTomlModFileReader/SCAN]: Found META-INF/neoforge.mods.toml mod of type null: /var/opt/minecraft/crafty/crafty-4/servers/f208f13f-03b8-42f4-b07e-02f1dff6f964/mods/FastSuite-1.21.1-6.0.7.jar
[20Jul2026 16:47:32.549] [main/DEBUG] [net.neoforged.fml.loading.moddiscovery.ModFileParser/LOADING]: Considering mod file candidate /var/opt/minecraft/crafty/crafty-4/servers/f208f13f-03b8-42f4-b07e-02f1dff6f964/mods/FastSuite-1.21.1-6.0.7.jar
[20Jul2026 16:47:32.549] [main/DEBUG] [net.neoforged.fml.loading.moddiscovery.ModFileInfo/LOADING]: Found valid mod file FastSuite-1.21.1-6.0.7.jar with {fastsuite} mods - versions {6.0.7}
[20Jul2026 16:47:32.549] [main/INFO] [net.neoforged.fml.loading.moddiscovery.ModDiscoverer/SCAN]: Found mod file "FastSuite-1.21.1-6.0.7.jar" [locator: {mods folder locator at /var/opt/minecraft/crafty/crafty-4/servers/f208f13f-03b8-42f4-b07e-02f1dff6f964/mods}, reader: mod manifest]
[20Jul2026 16:47:32.553] [main/DEBUG] [net.neoforged.fml.loading.moddiscovery.readers.JarModsDotTomlModFileReader/SCAN]: Found META-INF/neoforge.mods.toml mod of type null: /var/opt/minecraft/crafty/crafty-4/servers/f208f13f-03b8-42f4-b07e-02f1dff6f964/mods/ferritecore-7.0.3-neoforge.jar
[20Jul2026 16:47:32.553] [main/DEBUG] [net.neoforged.fml.loading.moddiscovery.ModFileParser/LOADING]: Considering mod file candidate /var/opt/minecraft/crafty/crafty-4/servers/f208f13f-03b8-42f4-b07e-02f1dff6f964/mods/ferritecore-7.0.3-neoforge.jar
[20Jul2026 16:47:32.553] [main/DEBUG] [net.neoforged.fml.loading.moddiscovery.ModFileInfo/LOADING]: Found valid mod file ferritecore-7.0.3-neoforge.jar with {ferritecore} mods - versions {7.0.3}
[20Jul2026 16:47:32.553] [main/INFO] [net.neoforged.fml.loading.moddiscovery.ModDiscoverer/SCAN]: Found mod file "ferritecore-7.0.3-neoforge.jar" [locator: {mods folder locator at /var/opt/minecraft/crafty/crafty-4/servers/f208f13f-03b8-42f4-b07e-02f1dff6f964/mods}, reader: mod manifest]
[20Jul2026 16:47:32.553] [main/DEBUG] [net.neoforged.fml.loading.moddiscovery.readers.JarModsDotTomlModFileReader/SCAN]: Found META-INF/neoforge.mods.toml mod of type null: /var/opt/minecraft/crafty/crafty-4/servers/f208f13f-03b8-42f4-b07e-02f1dff6f964/mods/forgified-fabric-api-0.116.7+2.2.4+1.21.1.jar
[20Jul2026 16:47:32.553] [main/DEBUG] [net.neoforged.fml.loading.moddiscovery.ModFileParser/LOADING]: Considering mod file candidate /var/opt/minecraft/crafty/crafty-4/servers/f208f13f-03b8-42f4-b07e-02f1dff6f964/mods/forgified-fabric-api-0.116.7+2.2.4+1.21.1.jar
[20Jul2026 16:47:32.554] [main/DEBUG] [net.neoforged.fml.loading.moddiscovery.ModFileInfo/LOADING]: Found valid mod file forgified-fabric-api-0.116.7+2.2.4+1.21.1.jar with {fabric_api,forgified_fabric_api} mods - versions {0.116.7+2.2.4+1.21.1,0.116.7+2.2.4+1.21.1}
[20Jul2026 16:47:32.554] [main/INFO] [net.neoforged.fml.loading.moddiscovery.ModDiscoverer/SCAN]: Found mod file "forgified-fabric-api-0.116.7+2.2.4+1.21.1.jar" [locator: {mods folder locator at /var/opt/minecraft/crafty/crafty-4/servers/f208f13f-03b8-42f4-b07e-02f1dff6f964/mods}, reader: mod manifest]
[20Jul2026 16:47:32.554] [main/DEBUG] [net.neoforged.fml.loading.moddiscovery.readers.JarModsDotTomlModFileReader/SCAN]: Found META-INF/neoforge.mods.toml mod of type null: /var/opt/minecraft/crafty/crafty-4/servers/f208f13f-03b8-42f4-b07e-02f1dff6f964/mods/fusion-1.2.12-neoforge-mc1.21.1.jar
[20Jul2026 16:47:32.554] [main/DEBUG] [net.neoforged.fml.loading.moddiscovery.ModFileParser/LOADING]: Considering mod file candidate /var/opt/minecraft/crafty/crafty-4/servers/f208f13f-03b8-42f4-b07e-02f1dff6f964/mods/fusion-1.2.12-neoforge-mc1.21.1.jar
[20Jul2026 16:47:32.555] [main/DEBUG] [net.neoforged.fml.loading.moddiscovery.ModFileInfo/LOADING]: Found valid mod file fusion-1.2.12-neoforge-mc1.21.1.jar with {fusion} mods - versions {1.2.12}
[20Jul2026 16:47:32.555] [main/INFO] [net.neoforged.fml.loading.moddiscovery.ModDiscoverer/SCAN]: Found mod file "fusion-1.2.12-neoforge-mc1.21.1.jar" [locator: {mods folder locator at /var/opt/minecraft/crafty/crafty-4/servers/f208f13f-03b8-42f4-b07e-02f1dff6f964/mods}, reader: mod manifest]
[20Jul2026 16:47:32.555] [main/DEBUG] [net.neoforged.fml.loading.moddiscovery.readers.JarModsDotTomlModFileReader/SCAN]: Found META-INF/neoforge.mods.toml mod of type null: /var/opt/minecraft/crafty/crafty-4/servers/f208f13f-03b8-42f4-b07e-02f1dff6f964/mods/fxntstorage-1.2.7+mc-1.21.1-neoforge.jar
[20Jul2026 16:47:32.555] [main/DEBUG] [net.neoforged.fml.loading.moddiscovery.ModFileParser/LOADING]: Considering mod file candidate /var/opt/minecraft/crafty/crafty-4/servers/f208f13f-03b8-42f4-b07e-02f1dff6f964/mods/fxntstorage-1.2.7+mc-1.21.1-neoforge.jar
[20Jul2026 16:47:32.556] [main/DEBUG] [net.neoforged.fml.loading.moddiscovery.ModFileInfo/LOADING]: Found valid mod file fxntstorage-1.2.7+mc-1.21.1-neoforge.jar with {fxntstorage} mods - versions {1.2.7}
[20Jul2026 16:47:32.556] [main/INFO] [net.neoforged.fml.loading.moddiscovery.ModDiscoverer/SCAN]: Found mod file "fxntstorage-1.2.7+mc-1.21.1-neoforge.jar" [locator: {mods folder locator at /var/opt/minecraft/crafty/crafty-4/servers/f208f13f-03b8-42f4-b07e-02f1dff6f964/mods}, reader: mod manifest]
[20Jul2026 16:47:32.556] [main/DEBUG] [net.neoforged.fml.loading.moddiscovery.readers.JarModsDotTomlModFileReader/SCAN]: Found META-INF/neoforge.mods.toml mod of type null: /var/opt/minecraft/crafty/crafty-4/servers/f208f13f-03b8-42f4-b07e-02f1dff6f964/mods/fzzy_config-0.7.6+1.21+neoforge.jar
[20Jul2026 16:47:32.556] [main/DEBUG] [net.neoforged.fml.loading.moddiscovery.ModFileParser/LOADING]: Considering mod file candidate /var/opt/minecraft/crafty/crafty-4/servers/f208f13f-03b8-42f4-b07e-02f1dff6f964/mods/fzzy_config-0.7.6+1.21+neoforge.jar
[20Jul2026 16:47:32.556] [main/DEBUG] [net.neoforged.fml.loading.moddiscovery.ModFileInfo/LOADING]: Found valid mod file fzzy_config-0.7.6+1.21+neoforge.jar with {fzzy_config} mods - versions {0.7.6+1.21+neoforge}
[20Jul2026 16:47:32.556] [main/INFO] [net.neoforged.fml.loading.moddiscovery.ModDiscoverer/SCAN]: Found mod file "fzzy_config-0.7.6+1.21+neoforge.jar" [locator: {mods folder locator at /var/opt/minecraft/crafty/crafty-4/servers/f208f13f-03b8-42f4-b07e-02f1dff6f964/mods}, reader: mod manifest]
[20Jul2026 16:47:32.557] [main/DEBUG] [net.neoforged.fml.loading.moddiscovery.readers.JarModsDotTomlModFileReader/SCAN]: Found META-INF/neoforge.mods.toml mod of type null: /var/opt/minecraft/crafty/crafty-4/servers/f208f13f-03b8-42f4-b07e-02f1dff6f964/mods/geckolib-neoforge-1.21.1-4.8.4.jar
[20Jul2026 16:47:32.557] [main/DEBUG] [net.neoforged.fml.loading.moddiscovery.ModFileParser/LOADING]: Considering mod file candidate /var/opt/minecraft/crafty/crafty-4/servers/f208f13f-03b8-42f4-b07e-02f1dff6f964/mods/geckolib-neoforge-1.21.1-4.8.4.jar
[20Jul2026 16:47:32.557] [main/DEBUG] [net.neoforged.fml.loading.moddiscovery.ModFileInfo/LOADING]: Found valid mod file geckolib-neoforge-1.21.1-4.8.4.jar with {geckolib} mods - versions {4.8.4}
[20Jul2026 16:47:32.557] [main/INFO] [net.neoforged.fml.loading.moddiscovery.ModDiscoverer/SCAN]: Found mod file "geckolib-neoforge-1.21.1-4.8.4.jar" [locator: {mods folder locator at /var/opt/minecraft/crafty/crafty-4/servers/f208f13f-03b8-42f4-b07e-02f1dff6f964/mods}, reader: mod manifest]
[20Jul2026 16:47:32.558] [main/DEBUG] [net.neoforged.fml.loading.moddiscovery.readers.JarModsDotTomlModFileReader/SCAN]: Found META-INF/neoforge.mods.toml mod of type null: /var/opt/minecraft/crafty/crafty-4/servers/f208f13f-03b8-42f4-b07e-02f1dff6f964/mods/Geophilic v3.5.mod.jar
[20Jul2026 16:47:32.558] [main/DEBUG] [net.neoforged.fml.loading.moddiscovery.ModFileParser/LOADING]: Considering mod file candidate /var/opt/minecraft/crafty/crafty-4/servers/f208f13f-03b8-42f4-b07e-02f1dff6f964/mods/Geophilic v3.5.mod.jar
[20Jul2026 16:47:32.558] [main/DEBUG] [net.neoforged.fml.loading.moddiscovery.ModFileInfo/LOADING]: Found valid mod file Geophilic v3.5.mod.jar with {geophilic} mods - versions {3.5}
[20Jul2026 16:47:32.558] [main/INFO] [net.neoforged.fml.loading.moddiscovery.ModDiscoverer/SCAN]: Found mod file "Geophilic v3.5.mod.jar" [locator: {mods folder locator at /var/opt/minecraft/crafty/crafty-4/servers/f208f13f-03b8-42f4-b07e-02f1dff6f964/mods}, reader: mod manifest]
[20Jul2026 16:47:32.558] [main/DEBUG] [net.neoforged.fml.loading.moddiscovery.readers.JarModsDotTomlModFileReader/SCAN]: Found META-INF/neoforge.mods.toml mod of type null: /var/opt/minecraft/crafty/crafty-4/servers/f208f13f-03b8-42f4-b07e-02f1dff6f964/mods/gml-6.0.2.jar
[20Jul2026 16:47:32.558] [main/DEBUG] [net.neoforged.fml.loading.moddiscovery.ModFileParser/LOADING]: Considering mod file candidate /var/opt/minecraft/crafty/crafty-4/servers/f208f13f-03b8-42f4-b07e-02f1dff6f964/mods/gml-6.0.2.jar
[20Jul2026 16:47:32.559] [main/DEBUG] [net.neoforged.fml.loading.moddiscovery.ModFileInfo/LOADING]: Found valid mod file gml-6.0.2.jar with {gml} mods - versions {6.0.2}
[20Jul2026 16:47:32.559] [main/INFO] [net.neoforged.fml.loading.moddiscovery.ModDiscoverer/SCAN]: Found mod file "gml-6.0.2.jar" [locator: {mods folder locator at /var/opt/minecraft/crafty/crafty-4/servers/f208f13f-03b8-42f4-b07e-02f1dff6f964/mods}, reader: mod manifest]
[20Jul2026 16:47:32.559] [main/DEBUG] [net.neoforged.fml.loading.moddiscovery.readers.JarModsDotTomlModFileReader/SCAN]: Found META-INF/neoforge.mods.toml mod of type null: /var/opt/minecraft/crafty/crafty-4/servers/f208f13f-03b8-42f4-b07e-02f1dff6f964/mods/GPUTape-1.20.6-1.21x-1.0.3.jar
[20Jul2026 16:47:32.559] [main/DEBUG] [net.neoforged.fml.loading.moddiscovery.ModFileParser/LOADING]: Considering mod file candidate /var/opt/minecraft/crafty/crafty-4/servers/f208f13f-03b8-42f4-b07e-02f1dff6f964/mods/GPUTape-1.20.6-1.21x-1.0.3.jar
[20Jul2026 16:47:32.559] [main/DEBUG] [net.neoforged.fml.loading.moddiscovery.ModFileInfo/LOADING]: Found valid mod file GPUTape-1.20.6-1.21x-1.0.3.jar with {gpu_tape} mods - versions {1.0.2}
[20Jul2026 16:47:32.559] [main/INFO] [net.neoforged.fml.loading.moddiscovery.ModDiscoverer/SCAN]: Found mod file "GPUTape-1.20.6-1.21x-1.0.3.jar" [locator: {mods folder locator at /var/opt/minecraft/crafty/crafty-4/servers/f208f13f-03b8-42f4-b07e-02f1dff6f964/mods}, reader: mod manifest]
[20Jul2026 16:47:32.561] [main/DEBUG] [net.neoforged.fml.loading.moddiscovery.readers.JarModsDotTomlModFileReader/SCAN]: Found META-INF/neoforge.mods.toml mod of type null: /var/opt/minecraft/crafty/crafty-4/servers/f208f13f-03b8-42f4-b07e-02f1dff6f964/mods/iChunUtil-1.21-NeoForge-1.0.3.jar
[20Jul2026 16:47:32.561] [main/DEBUG] [net.neoforged.fml.loading.moddiscovery.ModFileParser/LOADING]: Considering mod file candidate /var/opt/minecraft/crafty/crafty-4/servers/f208f13f-03b8-42f4-b07e-02f1dff6f964/mods/iChunUtil-1.21-NeoForge-1.0.3.jar
[20Jul2026 16:47:32.562] [main/DEBUG] [net.neoforged.fml.loading.moddiscovery.ModFileInfo/LOADING]: Found valid mod file iChunUtil-1.21-NeoForge-1.0.3.jar with {ichunutil} mods - versions {1.0.3}
[20Jul2026 16:47:32.562] [main/INFO] [net.neoforged.fml.loading.moddiscovery.ModDiscoverer/SCAN]: Found mod file "iChunUtil-1.21-NeoForge-1.0.3.jar" [locator: {mods folder locator at /var/opt/minecraft/crafty/crafty-4/servers/f208f13f-03b8-42f4-b07e-02f1dff6f964/mods}, reader: mod manifest]
[20Jul2026 16:47:32.562] [main/DEBUG] [net.neoforged.fml.loading.moddiscovery.readers.JarModsDotTomlModFileReader/SCAN]: Found META-INF/neoforge.mods.toml mod of type null: /var/opt/minecraft/crafty/crafty-4/servers/f208f13f-03b8-42f4-b07e-02f1dff6f964/mods/improved-village-placement-1.1.1.jar
[20Jul2026 16:47:32.562] [main/DEBUG] [net.neoforged.fml.loading.moddiscovery.ModFileParser/LOADING]: Considering mod file candidate /var/opt/minecraft/crafty/crafty-4/servers/f208f13f-03b8-42f4-b07e-02f1dff6f964/mods/improved-village-placement-1.1.1.jar
[20Jul2026 16:47:32.562] [main/DEBUG] [net.neoforged.fml.loading.moddiscovery.ModFileInfo/LOADING]: Found valid mod file improved-village-placement-1.1.1.jar with {improved_village_placement} mods - versions {1.1.2}
[20Jul2026 16:47:32.562] [main/INFO] [net.neoforged.fml.loading.moddiscovery.ModDiscoverer/SCAN]: Found mod file "improved-village-placement-1.1.1.jar" [locator: {mods folder locator at /var/opt/minecraft/crafty/crafty-4/servers/f208f13f-03b8-42f4-b07e-02f1dff6f964/mods}, reader: mod manifest]
[20Jul2026 16:47:32.564] [main/DEBUG] [net.neoforged.fml.loading.moddiscovery.readers.JarModsDotTomlModFileReader/SCAN]: Found META-INF/neoforge.mods.toml mod of type null: /var/opt/minecraft/crafty/crafty-4/servers/f208f13f-03b8-42f4-b07e-02f1dff6f964/mods/Incendium_1.21.x_v5.4.4.jar
[20Jul2026 16:47:32.564] [main/DEBUG] [net.neoforged.fml.loading.moddiscovery.ModFileParser/LOADING]: Considering mod file candidate /var/opt/minecraft/crafty/crafty-4/servers/f208f13f-03b8-42f4-b07e-02f1dff6f964/mods/Incendium_1.21.x_v5.4.4.jar
[20Jul2026 16:47:32.564] [main/DEBUG] [net.neoforged.fml.loading.moddiscovery.ModFileInfo/LOADING]: Found valid mod file Incendium_1.21.x_v5.4.4.jar with {incendium} mods - versions {5.4.3}
[20Jul2026 16:47:32.564] [main/INFO] [net.neoforged.fml.loading.moddiscovery.ModDiscoverer/SCAN]: Found mod file "Incendium_1.21.x_v5.4.4.jar" [locator: {mods folder locator at /var/opt/minecraft/crafty/crafty-4/servers/f208f13f-03b8-42f4-b07e-02f1dff6f964/mods}, reader: mod manifest]
[20Jul2026 16:47:32.564] [main/DEBUG] [net.neoforged.fml.loading.moddiscovery.readers.JarModsDotTomlModFileReader/SCAN]: Found META-INF/neoforge.mods.toml mod of type null: /var/opt/minecraft/crafty/crafty-4/servers/f208f13f-03b8-42f4-b07e-02f1dff6f964/mods/interiors-1.21.1-neoforge-0.6.1.jar
[20Jul2026 16:47:32.564] [main/DEBUG] [net.neoforged.fml.loading.moddiscovery.ModFileParser/LOADING]: Considering mod file candidate /var/opt/minecraft/crafty/crafty-4/servers/f208f13f-03b8-42f4-b07e-02f1dff6f964/mods/interiors-1.21.1-neoforge-0.6.1.jar
[20Jul2026 16:47:32.565] [main/DEBUG] [net.neoforged.fml.loading.moddiscovery.ModFileInfo/LOADING]: Found valid mod file interiors-1.21.1-neoforge-0.6.1.jar with {interiors} mods - versions {0.6.1}
[20Jul2026 16:47:32.565] [main/INFO] [net.neoforged.fml.loading.moddiscovery.ModDiscoverer/SCAN]: Found mod file "interiors-1.21.1-neoforge-0.6.1.jar" [locator: {mods folder locator at /var/opt/minecraft/crafty/crafty-4/servers/f208f13f-03b8-42f4-b07e-02f1dff6f964/mods}, reader: mod manifest]
[20Jul2026 16:47:32.565] [main/DEBUG] [net.neoforged.fml.loading.moddiscovery.ModDiscoverer/]: Skipping /var/opt/minecraft/crafty/crafty-4/servers/f208f13f-03b8-42f4-b07e-02f1dff6f964/mods/Ixeris-4.4.4+1.21.1-neoforge.jar because it was already located earlier
[20Jul2026 16:47:32.565] [main/DEBUG] [net.neoforged.fml.loading.moddiscovery.readers.JarModsDotTomlModFileReader/SCAN]: Found META-INF/neoforge.mods.toml mod of type null: /var/opt/minecraft/crafty/crafty-4/servers/f208f13f-03b8-42f4-b07e-02f1dff6f964/mods/Jade-1.21.1-NeoForge-15.10.5.jar
[20Jul2026 16:47:32.565] [main/DEBUG] [net.neoforged.fml.loading.moddiscovery.ModFileParser/LOADING]: Considering mod file candidate /var/opt/minecraft/crafty/crafty-4/servers/f208f13f-03b8-42f4-b07e-02f1dff6f964/mods/Jade-1.21.1-NeoForge-15.10.5.jar
[20Jul2026 16:47:32.565] [main/DEBUG] [net.neoforged.fml.loading.moddiscovery.ModFileInfo/LOADING]: Found valid mod file Jade-1.21.1-NeoForge-15.10.5.jar with {jade} mods - versions {15.10.5+neoforge}
[20Jul2026 16:47:32.565] [main/INFO] [net.neoforged.fml.loading.moddiscovery.ModDiscoverer/SCAN]: Found mod file "Jade-1.21.1-NeoForge-15.10.5.jar" [locator: {mods folder locator at /var/opt/minecraft/crafty/crafty-4/servers/f208f13f-03b8-42f4-b07e-02f1dff6f964/mods}, reader: mod manifest]
[20Jul2026 16:47:32.566] [main/DEBUG] [net.neoforged.fml.loading.moddiscovery.readers.JarModsDotTomlModFileReader/SCAN]: Found META-INF/neoforge.mods.toml mod of type null: /var/opt/minecraft/crafty/crafty-4/servers/f208f13f-03b8-42f4-b07e-02f1dff6f964/mods/JadeAddons-1.21.1-NeoForge-6.1.0.jar
[20Jul2026 16:47:32.566] [main/DEBUG] [net.neoforged.fml.loading.moddiscovery.ModFileParser/LOADING]: Considering mod file candidate /var/opt/minecraft/crafty/crafty-4/servers/f208f13f-03b8-42f4-b07e-02f1dff6f964/mods/JadeAddons-1.21.1-NeoForge-6.1.0.jar
[20Jul2026 16:47:32.566] [main/DEBUG] [net.neoforged.fml.loading.moddiscovery.ModFileInfo/LOADING]: Found valid mod file JadeAddons-1.21.1-NeoForge-6.1.0.jar with {jadeaddons} mods - versions {6.1.0+neoforge}
[20Jul2026 16:47:32.566] [main/INFO] [net.neoforged.fml.loading.moddiscovery.ModDiscoverer/SCAN]: Found mod file "JadeAddons-1.21.1-NeoForge-6.1.0.jar" [locator: {mods folder locator at /var/opt/minecraft/crafty/crafty-4/servers/f208f13f-03b8-42f4-b07e-02f1dff6f964/mods}, reader: mod manifest]
[20Jul2026 16:47:32.566] [main/DEBUG] [net.neoforged.fml.loading.moddiscovery.readers.JarModsDotTomlModFileReader/SCAN]: Found META-INF/neoforge.mods.toml mod of type null: /var/opt/minecraft/crafty/crafty-4/servers/f208f13f-03b8-42f4-b07e-02f1dff6f964/mods/jademoddedentities-neoforge-1.21.1-1.3.1.jar
[20Jul2026 16:47:32.566] [main/DEBUG] [net.neoforged.fml.loading.moddiscovery.ModFileParser/LOADING]: Considering mod file candidate /var/opt/minecraft/crafty/crafty-4/servers/f208f13f-03b8-42f4-b07e-02f1dff6f964/mods/jademoddedentities-neoforge-1.21.1-1.3.1.jar
[20Jul2026 16:47:32.567] [main/DEBUG] [net.neoforged.fml.loading.moddiscovery.ModFileInfo/LOADING]: Found valid mod file jademoddedentities-neoforge-1.21.1-1.3.1.jar with {jademoddedentities} mods - versions {1.3.1}
[20Jul2026 16:47:32.567] [main/INFO] [net.neoforged.fml.loading.moddiscovery.ModDiscoverer/SCAN]: Found mod file "jademoddedentities-neoforge-1.21.1-1.3.1.jar" [locator: {mods folder locator at /var/opt/minecraft/crafty/crafty-4/servers/f208f13f-03b8-42f4-b07e-02f1dff6f964/mods}, reader: mod manifest]
[20Jul2026 16:47:32.567] [main/DEBUG] [net.neoforged.fml.loading.moddiscovery.readers.JarModsDotTomlModFileReader/SCAN]: Found META-INF/neoforge.mods.toml mod of type null: /var/opt/minecraft/crafty/crafty-4/servers/f208f13f-03b8-42f4-b07e-02f1dff6f964/mods/kambrik-neoforge-8.0.0-beta.2.jar
[20Jul2026 16:47:32.567] [main/DEBUG] [net.neoforged.fml.loading.moddiscovery.ModFileParser/LOADING]: Considering mod file candidate /var/opt/minecraft/crafty/crafty-4/servers/f208f13f-03b8-42f4-b07e-02f1dff6f964/mods/kambrik-neoforge-8.0.0-beta.2.jar
[20Jul2026 16:47:32.567] [main/DEBUG] [net.neoforged.fml.loading.moddiscovery.ModFileInfo/LOADING]: Found valid mod file kambrik-neoforge-8.0.0-beta.2.jar with {kambrik} mods - versions {8.0.0-beta.2}
[20Jul2026 16:47:32.567] [main/INFO] [net.neoforged.fml.loading.moddiscovery.ModDiscoverer/SCAN]: Found mod file "kambrik-neoforge-8.0.0-beta.2.jar" [locator: {mods folder locator at /var/opt/minecraft/crafty/crafty-4/servers/f208f13f-03b8-42f4-b07e-02f1dff6f964/mods}, reader: mod manifest]
[20Jul2026 16:47:32.567] [main/DEBUG] [net.neoforged.fml.loading.moddiscovery.readers.JarModsDotTomlModFileReader/SCAN]: Found META-INF/neoforge.mods.toml mod of type null: /var/opt/minecraft/crafty/crafty-4/servers/f208f13f-03b8-42f4-b07e-02f1dff6f964/mods/Kerria-1.3.0+1.21.1-neoforge.jar
[20Jul2026 16:47:32.567] [main/DEBUG] [net.neoforged.fml.loading.moddiscovery.ModFileParser/LOADING]: Considering mod file candidate /var/opt/minecraft/crafty/crafty-4/servers/f208f13f-03b8-42f4-b07e-02f1dff6f964/mods/Kerria-1.3.0+1.21.1-neoforge.jar
[20Jul2026 16:47:32.568] [main/DEBUG] [net.neoforged.fml.loading.moddiscovery.ModFileInfo/LOADING]: Found valid mod file Kerria-1.3.0+1.21.1-neoforge.jar with {kerria} mods - versions {1.3.0+1.21.1-neoforge}
[20Jul2026 16:47:32.568] [main/INFO] [net.neoforged.fml.loading.moddiscovery.ModDiscoverer/SCAN]: Found mod file "Kerria-1.3.0+1.21.1-neoforge.jar" [locator: {mods folder locator at /var/opt/minecraft/crafty/crafty-4/servers/f208f13f-03b8-42f4-b07e-02f1dff6f964/mods}, reader: mod manifest]
[20Jul2026 16:47:32.568] [main/DEBUG] [net.neoforged.fml.loading.moddiscovery.readers.JarModsDotTomlModFileReader/SCAN]: Found META-INF/neoforge.mods.toml mod of type null: /var/opt/minecraft/crafty/crafty-4/servers/f208f13f-03b8-42f4-b07e-02f1dff6f964/mods/Kiwi-1.21.1-NeoForge-15.8.4.jar
[20Jul2026 16:47:32.568] [main/DEBUG] [net.neoforged.fml.loading.moddiscovery.ModFileParser/LOADING]: Considering mod file candidate /var/opt/minecraft/crafty/crafty-4/servers/f208f13f-03b8-42f4-b07e-02f1dff6f964/mods/Kiwi-1.21.1-NeoForge-15.8.4.jar
[20Jul2026 16:47:32.569] [main/DEBUG] [net.neoforged.fml.loading.moddiscovery.ModFileInfo/LOADING]: Found valid mod file Kiwi-1.21.1-NeoForge-15.8.4.jar with {kiwi} mods - versions {15.8.4+neoforge}
[20Jul2026 16:47:32.569] [main/INFO] [net.neoforged.fml.loading.moddiscovery.ModDiscoverer/SCAN]: Found mod file "Kiwi-1.21.1-NeoForge-15.8.4.jar" [locator: {mods folder locator at /var/opt/minecraft/crafty/crafty-4/servers/f208f13f-03b8-42f4-b07e-02f1dff6f964/mods}, reader: mod manifest]
[20Jul2026 16:47:32.569] [main/DEBUG] [net.neoforged.fml.loading.moddiscovery.readers.JarModsDotTomlModFileReader/SCAN]: Found META-INF/neoforge.mods.toml mod of type null: /var/opt/minecraft/crafty/crafty-4/servers/f208f13f-03b8-42f4-b07e-02f1dff6f964/mods/konkrete_neoforge_1.9.9_MC_1.21.jar
[20Jul2026 16:47:32.569] [main/DEBUG] [net.neoforged.fml.loading.moddiscovery.ModFileParser/LOADING]: Considering mod file candidate /var/opt/minecraft/crafty/crafty-4/servers/f208f13f-03b8-42f4-b07e-02f1dff6f964/mods/konkrete_neoforge_1.9.9_MC_1.21.jar
[20Jul2026 16:47:32.569] [main/DEBUG] [net.neoforged.fml.loading.moddiscovery.ModFileInfo/LOADING]: Found valid mod file konkrete_neoforge_1.9.9_MC_1.21.jar with {konkrete} mods - versions {1.9.9}
[20Jul2026 16:47:32.569] [main/INFO] [net.neoforged.fml.loading.moddiscovery.ModDiscoverer/SCAN]: Found mod file "konkrete_neoforge_1.9.9_MC_1.21.jar" [locator: {mods folder locator at /var/opt/minecraft/crafty/crafty-4/servers/f208f13f-03b8-42f4-b07e-02f1dff6f964/mods}, reader: mod manifest]
[20Jul2026 16:47:32.569] [main/DEBUG] [net.neoforged.fml.loading.moddiscovery.readers.JarModsDotTomlModFileReader/SCAN]: Found META-INF/MANIFEST.MF mod of type LIBRARY: /var/opt/minecraft/crafty/crafty-4/servers/f208f13f-03b8-42f4-b07e-02f1dff6f964/mods/kotlinforforge-5.11.0-all.jar
[20Jul2026 16:47:32.570] [main/INFO] [net.neoforged.fml.loading.moddiscovery.ModDiscoverer/SCAN]: Found library file "kotlinforforge-5.11.0-all.jar" [locator: {mods folder locator at /var/opt/minecraft/crafty/crafty-4/servers/f208f13f-03b8-42f4-b07e-02f1dff6f964/mods}, reader: mod manifest]
[20Jul2026 16:47:32.570] [main/DEBUG] [net.neoforged.fml.loading.moddiscovery.readers.JarModsDotTomlModFileReader/SCAN]: Found META-INF/neoforge.mods.toml mod of type null: /var/opt/minecraft/crafty/crafty-4/servers/f208f13f-03b8-42f4-b07e-02f1dff6f964/mods/lambdynamiclights-4.8.8+1.21.1.jar
[20Jul2026 16:47:32.570] [main/DEBUG] [net.neoforged.fml.loading.moddiscovery.ModFileParser/LOADING]: Considering mod file candidate /var/opt/minecraft/crafty/crafty-4/servers/f208f13f-03b8-42f4-b07e-02f1dff6f964/mods/lambdynamiclights-4.8.8+1.21.1.jar
[20Jul2026 16:47:32.570] [main/DEBUG] [net.neoforged.fml.loading.moddiscovery.ModFileInfo/LOADING]: Found valid mod file lambdynamiclights-4.8.8+1.21.1.jar with {lambdynlights} mods - versions {4.8.8+1.21.1}
[20Jul2026 16:47:32.571] [main/INFO] [net.neoforged.fml.loading.moddiscovery.ModDiscoverer/SCAN]: Found mod file "lambdynamiclights-4.8.8+1.21.1.jar" [locator: {mods folder locator at /var/opt/minecraft/crafty/crafty-4/servers/f208f13f-03b8-42f4-b07e-02f1dff6f964/mods}, reader: mod manifest]
[20Jul2026 16:47:32.571] [main/DEBUG] [net.neoforged.fml.loading.moddiscovery.readers.JarModsDotTomlModFileReader/SCAN]: Found META-INF/neoforge.mods.toml mod of type null: /var/opt/minecraft/crafty/crafty-4/servers/f208f13f-03b8-42f4-b07e-02f1dff6f964/mods/letmedespawn-1.21.x-neoforge-1.5.0.jar
[20Jul2026 16:47:32.571] [main/DEBUG] [net.neoforged.fml.loading.moddiscovery.ModFileParser/LOADING]: Considering mod file candidate /var/opt/minecraft/crafty/crafty-4/servers/f208f13f-03b8-42f4-b07e-02f1dff6f964/mods/letmedespawn-1.21.x-neoforge-1.5.0.jar
[20Jul2026 16:47:32.571] [main/DEBUG] [net.neoforged.fml.loading.moddiscovery.ModFileInfo/LOADING]: Found valid mod file letmedespawn-1.21.x-neoforge-1.5.0.jar with {letmedespawn} mods - versions {1.5.0}
[20Jul2026 16:47:32.571] [main/INFO] [net.neoforged.fml.loading.moddiscovery.ModDiscoverer/SCAN]: Found mod file "letmedespawn-1.21.x-neoforge-1.5.0.jar" [locator: {mods folder locator at /var/opt/minecraft/crafty/crafty-4/servers/f208f13f-03b8-42f4-b07e-02f1dff6f964/mods}, reader: mod manifest]
[20Jul2026 16:47:32.571] [main/DEBUG] [net.neoforged.fml.loading.moddiscovery.readers.JarModsDotTomlModFileReader/SCAN]: Found META-INF/neoforge.mods.toml mod of type null: /var/opt/minecraft/crafty/crafty-4/servers/f208f13f-03b8-42f4-b07e-02f1dff6f964/mods/libraryferret-neoforge-1.21.1-4.0.0.jar
[20Jul2026 16:47:32.571] [main/DEBUG] [net.neoforged.fml.loading.moddiscovery.ModFileParser/LOADING]: Considering mod file candidate /var/opt/minecraft/crafty/crafty-4/servers/f208f13f-03b8-42f4-b07e-02f1dff6f964/mods/libraryferret-neoforge-1.21.1-4.0.0.jar
[20Jul2026 16:47:32.572] [main/DEBUG] [net.neoforged.fml.loading.moddiscovery.ModFileInfo/LOADING]: Found valid mod file libraryferret-neoforge-1.21.1-4.0.0.jar with {libraryferret} mods - versions {4.0.0}
[20Jul2026 16:47:32.572] [main/INFO] [net.neoforged.fml.loading.moddiscovery.ModDiscoverer/SCAN]: Found mod file "libraryferret-neoforge-1.21.1-4.0.0.jar" [locator: {mods folder locator at /var/opt/minecraft/crafty/crafty-4/servers/f208f13f-03b8-42f4-b07e-02f1dff6f964/mods}, reader: mod manifest]
[20Jul2026 16:47:32.572] [main/DEBUG] [net.neoforged.fml.loading.moddiscovery.readers.JarModsDotTomlModFileReader/SCAN]: Found META-INF/neoforge.mods.toml mod of type null: /var/opt/minecraft/crafty/crafty-4/servers/f208f13f-03b8-42f4-b07e-02f1dff6f964/mods/lithium-neoforge-0.15.3+mc1.21.1.jar
[20Jul2026 16:47:32.572] [main/DEBUG] [net.neoforged.fml.loading.moddiscovery.ModFileParser/LOADING]: Considering mod file candidate /var/opt/minecraft/crafty/crafty-4/servers/f208f13f-03b8-42f4-b07e-02f1dff6f964/mods/lithium-neoforge-0.15.3+mc1.21.1.jar
[20Jul2026 16:47:32.573] [main/DEBUG] [net.neoforged.fml.loading.moddiscovery.ModFileInfo/LOADING]: Found valid mod file lithium-neoforge-0.15.3+mc1.21.1.jar with {lithium} mods - versions {0.15.3+mc1.21.1}
[20Jul2026 16:47:32.573] [main/INFO] [net.neoforged.fml.loading.moddiscovery.ModDiscoverer/SCAN]: Found mod file "lithium-neoforge-0.15.3+mc1.21.1.jar" [locator: {mods folder locator at /var/opt/minecraft/crafty/crafty-4/servers/f208f13f-03b8-42f4-b07e-02f1dff6f964/mods}, reader: mod manifest]
[20Jul2026 16:47:32.573] [main/DEBUG] [net.neoforged.fml.loading.moddiscovery.readers.JarModsDotTomlModFileReader/SCAN]: Found META-INF/neoforge.mods.toml mod of type null: /var/opt/minecraft/crafty/crafty-4/servers/f208f13f-03b8-42f4-b07e-02f1dff6f964/mods/lithosphere-1.8-1.21.1-8-BETA.jar
[20Jul2026 16:47:32.573] [main/DEBUG] [net.neoforged.fml.loading.moddiscovery.ModFileParser/LOADING]: Considering mod file candidate /var/opt/minecraft/crafty/crafty-4/servers/f208f13f-03b8-42f4-b07e-02f1dff6f964/mods/lithosphere-1.8-1.21.1-8-BETA.jar
[20Jul2026 16:47:32.573] [main/DEBUG] [net.neoforged.fml.loading.moddiscovery.ModFileInfo/LOADING]: Found valid mod file lithosphere-1.8-1.21.1-8-BETA.jar with {mr_lithosphere} mods - versions {1.7}
[20Jul2026 16:47:32.573] [main/INFO] [net.neoforged.fml.loading.moddiscovery.ModDiscoverer/SCAN]: Found mod file "lithosphere-1.8-1.21.1-8-BETA.jar" [locator: {mods folder locator at /var/opt/minecraft/crafty/crafty-4/servers/f208f13f-03b8-42f4-b07e-02f1dff6f964/mods}, reader: mod manifest]
[20Jul2026 16:47:32.573] [main/DEBUG] [net.neoforged.fml.loading.moddiscovery.readers.JarModsDotTomlModFileReader/SCAN]: Found META-INF/neoforge.mods.toml mod of type null: /var/opt/minecraft/crafty/crafty-4/servers/f208f13f-03b8-42f4-b07e-02f1dff6f964/mods/lithostitched-1.7.9-neoforge-21.1.jar
[20Jul2026 16:47:32.573] [main/DEBUG] [net.neoforged.fml.loading.moddiscovery.ModFileParser/LOADING]: Considering mod file candidate /var/opt/minecraft/crafty/crafty-4/servers/f208f13f-03b8-42f4-b07e-02f1dff6f964/mods/lithostitched-1.7.9-neoforge-21.1.jar
[20Jul2026 16:47:32.574] [main/DEBUG] [net.neoforged.fml.loading.moddiscovery.ModFileInfo/LOADING]: Found valid mod file lithostitched-1.7.9-neoforge-21.1.jar with {lithostitched} mods - versions {1.7.9}
[20Jul2026 16:47:32.574] [main/INFO] [net.neoforged.fml.loading.moddiscovery.ModDiscoverer/SCAN]: Found mod file "lithostitched-1.7.9-neoforge-21.1.jar" [locator: {mods folder locator at /var/opt/minecraft/crafty/crafty-4/servers/f208f13f-03b8-42f4-b07e-02f1dff6f964/mods}, reader: mod manifest]
[20Jul2026 16:47:32.574] [main/DEBUG] [net.neoforged.fml.loading.moddiscovery.readers.JarModsDotTomlModFileReader/SCAN]: Found META-INF/neoforge.mods.toml mod of type null: /var/opt/minecraft/crafty/crafty-4/servers/f208f13f-03b8-42f4-b07e-02f1dff6f964/mods/lodestone-1.21.1-1.8.2.jar
[20Jul2026 16:47:32.574] [main/DEBUG] [net.neoforged.fml.loading.moddiscovery.ModFileParser/LOADING]: Considering mod file candidate /var/opt/minecraft/crafty/crafty-4/servers/f208f13f-03b8-42f4-b07e-02f1dff6f964/mods/lodestone-1.21.1-1.8.2.jar
[20Jul2026 16:47:32.574] [main/DEBUG] [net.neoforged.fml.loading.moddiscovery.ModFileInfo/LOADING]: Found valid mod file lodestone-1.21.1-1.8.2.jar with {lodestone} mods - versions {1.8.2}
[20Jul2026 16:47:32.574] [main/INFO] [net.neoforged.fml.loading.moddiscovery.ModDiscoverer/SCAN]: Found mod file "lodestone-1.21.1-1.8.2.jar" [locator: {mods folder locator at /var/opt/minecraft/crafty/crafty-4/servers/f208f13f-03b8-42f4-b07e-02f1dff6f964/mods}, reader: mod manifest]
[20Jul2026 16:47:32.575] [main/DEBUG] [net.neoforged.fml.loading.moddiscovery.readers.JarModsDotTomlModFileReader/SCAN]: Found META-INF/neoforge.mods.toml mod of type null: /var/opt/minecraft/crafty/crafty-4/servers/f208f13f-03b8-42f4-b07e-02f1dff6f964/mods/lootr-neoforge-1.21.1-1.11.37.120.jar
[20Jul2026 16:47:32.575] [main/DEBUG] [net.neoforged.fml.loading.moddiscovery.ModFileParser/LOADING]: Considering mod file candidate /var/opt/minecraft/crafty/crafty-4/servers/f208f13f-03b8-42f4-b07e-02f1dff6f964/mods/lootr-neoforge-1.21.1-1.11.37.120.jar
[20Jul2026 16:47:32.575] [main/DEBUG] [net.neoforged.fml.loading.moddiscovery.ModFileInfo/LOADING]: Found valid mod file lootr-neoforge-1.21.1-1.11.37.120.jar with {lootr} mods - versions {1.21.1-1.11.37.120}
[20Jul2026 16:47:32.575] [main/INFO] [net.neoforged.fml.loading.moddiscovery.ModDiscoverer/SCAN]: Found mod file "lootr-neoforge-1.21.1-1.11.37.120.jar" [locator: {mods folder locator at /var/opt/minecraft/crafty/crafty-4/servers/f208f13f-03b8-42f4-b07e-02f1dff6f964/mods}, reader: mod manifest]
[20Jul2026 16:47:32.575] [main/DEBUG] [net.neoforged.fml.loading.moddiscovery.readers.JarModsDotTomlModFileReader/SCAN]: Found META-INF/neoforge.mods.toml mod of type null: /var/opt/minecraft/crafty/crafty-4/servers/f208f13f-03b8-42f4-b07e-02f1dff6f964/mods/mapsyncer-1.0.3-neoforge-1.21.1.jar
[20Jul2026 16:47:32.575] [main/DEBUG] [net.neoforged.fml.loading.moddiscovery.ModFileParser/LOADING]: Considering mod file candidate /var/opt/minecraft/crafty/crafty-4/servers/f208f13f-03b8-42f4-b07e-02f1dff6f964/mods/mapsyncer-1.0.3-neoforge-1.21.1.jar
[20Jul2026 16:47:32.575] [main/DEBUG] [net.neoforged.fml.loading.moddiscovery.ModFileInfo/LOADING]: Found valid mod file mapsyncer-1.0.3-neoforge-1.21.1.jar with {mapsyncer} mods - versions {1.0.3}
[20Jul2026 16:47:32.575] [main/INFO] [net.neoforged.fml.loading.moddiscovery.ModDiscoverer/SCAN]: Found mod file "mapsyncer-1.0.3-neoforge-1.21.1.jar" [locator: {mods folder locator at /var/opt/minecraft/crafty/crafty-4/servers/f208f13f-03b8-42f4-b07e-02f1dff6f964/mods}, reader: mod manifest]
[20Jul2026 16:47:32.576] [main/DEBUG] [net.neoforged.fml.loading.moddiscovery.readers.JarModsDotTomlModFileReader/SCAN]: Found META-INF/neoforge.mods.toml mod of type null: /var/opt/minecraft/crafty/crafty-4/servers/f208f13f-03b8-42f4-b07e-02f1dff6f964/mods/minersdelight-1.21.1-1.4.5.jar
[20Jul2026 16:47:32.576] [main/DEBUG] [net.neoforged.fml.loading.moddiscovery.ModFileParser/LOADING]: Considering mod file candidate /var/opt/minecraft/crafty/crafty-4/servers/f208f13f-03b8-42f4-b07e-02f1dff6f964/mods/minersdelight-1.21.1-1.4.5.jar
[20Jul2026 16:47:32.576] [main/DEBUG] [net.neoforged.fml.loading.moddiscovery.ModFileInfo/LOADING]: Found valid mod file minersdelight-1.21.1-1.4.5.jar with {minersdelight} mods - versions {1.4.5}
[20Jul2026 16:47:32.576] [main/INFO] [net.neoforged.fml.loading.moddiscovery.ModDiscoverer/SCAN]: Found mod file "minersdelight-1.21.1-1.4.5.jar" [locator: {mods folder locator at /var/opt/minecraft/crafty/crafty-4/servers/f208f13f-03b8-42f4-b07e-02f1dff6f964/mods}, reader: mod manifest]
[20Jul2026 16:47:32.577] [main/DEBUG] [net.neoforged.fml.loading.moddiscovery.readers.JarModsDotTomlModFileReader/SCAN]: Found META-INF/neoforge.mods.toml mod of type null: /var/opt/minecraft/crafty/crafty-4/servers/f208f13f-03b8-42f4-b07e-02f1dff6f964/mods/modernfix-neoforge-5.27.12+mc1.21.1.jar
[20Jul2026 16:47:32.577] [main/DEBUG] [net.neoforged.fml.loading.moddiscovery.ModFileParser/LOADING]: Considering mod file candidate /var/opt/minecraft/crafty/crafty-4/servers/f208f13f-03b8-42f4-b07e-02f1dff6f964/mods/modernfix-neoforge-5.27.12+mc1.21.1.jar
[20Jul2026 16:47:32.577] [main/DEBUG] [net.neoforged.fml.loading.moddiscovery.ModFileInfo/LOADING]: Found valid mod file modernfix-neoforge-5.27.12+mc1.21.1.jar with {modernfix} mods - versions {5.27.12+mc1.21.1}
[20Jul2026 16:47:32.577] [main/INFO] [net.neoforged.fml.loading.moddiscovery.ModDiscoverer/SCAN]: Found mod file "modernfix-neoforge-5.27.12+mc1.21.1.jar" [locator: {mods folder locator at /var/opt/minecraft/crafty/crafty-4/servers/f208f13f-03b8-42f4-b07e-02f1dff6f964/mods}, reader: mod manifest]
[20Jul2026 16:47:32.578] [main/DEBUG] [net.neoforged.fml.loading.moddiscovery.readers.JarModsDotTomlModFileReader/SCAN]: Found META-INF/neoforge.mods.toml mod of type null: /var/opt/minecraft/crafty/crafty-4/servers/f208f13f-03b8-42f4-b07e-02f1dff6f964/mods/moonlight-neoforge-1.21.1-3.0.17.jar
[20Jul2026 16:47:32.578] [main/DEBUG] [net.neoforged.fml.loading.moddiscovery.ModFileParser/LOADING]: Considering mod file candidate /var/opt/minecraft/crafty/crafty-4/servers/f208f13f-03b8-42f4-b07e-02f1dff6f964/mods/moonlight-neoforge-1.21.1-3.0.17.jar
[20Jul2026 16:47:32.578] [main/DEBUG] [net.neoforged.fml.loading.moddiscovery.ModFileInfo/LOADING]: Found valid mod file moonlight-neoforge-1.21.1-3.0.17.jar with {moonlight} mods - versions {1.21.1-3.0.17}
[20Jul2026 16:47:32.578] [main/INFO] [net.neoforged.fml.loading.moddiscovery.ModDiscoverer/SCAN]: Found mod file "moonlight-neoforge-1.21.1-3.0.17.jar" [locator: {mods folder locator at /var/opt/minecraft/crafty/crafty-4/servers/f208f13f-03b8-42f4-b07e-02f1dff6f964/mods}, reader: mod manifest]
[20Jul2026 16:47:32.578] [main/DEBUG] [net.neoforged.fml.loading.moddiscovery.readers.JarModsDotTomlModFileReader/SCAN]: Found META-INF/neoforge.mods.toml mod of type null: /var/opt/minecraft/crafty/crafty-4/servers/f208f13f-03b8-42f4-b07e-02f1dff6f964/mods/more_sounds-1.21.x-0.3.0-beta.jar
[20Jul2026 16:47:32.578] [main/DEBUG] [net.neoforged.fml.loading.moddiscovery.ModFileParser/LOADING]: Considering mod file candidate /var/opt/minecraft/crafty/crafty-4/servers/f208f13f-03b8-42f4-b07e-02f1dff6f964/mods/more_sounds-1.21.x-0.3.0-beta.jar
[20Jul2026 16:47:32.579] [main/DEBUG] [net.neoforged.fml.loading.moddiscovery.ModFileInfo/LOADING]: Found valid mod file more_sounds-1.21.x-0.3.0-beta.jar with {more_sounds} mods - versions {1.21.x-0.3.0-beta}
[20Jul2026 16:47:32.579] [main/INFO] [net.neoforged.fml.loading.moddiscovery.ModDiscoverer/SCAN]: Found mod file "more_sounds-1.21.x-0.3.0-beta.jar" [locator: {mods folder locator at /var/opt/minecraft/crafty/crafty-4/servers/f208f13f-03b8-42f4-b07e-02f1dff6f964/mods}, reader: mod manifest]
[20Jul2026 16:47:32.579] [main/DEBUG] [net.neoforged.fml.loading.moddiscovery.readers.JarModsDotTomlModFileReader/SCAN]: Found META-INF/neoforge.mods.toml mod of type null: /var/opt/minecraft/crafty/crafty-4/servers/f208f13f-03b8-42f4-b07e-02f1dff6f964/mods/moredensityfunctions-neoforge-1.21.1-2.3.0.jar
[20Jul2026 16:47:32.579] [main/DEBUG] [net.neoforged.fml.loading.moddiscovery.ModFileParser/LOADING]: Considering mod file candidate /var/opt/minecraft/crafty/crafty-4/servers/f208f13f-03b8-42f4-b07e-02f1dff6f964/mods/moredensityfunctions-neoforge-1.21.1-2.3.0.jar
[20Jul2026 16:47:32.580] [main/DEBUG] [net.neoforged.fml.loading.moddiscovery.ModFileInfo/LOADING]: Found valid mod file moredensityfunctions-neoforge-1.21.1-2.3.0.jar with {moredensityfunctions} mods - versions {2.3.0}
[20Jul2026 16:47:32.580] [main/INFO] [net.neoforged.fml.loading.moddiscovery.ModDiscoverer/SCAN]: Found mod file "moredensityfunctions-neoforge-1.21.1-2.3.0.jar" [locator: {mods folder locator at /var/opt/minecraft/crafty/crafty-4/servers/f208f13f-03b8-42f4-b07e-02f1dff6f964/mods}, reader: mod manifest]
[20Jul2026 16:47:32.580] [main/DEBUG] [net.neoforged.fml.loading.moddiscovery.readers.JarModsDotTomlModFileReader/SCAN]: Found META-INF/neoforge.mods.toml mod of type null: /var/opt/minecraft/crafty/crafty-4/servers/f208f13f-03b8-42f4-b07e-02f1dff6f964/mods/mru-1.0.19+LTS+1.21.1+neoforge.jar
[20Jul2026 16:47:32.580] [main/DEBUG] [net.neoforged.fml.loading.moddiscovery.ModFileParser/LOADING]: Considering mod file candidate /var/opt/minecraft/crafty/crafty-4/servers/f208f13f-03b8-42f4-b07e-02f1dff6f964/mods/mru-1.0.19+LTS+1.21.1+neoforge.jar
[20Jul2026 16:47:32.580] [main/DEBUG] [net.neoforged.fml.loading.moddiscovery.ModFileInfo/LOADING]: Found valid mod file mru-1.0.19+LTS+1.21.1+neoforge.jar with {mru} mods - versions {1.0.19+LTS+1.21.1+neoforge}
[20Jul2026 16:47:32.580] [main/INFO] [net.neoforged.fml.loading.moddiscovery.ModDiscoverer/SCAN]: Found mod file "mru-1.0.19+LTS+1.21.1+neoforge.jar" [locator: {mods folder locator at /var/opt/minecraft/crafty/crafty-4/servers/f208f13f-03b8-42f4-b07e-02f1dff6f964/mods}, reader: mod manifest]
[20Jul2026 16:47:32.581] [main/DEBUG] [net.neoforged.fml.loading.moddiscovery.readers.JarModsDotTomlModFileReader/SCAN]: Found META-INF/neoforge.mods.toml mod of type null: /var/opt/minecraft/crafty/crafty-4/servers/f208f13f-03b8-42f4-b07e-02f1dff6f964/mods/MyNethersDelight-1.21.1-1.10.2.jar
[20Jul2026 16:47:32.581] [main/DEBUG] [net.neoforged.fml.loading.moddiscovery.ModFileParser/LOADING]: Considering mod file candidate /var/opt/minecraft/crafty/crafty-4/servers/f208f13f-03b8-42f4-b07e-02f1dff6f964/mods/MyNethersDelight-1.21.1-1.10.2.jar
[20Jul2026 16:47:32.581] [main/DEBUG] [net.neoforged.fml.loading.moddiscovery.ModFileInfo/LOADING]: Found valid mod file MyNethersDelight-1.21.1-1.10.2.jar with {mynethersdelight} mods - versions {1.10.2}
[20Jul2026 16:47:32.581] [main/INFO] [net.neoforged.fml.loading.moddiscovery.ModDiscoverer/SCAN]: Found mod file "MyNethersDelight-1.21.1-1.10.2.jar" [locator: {mods folder locator at /var/opt/minecraft/crafty/crafty-4/servers/f208f13f-03b8-42f4-b07e-02f1dff6f964/mods}, reader: mod manifest]
[20Jul2026 16:47:32.582] [main/DEBUG] [net.neoforged.fml.loading.moddiscovery.readers.JarModsDotTomlModFileReader/SCAN]: Found META-INF/neoforge.mods.toml mod of type null: /var/opt/minecraft/crafty/crafty-4/servers/f208f13f-03b8-42f4-b07e-02f1dff6f964/mods/naturalist-1.0.2-neoforge-1.21.1.jar
[20Jul2026 16:47:32.582] [main/DEBUG] [net.neoforged.fml.loading.moddiscovery.ModFileParser/LOADING]: Considering mod file candidate /var/opt/minecraft/crafty/crafty-4/servers/f208f13f-03b8-42f4-b07e-02f1dff6f964/mods/naturalist-1.0.2-neoforge-1.21.1.jar
[20Jul2026 16:47:32.582] [main/DEBUG] [net.neoforged.fml.loading.moddiscovery.ModFileInfo/LOADING]: Found valid mod file naturalist-1.0.2-neoforge-1.21.1.jar with {naturalist} mods - versions {1.0.2}
[20Jul2026 16:47:32.582] [main/INFO] [net.neoforged.fml.loading.moddiscovery.ModDiscoverer/SCAN]: Found mod file "naturalist-1.0.2-neoforge-1.21.1.jar" [locator: {mods folder locator at /var/opt/minecraft/crafty/crafty-4/servers/f208f13f-03b8-42f4-b07e-02f1dff6f964/mods}, reader: mod manifest]
[20Jul2026 16:47:32.582] [main/DEBUG] [net.neoforged.fml.loading.moddiscovery.readers.JarModsDotTomlModFileReader/SCAN]: Found META-INF/neoforge.mods.toml mod of type null: /var/opt/minecraft/crafty/crafty-4/servers/f208f13f-03b8-42f4-b07e-02f1dff6f964/mods/neobeefix-1.21.1-2.0.1.jar
[20Jul2026 16:47:32.582] [main/DEBUG] [net.neoforged.fml.loading.moddiscovery.ModFileParser/LOADING]: Considering mod file candidate /var/opt/minecraft/crafty/crafty-4/servers/f208f13f-03b8-42f4-b07e-02f1dff6f964/mods/neobeefix-1.21.1-2.0.1.jar
[20Jul2026 16:47:32.583] [main/DEBUG] [net.neoforged.fml.loading.moddiscovery.ModFileInfo/LOADING]: Found valid mod file neobeefix-1.21.1-2.0.1.jar with {neobeefix} mods - versions {2.0.1}
[20Jul2026 16:47:32.583] [main/INFO] [net.neoforged.fml.loading.moddiscovery.ModDiscoverer/SCAN]: Found mod file "neobeefix-1.21.1-2.0.1.jar" [locator: {mods folder locator at /var/opt/minecraft/crafty/crafty-4/servers/f208f13f-03b8-42f4-b07e-02f1dff6f964/mods}, reader: mod manifest]
[20Jul2026 16:47:32.583] [main/DEBUG] [net.neoforged.fml.loading.moddiscovery.readers.JarModsDotTomlModFileReader/SCAN]: Found META-INF/neoforge.mods.toml mod of type null: /var/opt/minecraft/crafty/crafty-4/servers/f208f13f-03b8-42f4-b07e-02f1dff6f964/mods/netherite_horse_armor-neoforge-1.21.1-2.0a.jar
[20Jul2026 16:47:32.583] [main/DEBUG] [net.neoforged.fml.loading.moddiscovery.ModFileParser/LOADING]: Considering mod file candidate /var/opt/minecraft/crafty/crafty-4/servers/f208f13f-03b8-42f4-b07e-02f1dff6f964/mods/netherite_horse_armor-neoforge-1.21.1-2.0a.jar
[20Jul2026 16:47:32.584] [main/DEBUG] [net.neoforged.fml.loading.moddiscovery.ModFileInfo/LOADING]: Found valid mod file netherite_horse_armor-neoforge-1.21.1-2.0a.jar with {netherite_horse_armor} mods - versions {1.21.1-2.0a}
[20Jul2026 16:47:32.584] [main/INFO] [net.neoforged.fml.loading.moddiscovery.ModDiscoverer/SCAN]: Found mod file "netherite_horse_armor-neoforge-1.21.1-2.0a.jar" [locator: {mods folder locator at /var/opt/minecraft/crafty/crafty-4/servers/f208f13f-03b8-42f4-b07e-02f1dff6f964/mods}, reader: mod manifest]
[20Jul2026 16:47:32.584] [main/DEBUG] [net.neoforged.fml.loading.moddiscovery.readers.JarModsDotTomlModFileReader/SCAN]: Found META-INF/neoforge.mods.toml mod of type null: /var/opt/minecraft/crafty/crafty-4/servers/f208f13f-03b8-42f4-b07e-02f1dff6f964/mods/netherportalfix-neoforge-1.21.1-21.1.1.jar
[20Jul2026 16:47:32.584] [main/DEBUG] [net.neoforged.fml.loading.moddiscovery.ModFileParser/LOADING]: Considering mod file candidate /var/opt/minecraft/crafty/crafty-4/servers/f208f13f-03b8-42f4-b07e-02f1dff6f964/mods/netherportalfix-neoforge-1.21.1-21.1.1.jar
[20Jul2026 16:47:32.584] [main/DEBUG] [net.neoforged.fml.loading.moddiscovery.ModFileInfo/LOADING]: Found valid mod file netherportalfix-neoforge-1.21.1-21.1.1.jar with {netherportalfix} mods - versions {21.1.1}
[20Jul2026 16:47:32.584] [main/INFO] [net.neoforged.fml.loading.moddiscovery.ModDiscoverer/SCAN]: Found mod file "netherportalfix-neoforge-1.21.1-21.1.1.jar" [locator: {mods folder locator at /var/opt/minecraft/crafty/crafty-4/servers/f208f13f-03b8-42f4-b07e-02f1dff6f964/mods}, reader: mod manifest]
[20Jul2026 16:47:32.584] [main/DEBUG] [net.neoforged.fml.loading.moddiscovery.readers.JarModsDotTomlModFileReader/SCAN]: Found META-INF/neoforge.mods.toml mod of type null: /var/opt/minecraft/crafty/crafty-4/servers/f208f13f-03b8-42f4-b07e-02f1dff6f964/mods/noisium-neoforge-2.7.0+mc1.21-1.21.1.jar
[20Jul2026 16:47:32.584] [main/DEBUG] [net.neoforged.fml.loading.moddiscovery.ModFileParser/LOADING]: Considering mod file candidate /var/opt/minecraft/crafty/crafty-4/servers/f208f13f-03b8-42f4-b07e-02f1dff6f964/mods/noisium-neoforge-2.7.0+mc1.21-1.21.1.jar
[20Jul2026 16:47:32.585] [main/DEBUG] [net.neoforged.fml.loading.moddiscovery.ModFileInfo/LOADING]: Found valid mod file noisium-neoforge-2.7.0+mc1.21-1.21.1.jar with {noisium} mods - versions {2.7.0+mc1.21-1.21.1}
[20Jul2026 16:47:32.585] [main/INFO] [net.neoforged.fml.loading.moddiscovery.ModDiscoverer/SCAN]: Found mod file "noisium-neoforge-2.7.0+mc1.21-1.21.1.jar" [locator: {mods folder locator at /var/opt/minecraft/crafty/crafty-4/servers/f208f13f-03b8-42f4-b07e-02f1dff6f964/mods}, reader: mod manifest]
[20Jul2026 16:47:32.585] [main/DEBUG] [net.neoforged.fml.loading.moddiscovery.readers.JarModsDotTomlModFileReader/SCAN]: Found META-INF/neoforge.mods.toml mod of type null: /var/opt/minecraft/crafty/crafty-4/servers/f208f13f-03b8-42f4-b07e-02f1dff6f964/mods/Not Enough Recipe Book-NEOFORGE-0.4.3+1.21.jar
[20Jul2026 16:47:32.585] [main/DEBUG] [net.neoforged.fml.loading.moddiscovery.ModFileParser/LOADING]: Considering mod file candidate /var/opt/minecraft/crafty/crafty-4/servers/f208f13f-03b8-42f4-b07e-02f1dff6f964/mods/Not Enough Recipe Book-NEOFORGE-0.4.3+1.21.jar
[20Jul2026 16:47:32.585] [main/DEBUG] [net.neoforged.fml.loading.moddiscovery.ModFileInfo/LOADING]: Found valid mod file Not Enough Recipe Book-NEOFORGE-0.4.3+1.21.jar with {nerb} mods - versions {0.4.3}
[20Jul2026 16:47:32.585] [main/INFO] [net.neoforged.fml.loading.moddiscovery.ModDiscoverer/SCAN]: Found mod file "Not Enough Recipe Book-NEOFORGE-0.4.3+1.21.jar" [locator: {mods folder locator at /var/opt/minecraft/crafty/crafty-4/servers/f208f13f-03b8-42f4-b07e-02f1dff6f964/mods}, reader: mod manifest]
[20Jul2026 16:47:32.585] [main/DEBUG] [net.neoforged.fml.loading.moddiscovery.readers.JarModsDotTomlModFileReader/SCAN]: Found META-INF/neoforge.mods.toml mod of type null: /var/opt/minecraft/crafty/crafty-4/servers/f208f13f-03b8-42f4-b07e-02f1dff6f964/mods/Numismatic-Bounties-universal.jar
[20Jul2026 16:47:32.585] [main/DEBUG] [net.neoforged.fml.loading.moddiscovery.ModFileParser/LOADING]: Considering mod file candidate /var/opt/minecraft/crafty/crafty-4/servers/f208f13f-03b8-42f4-b07e-02f1dff6f964/mods/Numismatic-Bounties-universal.jar
[20Jul2026 16:47:32.586] [main/DEBUG] [net.neoforged.fml.loading.moddiscovery.ModFileInfo/LOADING]: Found valid mod file Numismatic-Bounties-universal.jar with {numismatic_bounties} mods - versions {2.0}
[20Jul2026 16:47:32.586] [main/INFO] [net.neoforged.fml.loading.moddiscovery.ModDiscoverer/SCAN]: Found mod file "Numismatic-Bounties-universal.jar" [locator: {mods folder locator at /var/opt/minecraft/crafty/crafty-4/servers/f208f13f-03b8-42f4-b07e-02f1dff6f964/mods}, reader: mod manifest]
[20Jul2026 16:47:32.586] [main/DEBUG] [net.neoforged.fml.loading.moddiscovery.readers.JarModsDotTomlModFileReader/SCAN]: Found META-INF/neoforge.mods.toml mod of type null: /var/opt/minecraft/crafty/crafty-4/servers/f208f13f-03b8-42f4-b07e-02f1dff6f964/mods/OctoLib-NEOFORGE-0.6.2+1.21.jar
[20Jul2026 16:47:32.586] [main/DEBUG] [net.neoforged.fml.loading.moddiscovery.ModFileParser/LOADING]: Considering mod file candidate /var/opt/minecraft/crafty/crafty-4/servers/f208f13f-03b8-42f4-b07e-02f1dff6f964/mods/OctoLib-NEOFORGE-0.6.2+1.21.jar
[20Jul2026 16:47:32.586] [main/DEBUG] [net.neoforged.fml.loading.moddiscovery.ModFileInfo/LOADING]: Found valid mod file OctoLib-NEOFORGE-0.6.2+1.21.jar with {octolib} mods - versions {0.6.2}
[20Jul2026 16:47:32.586] [main/INFO] [net.neoforged.fml.loading.moddiscovery.ModDiscoverer/SCAN]: Found mod file "OctoLib-NEOFORGE-0.6.2+1.21.jar" [locator: {mods folder locator at /var/opt/minecraft/crafty/crafty-4/servers/f208f13f-03b8-42f4-b07e-02f1dff6f964/mods}, reader: mod manifest]
[20Jul2026 16:47:32.586] [main/DEBUG] [net.neoforged.fml.loading.moddiscovery.readers.JarModsDotTomlModFileReader/SCAN]: Found META-INF/neoforge.mods.toml mod of type null: /var/opt/minecraft/crafty/crafty-4/servers/f208f13f-03b8-42f4-b07e-02f1dff6f964/mods/Placebo-1.21.1-9.9.1.jar
[20Jul2026 16:47:32.586] [main/DEBUG] [net.neoforged.fml.loading.moddiscovery.ModFileParser/LOADING]: Considering mod file candidate /var/opt/minecraft/crafty/crafty-4/servers/f208f13f-03b8-42f4-b07e-02f1dff6f964/mods/Placebo-1.21.1-9.9.1.jar
[20Jul2026 16:47:32.587] [main/DEBUG] [net.neoforged.fml.loading.moddiscovery.ModFileInfo/LOADING]: Found valid mod file Placebo-1.21.1-9.9.1.jar with {placebo} mods - versions {9.9.1}
[20Jul2026 16:47:32.587] [main/INFO] [net.neoforged.fml.loading.moddiscovery.ModDiscoverer/SCAN]: Found mod file "Placebo-1.21.1-9.9.1.jar" [locator: {mods folder locator at /var/opt/minecraft/crafty/crafty-4/servers/f208f13f-03b8-42f4-b07e-02f1dff6f964/mods}, reader: mod manifest]
[20Jul2026 16:47:32.587] [main/DEBUG] [net.neoforged.fml.loading.moddiscovery.readers.JarModsDotTomlModFileReader/SCAN]: Found META-INF/neoforge.mods.toml mod of type null: /var/opt/minecraft/crafty/crafty-4/servers/f208f13f-03b8-42f4-b07e-02f1dff6f964/mods/Platform-neoforge-1.21.1-1.3.3.jar
[20Jul2026 16:47:32.587] [main/DEBUG] [net.neoforged.fml.loading.moddiscovery.ModFileParser/LOADING]: Considering mod file candidate /var/opt/minecraft/crafty/crafty-4/servers/f208f13f-03b8-42f4-b07e-02f1dff6f964/mods/Platform-neoforge-1.21.1-1.3.3.jar
[20Jul2026 16:47:32.587] [main/DEBUG] [net.neoforged.fml.loading.moddiscovery.ModFileInfo/LOADING]: Found valid mod file Platform-neoforge-1.21.1-1.3.3.jar with {platform} mods - versions {1.3.3}
[20Jul2026 16:47:32.587] [main/INFO] [net.neoforged.fml.loading.moddiscovery.ModDiscoverer/SCAN]: Found mod file "Platform-neoforge-1.21.1-1.3.3.jar" [locator: {mods folder locator at /var/opt/minecraft/crafty/crafty-4/servers/f208f13f-03b8-42f4-b07e-02f1dff6f964/mods}, reader: mod manifest]
[20Jul2026 16:47:32.587] [main/DEBUG] [net.neoforged.fml.loading.moddiscovery.readers.JarModsDotTomlModFileReader/SCAN]: Found META-INF/neoforge.mods.toml mod of type null: /var/opt/minecraft/crafty/crafty-4/servers/f208f13f-03b8-42f4-b07e-02f1dff6f964/mods/potionstacks-1.0.0.jar
[20Jul2026 16:47:32.587] [main/DEBUG] [net.neoforged.fml.loading.moddiscovery.ModFileParser/LOADING]: Considering mod file candidate /var/opt/minecraft/crafty/crafty-4/servers/f208f13f-03b8-42f4-b07e-02f1dff6f964/mods/potionstacks-1.0.0.jar
[20Jul2026 16:47:32.588] [main/DEBUG] [net.neoforged.fml.loading.moddiscovery.ModFileInfo/LOADING]: Found valid mod file potionstacks-1.0.0.jar with {potionstacks} mods - versions {1.0.0}
[20Jul2026 16:47:32.588] [main/INFO] [net.neoforged.fml.loading.moddiscovery.ModDiscoverer/SCAN]: Found mod file "potionstacks-1.0.0.jar" [locator: {mods folder locator at /var/opt/minecraft/crafty/crafty-4/servers/f208f13f-03b8-42f4-b07e-02f1dff6f964/mods}, reader: mod manifest]
[20Jul2026 16:47:32.588] [main/DEBUG] [net.neoforged.fml.loading.moddiscovery.readers.JarModsDotTomlModFileReader/SCAN]: Found META-INF/neoforge.mods.toml mod of type null: /var/opt/minecraft/crafty/crafty-4/servers/f208f13f-03b8-42f4-b07e-02f1dff6f964/mods/prickle-neoforge-1.21.1-21.1.11.jar
[20Jul2026 16:47:32.588] [main/DEBUG] [net.neoforged.fml.loading.moddiscovery.ModFileParser/LOADING]: Considering mod file candidate /var/opt/minecraft/crafty/crafty-4/servers/f208f13f-03b8-42f4-b07e-02f1dff6f964/mods/prickle-neoforge-1.21.1-21.1.11.jar
[20Jul2026 16:47:32.588] [main/DEBUG] [net.neoforged.fml.loading.moddiscovery.ModFileInfo/LOADING]: Found valid mod file prickle-neoforge-1.21.1-21.1.11.jar with {prickle} mods - versions {21.1.11}
[20Jul2026 16:47:32.588] [main/INFO] [net.neoforged.fml.loading.moddiscovery.ModDiscoverer/SCAN]: Found mod file "prickle-neoforge-1.21.1-21.1.11.jar" [locator: {mods folder locator at /var/opt/minecraft/crafty/crafty-4/servers/f208f13f-03b8-42f4-b07e-02f1dff6f964/mods}, reader: mod manifest]
[20Jul2026 16:47:32.589] [main/DEBUG] [net.neoforged.fml.loading.moddiscovery.readers.JarModsDotTomlModFileReader/SCAN]: Found META-INF/neoforge.mods.toml mod of type null: /var/opt/minecraft/crafty/crafty-4/servers/f208f13f-03b8-42f4-b07e-02f1dff6f964/mods/PuzzlesLib-v21.1.51-1.21.1-NeoForge.jar
[20Jul2026 16:47:32.589] [main/DEBUG] [net.neoforged.fml.loading.moddiscovery.ModFileParser/LOADING]: Considering mod file candidate /var/opt/minecraft/crafty/crafty-4/servers/f208f13f-03b8-42f4-b07e-02f1dff6f964/mods/PuzzlesLib-v21.1.51-1.21.1-NeoForge.jar
[20Jul2026 16:47:32.589] [main/DEBUG] [net.neoforged.fml.loading.moddiscovery.ModFileInfo/LOADING]: Found valid mod file PuzzlesLib-v21.1.51-1.21.1-NeoForge.jar with {puzzleslib} mods - versions {21.1.51}
[20Jul2026 16:47:32.589] [main/INFO] [net.neoforged.fml.loading.moddiscovery.ModDiscoverer/SCAN]: Found mod file "PuzzlesLib-v21.1.51-1.21.1-NeoForge.jar" [locator: {mods folder locator at /var/opt/minecraft/crafty/crafty-4/servers/f208f13f-03b8-42f4-b07e-02f1dff6f964/mods}, reader: mod manifest]
[20Jul2026 16:47:32.589] [main/DEBUG] [net.neoforged.fml.loading.moddiscovery.readers.JarModsDotTomlModFileReader/SCAN]: Found META-INF/neoforge.mods.toml mod of type null: /var/opt/minecraft/crafty/crafty-4/servers/f208f13f-03b8-42f4-b07e-02f1dff6f964/mods/PuzzlesLib-v21.1.52-1.21.1-NeoForge.jar
[20Jul2026 16:47:32.589] [main/DEBUG] [net.neoforged.fml.loading.moddiscovery.ModFileParser/LOADING]: Considering mod file candidate /var/opt/minecraft/crafty/crafty-4/servers/f208f13f-03b8-42f4-b07e-02f1dff6f964/mods/PuzzlesLib-v21.1.52-1.21.1-NeoForge.jar
[20Jul2026 16:47:32.590] [main/DEBUG] [net.neoforged.fml.loading.moddiscovery.ModFileInfo/LOADING]: Found valid mod file PuzzlesLib-v21.1.52-1.21.1-NeoForge.jar with {puzzleslib} mods - versions {21.1.52}
[20Jul2026 16:47:32.590] [main/INFO] [net.neoforged.fml.loading.moddiscovery.ModDiscoverer/SCAN]: Found mod file "PuzzlesLib-v21.1.52-1.21.1-NeoForge.jar" [locator: {mods folder locator at /var/opt/minecraft/crafty/crafty-4/servers/f208f13f-03b8-42f4-b07e-02f1dff6f964/mods}, reader: mod manifest]
[20Jul2026 16:47:32.592] [main/DEBUG] [net.neoforged.fml.loading.moddiscovery.readers.JarModsDotTomlModFileReader/SCAN]: Found META-INF/neoforge.mods.toml mod of type null: /var/opt/minecraft/crafty/crafty-4/servers/f208f13f-03b8-42f4-b07e-02f1dff6f964/mods/Quark-4.1-480.jar
[20Jul2026 16:47:32.592] [main/DEBUG] [net.neoforged.fml.loading.moddiscovery.ModFileParser/LOADING]: Considering mod file candidate /var/opt/minecraft/crafty/crafty-4/servers/f208f13f-03b8-42f4-b07e-02f1dff6f964/mods/Quark-4.1-480.jar
[20Jul2026 16:47:32.593] [main/DEBUG] [net.neoforged.fml.loading.moddiscovery.ModFileInfo/LOADING]: Found valid mod file Quark-4.1-480.jar with {quark} mods - versions {4.1-480}
[20Jul2026 16:47:32.593] [main/INFO] [net.neoforged.fml.loading.moddiscovery.ModDiscoverer/SCAN]: Found mod file "Quark-4.1-480.jar" [locator: {mods folder locator at /var/opt/minecraft/crafty/crafty-4/servers/f208f13f-03b8-42f4-b07e-02f1dff6f964/mods}, reader: mod manifest]
[20Jul2026 16:47:32.593] [main/DEBUG] [net.neoforged.fml.loading.moddiscovery.readers.JarModsDotTomlModFileReader/SCAN]: Found META-INF/neoforge.mods.toml mod of type null: /var/opt/minecraft/crafty/crafty-4/servers/f208f13f-03b8-42f4-b07e-02f1dff6f964/mods/quick-pack-neoforge-1.3.2+1.21.8.jar
[20Jul2026 16:47:32.593] [main/DEBUG] [net.neoforged.fml.loading.moddiscovery.ModFileParser/LOADING]: Considering mod file candidate /var/opt/minecraft/crafty/crafty-4/servers/f208f13f-03b8-42f4-b07e-02f1dff6f964/mods/quick-pack-neoforge-1.3.2+1.21.8.jar
[20Jul2026 16:47:32.593] [main/DEBUG] [net.neoforged.fml.loading.moddiscovery.ModFileInfo/LOADING]: Found valid mod file quick-pack-neoforge-1.3.2+1.21.8.jar with {quick_pack} mods - versions {1.3.2}
[20Jul2026 16:47:32.593] [main/INFO] [net.neoforged.fml.loading.moddiscovery.ModDiscoverer/SCAN]: Found mod file "quick-pack-neoforge-1.3.2+1.21.8.jar" [locator: {mods folder locator at /var/opt/minecraft/crafty/crafty-4/servers/f208f13f-03b8-42f4-b07e-02f1dff6f964/mods}, reader: mod manifest]
[20Jul2026 16:47:32.593] [main/DEBUG] [net.neoforged.fml.loading.moddiscovery.readers.JarModsDotTomlModFileReader/SCAN]: Found META-INF/neoforge.mods.toml mod of type null: /var/opt/minecraft/crafty/crafty-4/servers/f208f13f-03b8-42f4-b07e-02f1dff6f964/mods/radiomod-1.0.2.jar
[20Jul2026 16:47:32.593] [main/DEBUG] [net.neoforged.fml.loading.moddiscovery.ModFileParser/LOADING]: Considering mod file candidate /var/opt/minecraft/crafty/crafty-4/servers/f208f13f-03b8-42f4-b07e-02f1dff6f964/mods/radiomod-1.0.2.jar
[20Jul2026 16:47:32.594] [main/DEBUG] [net.neoforged.fml.loading.moddiscovery.ModFileInfo/LOADING]: Found valid mod file radiomod-1.0.2.jar with {radiomod} mods - versions {1.0.2}
[20Jul2026 16:47:32.594] [main/INFO] [net.neoforged.fml.loading.moddiscovery.ModDiscoverer/SCAN]: Found mod file "radiomod-1.0.2.jar" [locator: {mods folder locator at /var/opt/minecraft/crafty/crafty-4/servers/f208f13f-03b8-42f4-b07e-02f1dff6f964/mods}, reader: mod manifest]
[20Jul2026 16:47:32.597] [main/DEBUG] [net.neoforged.fml.loading.moddiscovery.readers.JarModsDotTomlModFileReader/SCAN]: Found META-INF/neoforge.mods.toml mod of type null: /var/opt/minecraft/crafty/crafty-4/servers/f208f13f-03b8-42f4-b07e-02f1dff6f964/mods/railways-0.2.1+neoforge-mc1.21.1.jar
[20Jul2026 16:47:32.597] [main/DEBUG] [net.neoforged.fml.loading.moddiscovery.ModFileParser/LOADING]: Considering mod file candidate /var/opt/minecraft/crafty/crafty-4/servers/f208f13f-03b8-42f4-b07e-02f1dff6f964/mods/railways-0.2.1+neoforge-mc1.21.1.jar
[20Jul2026 16:47:32.598] [main/DEBUG] [net.neoforged.fml.loading.moddiscovery.ModFileInfo/LOADING]: Found valid mod file railways-0.2.1+neoforge-mc1.21.1.jar with {railways} mods - versions {0.2.1+neoforge-mc1.21.1}
[20Jul2026 16:47:32.598] [main/INFO] [net.neoforged.fml.loading.moddiscovery.ModDiscoverer/SCAN]: Found mod file "railways-0.2.1+neoforge-mc1.21.1.jar" [locator: {mods folder locator at /var/opt/minecraft/crafty/crafty-4/servers/f208f13f-03b8-42f4-b07e-02f1dff6f964/mods}, reader: mod manifest]
[20Jul2026 16:47:32.602] [main/DEBUG] [net.neoforged.fml.loading.moddiscovery.readers.JarModsDotTomlModFileReader/SCAN]: Found META-INF/neoforge.mods.toml mod of type null: /var/opt/minecraft/crafty/crafty-4/servers/f208f13f-03b8-42f4-b07e-02f1dff6f964/mods/rechiseled-1.2.4-neoforge-mc1.21.jar
[20Jul2026 16:47:32.602] [main/DEBUG] [net.neoforged.fml.loading.moddiscovery.ModFileParser/LOADING]: Considering mod file candidate /var/opt/minecraft/crafty/crafty-4/servers/f208f13f-03b8-42f4-b07e-02f1dff6f964/mods/rechiseled-1.2.4-neoforge-mc1.21.jar
[20Jul2026 16:47:32.603] [main/DEBUG] [net.neoforged.fml.loading.moddiscovery.ModFileInfo/LOADING]: Found valid mod file rechiseled-1.2.4-neoforge-mc1.21.jar with {rechiseled} mods - versions {1.2.4}
[20Jul2026 16:47:32.603] [main/INFO] [net.neoforged.fml.loading.moddiscovery.ModDiscoverer/SCAN]: Found mod file "rechiseled-1.2.4-neoforge-mc1.21.jar" [locator: {mods folder locator at /var/opt/minecraft/crafty/crafty-4/servers/f208f13f-03b8-42f4-b07e-02f1dff6f964/mods}, reader: mod manifest]
[20Jul2026 16:47:32.603] [main/DEBUG] [net.neoforged.fml.loading.moddiscovery.readers.JarModsDotTomlModFileReader/SCAN]: Found META-INF/neoforge.mods.toml mod of type null: /var/opt/minecraft/crafty/crafty-4/servers/f208f13f-03b8-42f4-b07e-02f1dff6f964/mods/rechiseled_chipped-2.0-1.21.1.jar
[20Jul2026 16:47:32.603] [main/DEBUG] [net.neoforged.fml.loading.moddiscovery.ModFileParser/LOADING]: Considering mod file candidate /var/opt/minecraft/crafty/crafty-4/servers/f208f13f-03b8-42f4-b07e-02f1dff6f964/mods/rechiseled_chipped-2.0-1.21.1.jar
[20Jul2026 16:47:32.604] [main/DEBUG] [net.neoforged.fml.loading.moddiscovery.ModFileInfo/LOADING]: Found valid mod file rechiseled_chipped-2.0-1.21.1.jar with {rechiseled_chipped} mods - versions {1.3}
[20Jul2026 16:47:32.604] [main/INFO] [net.neoforged.fml.loading.moddiscovery.ModDiscoverer/SCAN]: Found mod file "rechiseled_chipped-2.0-1.21.1.jar" [locator: {mods folder locator at /var/opt/minecraft/crafty/crafty-4/servers/f208f13f-03b8-42f4-b07e-02f1dff6f964/mods}, reader: mod manifest]
[20Jul2026 16:47:32.604] [main/DEBUG] [net.neoforged.fml.loading.moddiscovery.readers.JarModsDotTomlModFileReader/SCAN]: Found META-INF/neoforge.mods.toml mod of type null: /var/opt/minecraft/crafty/crafty-4/servers/f208f13f-03b8-42f4-b07e-02f1dff6f964/mods/rechiseledcreate-1.1.0-neoforge-mc1.21.jar
[20Jul2026 16:47:32.604] [main/DEBUG] [net.neoforged.fml.loading.moddiscovery.ModFileParser/LOADING]: Considering mod file candidate /var/opt/minecraft/crafty/crafty-4/servers/f208f13f-03b8-42f4-b07e-02f1dff6f964/mods/rechiseledcreate-1.1.0-neoforge-mc1.21.jar
[20Jul2026 16:47:32.605] [main/DEBUG] [net.neoforged.fml.loading.moddiscovery.ModFileInfo/LOADING]: Found valid mod file rechiseledcreate-1.1.0-neoforge-mc1.21.jar with {rechiseledcreate} mods - versions {1.1.0}
[20Jul2026 16:47:32.605] [main/INFO] [net.neoforged.fml.loading.moddiscovery.ModDiscoverer/SCAN]: Found mod file "rechiseledcreate-1.1.0-neoforge-mc1.21.jar" [locator: {mods folder locator at /var/opt/minecraft/crafty/crafty-4/servers/f208f13f-03b8-42f4-b07e-02f1dff6f964/mods}, reader: mod manifest]
[20Jul2026 16:47:32.606] [main/DEBUG] [net.neoforged.fml.loading.moddiscovery.readers.JarModsDotTomlModFileReader/SCAN]: Found META-INF/neoforge.mods.toml mod of type null: /var/opt/minecraft/crafty/crafty-4/servers/f208f13f-03b8-42f4-b07e-02f1dff6f964/mods/Recipes For Create-1.2.1.jar
[20Jul2026 16:47:32.606] [main/DEBUG] [net.neoforged.fml.loading.moddiscovery.ModFileParser/LOADING]: Considering mod file candidate /var/opt/minecraft/crafty/crafty-4/servers/f208f13f-03b8-42f4-b07e-02f1dff6f964/mods/Recipes For Create-1.2.1.jar
[20Jul2026 16:47:32.607] [main/DEBUG] [net.neoforged.fml.loading.moddiscovery.ModFileInfo/LOADING]: Found valid mod file Recipes For Create-1.2.1.jar with {recipesforcreate} mods - versions {1.2.1}
[20Jul2026 16:47:32.607] [main/INFO] [net.neoforged.fml.loading.moddiscovery.ModDiscoverer/SCAN]: Found mod file "Recipes For Create-1.2.1.jar" [locator: {mods folder locator at /var/opt/minecraft/crafty/crafty-4/servers/f208f13f-03b8-42f4-b07e-02f1dff6f964/mods}, reader: mod manifest]
[20Jul2026 16:47:32.609] [main/DEBUG] [net.neoforged.fml.loading.moddiscovery.readers.JarModsDotTomlModFileReader/SCAN]: Found META-INF/neoforge.mods.toml mod of type null: /var/opt/minecraft/crafty/crafty-4/servers/f208f13f-03b8-42f4-b07e-02f1dff6f964/mods/regions-unexplored-0.6.1-neoforge-21.1.jar
[20Jul2026 16:47:32.609] [main/DEBUG] [net.neoforged.fml.loading.moddiscovery.ModFileParser/LOADING]: Considering mod file candidate /var/opt/minecraft/crafty/crafty-4/servers/f208f13f-03b8-42f4-b07e-02f1dff6f964/mods/regions-unexplored-0.6.1-neoforge-21.1.jar
[20Jul2026 16:47:32.609] [main/DEBUG] [net.neoforged.fml.loading.moddiscovery.ModFileInfo/LOADING]: Found valid mod file regions-unexplored-0.6.1-neoforge-21.1.jar with {regions_unexplored} mods - versions {0.6.1}
[20Jul2026 16:47:32.609] [main/INFO] [net.neoforged.fml.loading.moddiscovery.ModDiscoverer/SCAN]: Found mod file "regions-unexplored-0.6.1-neoforge-21.1.jar" [locator: {mods folder locator at /var/opt/minecraft/crafty/crafty-4/servers/f208f13f-03b8-42f4-b07e-02f1dff6f964/mods}, reader: mod manifest]
[20Jul2026 16:47:32.609] [main/DEBUG] [net.neoforged.fml.loading.moddiscovery.readers.JarModsDotTomlModFileReader/SCAN]: Found META-INF/neoforge.mods.toml mod of type null: /var/opt/minecraft/crafty/crafty-4/servers/f208f13f-03b8-42f4-b07e-02f1dff6f964/mods/reintegrated_chipped-1.0.0.jar
[20Jul2026 16:47:32.609] [main/DEBUG] [net.neoforged.fml.loading.moddiscovery.ModFileParser/LOADING]: Considering mod file candidate /var/opt/minecraft/crafty/crafty-4/servers/f208f13f-03b8-42f4-b07e-02f1dff6f964/mods/reintegrated_chipped-1.0.0.jar
[20Jul2026 16:47:32.609] [main/DEBUG] [net.neoforged.fml.loading.moddiscovery.ModFileInfo/LOADING]: Found valid mod file reintegrated_chipped-1.0.0.jar with {reintegrated_chipped} mods - versions {1.0.0}
[20Jul2026 16:47:32.609] [main/INFO] [net.neoforged.fml.loading.moddiscovery.ModDiscoverer/SCAN]: Found mod file "reintegrated_chipped-1.0.0.jar" [locator: {mods folder locator at /var/opt/minecraft/crafty/crafty-4/servers/f208f13f-03b8-42f4-b07e-02f1dff6f964/mods}, reader: mod manifest]
[20Jul2026 16:47:32.610] [main/DEBUG] [net.neoforged.fml.loading.moddiscovery.readers.JarModsDotTomlModFileReader/SCAN]: Found META-INF/neoforge.mods.toml mod of type null: /var/opt/minecraft/crafty/crafty-4/servers/f208f13f-03b8-42f4-b07e-02f1dff6f964/mods/resourcefulconfig-neoforge-1.21-3.0.11.jar
[20Jul2026 16:47:32.610] [main/DEBUG] [net.neoforged.fml.loading.moddiscovery.ModFileParser/LOADING]: Considering mod file candidate /var/opt/minecraft/crafty/crafty-4/servers/f208f13f-03b8-42f4-b07e-02f1dff6f964/mods/resourcefulconfig-neoforge-1.21-3.0.11.jar
[20Jul2026 16:47:32.610] [main/DEBUG] [net.neoforged.fml.loading.moddiscovery.ModFileInfo/LOADING]: Found valid mod file resourcefulconfig-neoforge-1.21-3.0.11.jar with {resourcefulconfig} mods - versions {3.0.11}
[20Jul2026 16:47:32.610] [main/INFO] [net.neoforged.fml.loading.moddiscovery.ModDiscoverer/SCAN]: Found mod file "resourcefulconfig-neoforge-1.21-3.0.11.jar" [locator: {mods folder locator at /var/opt/minecraft/crafty/crafty-4/servers/f208f13f-03b8-42f4-b07e-02f1dff6f964/mods}, reader: mod manifest]
[20Jul2026 16:47:32.610] [main/DEBUG] [net.neoforged.fml.loading.moddiscovery.readers.JarModsDotTomlModFileReader/SCAN]: Found META-INF/neoforge.mods.toml mod of type null: /var/opt/minecraft/crafty/crafty-4/servers/f208f13f-03b8-42f4-b07e-02f1dff6f964/mods/resourcefullib-neoforge-1.21-3.0.12.jar
[20Jul2026 16:47:32.610] [main/DEBUG] [net.neoforged.fml.loading.moddiscovery.ModFileParser/LOADING]: Considering mod file candidate /var/opt/minecraft/crafty/crafty-4/servers/f208f13f-03b8-42f4-b07e-02f1dff6f964/mods/resourcefullib-neoforge-1.21-3.0.12.jar
[20Jul2026 16:47:32.610] [main/DEBUG] [net.neoforged.fml.loading.moddiscovery.ModFileInfo/LOADING]: Found valid mod file resourcefullib-neoforge-1.21-3.0.12.jar with {resourcefullib} mods - versions {3.0.12}
[20Jul2026 16:47:32.610] [main/INFO] [net.neoforged.fml.loading.moddiscovery.ModDiscoverer/SCAN]: Found mod file "resourcefullib-neoforge-1.21-3.0.12.jar" [locator: {mods folder locator at /var/opt/minecraft/crafty/crafty-4/servers/f208f13f-03b8-42f4-b07e-02f1dff6f964/mods}, reader: mod manifest]
[20Jul2026 16:47:32.610] [main/DEBUG] [net.neoforged.fml.loading.moddiscovery.readers.JarModsDotTomlModFileReader/SCAN]: Found META-INF/neoforge.mods.toml mod of type null: /var/opt/minecraft/crafty/crafty-4/servers/f208f13f-03b8-42f4-b07e-02f1dff6f964/mods/ritchiesprojectilelib-2.1.2+mc.1.21.1-neoforge.jar
[20Jul2026 16:47:32.610] [main/DEBUG] [net.neoforged.fml.loading.moddiscovery.ModFileParser/LOADING]: Considering mod file candidate /var/opt/minecraft/crafty/crafty-4/servers/f208f13f-03b8-42f4-b07e-02f1dff6f964/mods/ritchiesprojectilelib-2.1.2+mc.1.21.1-neoforge.jar
[20Jul2026 16:47:32.611] [main/DEBUG] [net.neoforged.fml.loading.moddiscovery.ModFileInfo/LOADING]: Found valid mod file ritchiesprojectilelib-2.1.2+mc.1.21.1-neoforge.jar with {ritchiesprojectilelib} mods - versions {2.1.2}
[20Jul2026 16:47:32.611] [main/INFO] [net.neoforged.fml.loading.moddiscovery.ModDiscoverer/SCAN]: Found mod file "ritchiesprojectilelib-2.1.2+mc.1.21.1-neoforge.jar" [locator: {mods folder locator at /var/opt/minecraft/crafty/crafty-4/servers/f208f13f-03b8-42f4-b07e-02f1dff6f964/mods}, reader: mod manifest]
[20Jul2026 16:47:32.611] [main/DEBUG] [net.neoforged.fml.loading.moddiscovery.readers.JarModsDotTomlModFileReader/SCAN]: Found META-INF/neoforge.mods.toml mod of type null: /var/opt/minecraft/crafty/crafty-4/servers/f208f13f-03b8-42f4-b07e-02f1dff6f964/mods/sable-neoforge-1.21.1-2.0.3.jar
[20Jul2026 16:47:32.611] [main/DEBUG] [net.neoforged.fml.loading.moddiscovery.ModFileParser/LOADING]: Considering mod file candidate /var/opt/minecraft/crafty/crafty-4/servers/f208f13f-03b8-42f4-b07e-02f1dff6f964/mods/sable-neoforge-1.21.1-2.0.3.jar
[20Jul2026 16:47:32.611] [main/DEBUG] [net.neoforged.fml.loading.moddiscovery.ModFileInfo/LOADING]: Found valid mod file sable-neoforge-1.21.1-2.0.3.jar with {sable} mods - versions {2.0.3}
[20Jul2026 16:47:32.611] [main/INFO] [net.neoforged.fml.loading.moddiscovery.ModDiscoverer/SCAN]: Found mod file "sable-neoforge-1.21.1-2.0.3.jar" [locator: {mods folder locator at /var/opt/minecraft/crafty/crafty-4/servers/f208f13f-03b8-42f4-b07e-02f1dff6f964/mods}, reader: mod manifest]
[20Jul2026 16:47:32.612] [main/DEBUG] [net.neoforged.fml.loading.moddiscovery.readers.JarModsDotTomlModFileReader/SCAN]: Found META-INF/neoforge.mods.toml mod of type null: /var/opt/minecraft/crafty/crafty-4/servers/f208f13f-03b8-42f4-b07e-02f1dff6f964/mods/sablephysicscompat-1.3.0.jar
[20Jul2026 16:47:32.612] [main/DEBUG] [net.neoforged.fml.loading.moddiscovery.ModFileParser/LOADING]: Considering mod file candidate /var/opt/minecraft/crafty/crafty-4/servers/f208f13f-03b8-42f4-b07e-02f1dff6f964/mods/sablephysicscompat-1.3.0.jar
[20Jul2026 16:47:32.612] [main/DEBUG] [net.neoforged.fml.loading.moddiscovery.ModFileInfo/LOADING]: Found valid mod file sablephysicscompat-1.3.0.jar with {sablephysicscompat} mods - versions {1.3.0}
[20Jul2026 16:47:32.612] [main/INFO] [net.neoforged.fml.loading.moddiscovery.ModDiscoverer/SCAN]: Found mod file "sablephysicscompat-1.3.0.jar" [locator: {mods folder locator at /var/opt/minecraft/crafty/crafty-4/servers/f208f13f-03b8-42f4-b07e-02f1dff6f964/mods}, reader: mod manifest]
[20Jul2026 16:47:32.613] [main/DEBUG] [net.neoforged.fml.loading.moddiscovery.readers.JarModsDotTomlModFileReader/SCAN]: Found META-INF/neoforge.mods.toml mod of type null: /var/opt/minecraft/crafty/crafty-4/servers/f208f13f-03b8-42f4-b07e-02f1dff6f964/mods/scholar-neoforge-1.21.1-1.1.16.jar
[20Jul2026 16:47:32.613] [main/DEBUG] [net.neoforged.fml.loading.moddiscovery.ModFileParser/LOADING]: Considering mod file candidate /var/opt/minecraft/crafty/crafty-4/servers/f208f13f-03b8-42f4-b07e-02f1dff6f964/mods/scholar-neoforge-1.21.1-1.1.16.jar
[20Jul2026 16:47:32.613] [main/DEBUG] [net.neoforged.fml.loading.moddiscovery.ModFileInfo/LOADING]: Found valid mod file scholar-neoforge-1.21.1-1.1.16.jar with {scholar} mods - versions {1.1.16}
[20Jul2026 16:47:32.613] [main/INFO] [net.neoforged.fml.loading.moddiscovery.ModDiscoverer/SCAN]: Found mod file "scholar-neoforge-1.21.1-1.1.16.jar" [locator: {mods folder locator at /var/opt/minecraft/crafty/crafty-4/servers/f208f13f-03b8-42f4-b07e-02f1dff6f964/mods}, reader: mod manifest]
[20Jul2026 16:47:32.613] [main/DEBUG] [net.neoforged.fml.loading.moddiscovery.readers.JarModsDotTomlModFileReader/SCAN]: Found META-INF/neoforge.mods.toml mod of type null: /var/opt/minecraft/crafty/crafty-4/servers/f208f13f-03b8-42f4-b07e-02f1dff6f964/mods/scholar-neoforge-1.21.1-1.2.0.jar
[20Jul2026 16:47:32.613] [main/DEBUG] [net.neoforged.fml.loading.moddiscovery.ModFileParser/LOADING]: Considering mod file candidate /var/opt/minecraft/crafty/crafty-4/servers/f208f13f-03b8-42f4-b07e-02f1dff6f964/mods/scholar-neoforge-1.21.1-1.2.0.jar
[20Jul2026 16:47:32.613] [main/DEBUG] [net.neoforged.fml.loading.moddiscovery.ModFileInfo/LOADING]: Found valid mod file scholar-neoforge-1.21.1-1.2.0.jar with {scholar} mods - versions {1.2.0}
[20Jul2026 16:47:32.613] [main/INFO] [net.neoforged.fml.loading.moddiscovery.ModDiscoverer/SCAN]: Found mod file "scholar-neoforge-1.21.1-1.2.0.jar" [locator: {mods folder locator at /var/opt/minecraft/crafty/crafty-4/servers/f208f13f-03b8-42f4-b07e-02f1dff6f964/mods}, reader: mod manifest]
[20Jul2026 16:47:32.613] [main/DEBUG] [net.neoforged.fml.loading.moddiscovery.readers.JarModsDotTomlModFileReader/SCAN]: Found META-INF/neoforge.mods.toml mod of type null: /var/opt/minecraft/crafty/crafty-4/servers/f208f13f-03b8-42f4-b07e-02f1dff6f964/mods/seamlesssleep-neoforge-1.21-2.5.3.jar
[20Jul2026 16:47:32.613] [main/DEBUG] [net.neoforged.fml.loading.moddiscovery.ModFileParser/LOADING]: Considering mod file candidate /var/opt/minecraft/crafty/crafty-4/servers/f208f13f-03b8-42f4-b07e-02f1dff6f964/mods/seamlesssleep-neoforge-1.21-2.5.3.jar
[20Jul2026 16:47:32.614] [main/DEBUG] [net.neoforged.fml.loading.moddiscovery.ModFileInfo/LOADING]: Found valid mod file seamlesssleep-neoforge-1.21-2.5.3.jar with {seamlesssleep} mods - versions {2.5.3}
[20Jul2026 16:47:32.614] [main/INFO] [net.neoforged.fml.loading.moddiscovery.ModDiscoverer/SCAN]: Found mod file "seamlesssleep-neoforge-1.21-2.5.3.jar" [locator: {mods folder locator at /var/opt/minecraft/crafty/crafty-4/servers/f208f13f-03b8-42f4-b07e-02f1dff6f964/mods}, reader: mod manifest]
[20Jul2026 16:47:32.614] [main/DEBUG] [net.neoforged.fml.loading.moddiscovery.readers.JarModsDotTomlModFileReader/SCAN]: Found META-INF/neoforge.mods.toml mod of type null: /var/opt/minecraft/crafty/crafty-4/servers/f208f13f-03b8-42f4-b07e-02f1dff6f964/mods/servercore-neoforge-1.5.17+1.21.1.jar
[20Jul2026 16:47:32.614] [main/DEBUG] [net.neoforged.fml.loading.moddiscovery.ModFileParser/LOADING]: Considering mod file candidate /var/opt/minecraft/crafty/crafty-4/servers/f208f13f-03b8-42f4-b07e-02f1dff6f964/mods/servercore-neoforge-1.5.17+1.21.1.jar
[20Jul2026 16:47:32.614] [main/DEBUG] [net.neoforged.fml.loading.moddiscovery.ModFileInfo/LOADING]: Found valid mod file servercore-neoforge-1.5.17+1.21.1.jar with {servercore} mods - versions {1.5.17+1.21.1}
[20Jul2026 16:47:32.614] [main/INFO] [net.neoforged.fml.loading.moddiscovery.ModDiscoverer/SCAN]: Found mod file "servercore-neoforge-1.5.17+1.21.1.jar" [locator: {mods folder locator at /var/opt/minecraft/crafty/crafty-4/servers/f208f13f-03b8-42f4-b07e-02f1dff6f964/mods}, reader: mod manifest]
[20Jul2026 16:47:32.614] [main/DEBUG] [net.neoforged.fml.loading.moddiscovery.readers.JarModsDotTomlModFileReader/SCAN]: Found META-INF/neoforge.mods.toml mod of type null: /var/opt/minecraft/crafty/crafty-4/servers/f208f13f-03b8-42f4-b07e-02f1dff6f964/mods/sliceanddice-forge-4.2.4.jar
[20Jul2026 16:47:32.615] [main/DEBUG] [net.neoforged.fml.loading.moddiscovery.ModFileParser/LOADING]: Considering mod file candidate /var/opt/minecraft/crafty/crafty-4/servers/f208f13f-03b8-42f4-b07e-02f1dff6f964/mods/sliceanddice-forge-4.2.4.jar
[20Jul2026 16:47:32.615] [main/DEBUG] [net.neoforged.fml.loading.moddiscovery.ModFileInfo/LOADING]: Found valid mod file sliceanddice-forge-4.2.4.jar with {sliceanddice} mods - versions {4.2.4}
[20Jul2026 16:47:32.615] [main/INFO] [net.neoforged.fml.loading.moddiscovery.ModDiscoverer/SCAN]: Found mod file "sliceanddice-forge-4.2.4.jar" [locator: {mods folder locator at /var/opt/minecraft/crafty/crafty-4/servers/f208f13f-03b8-42f4-b07e-02f1dff6f964/mods}, reader: mod manifest]
[20Jul2026 16:47:32.615] [main/DEBUG] [net.neoforged.fml.loading.moddiscovery.readers.JarModsDotTomlModFileReader/SCAN]: Found META-INF/neoforge.mods.toml mod of type null: /var/opt/minecraft/crafty/crafty-4/servers/f208f13f-03b8-42f4-b07e-02f1dff6f964/mods/smart_bounds-1.0.0.jar
[20Jul2026 16:47:32.615] [main/DEBUG] [net.neoforged.fml.loading.moddiscovery.ModFileParser/LOADING]: Considering mod file candidate /var/opt/minecraft/crafty/crafty-4/servers/f208f13f-03b8-42f4-b07e-02f1dff6f964/mods/smart_bounds-1.0.0.jar
[20Jul2026 16:47:32.615] [main/DEBUG] [net.neoforged.fml.loading.moddiscovery.ModFileInfo/LOADING]: Found valid mod file smart_bounds-1.0.0.jar with {smart_bounds} mods - versions {1.0.0}
[20Jul2026 16:47:32.615] [main/INFO] [net.neoforged.fml.loading.moddiscovery.ModDiscoverer/SCAN]: Found mod file "smart_bounds-1.0.0.jar" [locator: {mods folder locator at /var/opt/minecraft/crafty/crafty-4/servers/f208f13f-03b8-42f4-b07e-02f1dff6f964/mods}, reader: mod manifest]
[20Jul2026 16:47:32.615] [main/DEBUG] [net.neoforged.fml.loading.moddiscovery.readers.JarModsDotTomlModFileReader/SCAN]: Found META-INF/neoforge.mods.toml mod of type null: /var/opt/minecraft/crafty/crafty-4/servers/f208f13f-03b8-42f4-b07e-02f1dff6f964/mods/smarterfarmers-1.21-2.2.4-neoforge.jar
[20Jul2026 16:47:32.615] [main/DEBUG] [net.neoforged.fml.loading.moddiscovery.ModFileParser/LOADING]: Considering mod file candidate /var/opt/minecraft/crafty/crafty-4/servers/f208f13f-03b8-42f4-b07e-02f1dff6f964/mods/smarterfarmers-1.21-2.2.4-neoforge.jar
[20Jul2026 16:47:32.616] [main/DEBUG] [net.neoforged.fml.loading.moddiscovery.ModFileInfo/LOADING]: Found valid mod file smarterfarmers-1.21-2.2.4-neoforge.jar with {smarterfarmers} mods - versions {1.21-2.2.4}
[20Jul2026 16:47:32.616] [main/INFO] [net.neoforged.fml.loading.moddiscovery.ModDiscoverer/SCAN]: Found mod file "smarterfarmers-1.21-2.2.4-neoforge.jar" [locator: {mods folder locator at /var/opt/minecraft/crafty/crafty-4/servers/f208f13f-03b8-42f4-b07e-02f1dff6f964/mods}, reader: mod manifest]
[20Jul2026 16:47:32.616] [main/DEBUG] [net.neoforged.fml.loading.moddiscovery.readers.JarModsDotTomlModFileReader/SCAN]: Found META-INF/neoforge.mods.toml mod of type null: /var/opt/minecraft/crafty/crafty-4/servers/f208f13f-03b8-42f4-b07e-02f1dff6f964/mods/sound-physics-remastered-neoforge-1.21.1-1.5.1.jar
[20Jul2026 16:47:32.616] [main/DEBUG] [net.neoforged.fml.loading.moddiscovery.ModFileParser/LOADING]: Considering mod file candidate /var/opt/minecraft/crafty/crafty-4/servers/f208f13f-03b8-42f4-b07e-02f1dff6f964/mods/sound-physics-remastered-neoforge-1.21.1-1.5.1.jar
[20Jul2026 16:47:32.616] [main/DEBUG] [net.neoforged.fml.loading.moddiscovery.ModFileInfo/LOADING]: Found valid mod file sound-physics-remastered-neoforge-1.21.1-1.5.1.jar with {sound_physics_remastered} mods - versions {1.21.1-1.5.1}
[20Jul2026 16:47:32.616] [main/INFO] [net.neoforged.fml.loading.moddiscovery.ModDiscoverer/SCAN]: Found mod file "sound-physics-remastered-neoforge-1.21.1-1.5.1.jar" [locator: {mods folder locator at /var/opt/minecraft/crafty/crafty-4/servers/f208f13f-03b8-42f4-b07e-02f1dff6f964/mods}, reader: mod manifest]
[20Jul2026 16:47:32.623] [main/WARN] [net.neoforged.fml.loading.moddiscovery.ModDiscoverer/SCAN]: Skipping jar. File /var/opt/minecraft/crafty/crafty-4/servers/f208f13f-03b8-42f4-b07e-02f1dff6f964/mods/squaremap-fabric-mc1.21.1-1.3.2.jar is a Fabric mod and cannot be loaded
[20Jul2026 16:47:32.624] [main/DEBUG] [net.neoforged.fml.loading.moddiscovery.readers.JarModsDotTomlModFileReader/SCAN]: Found META-INF/neoforge.mods.toml mod of type null: /var/opt/minecraft/crafty/crafty-4/servers/f208f13f-03b8-42f4-b07e-02f1dff6f964/mods/still-life-b1.0[UNOFFICIAL-BACKPORT-1.21.1].jar
[20Jul2026 16:47:32.624] [main/DEBUG] [net.neoforged.fml.loading.moddiscovery.ModFileParser/LOADING]: Considering mod file candidate /var/opt/minecraft/crafty/crafty-4/servers/f208f13f-03b8-42f4-b07e-02f1dff6f964/mods/still-life-b1.0[UNOFFICIAL-BACKPORT-1.21.1].jar
[20Jul2026 16:47:32.625] [main/DEBUG] [net.neoforged.fml.loading.moddiscovery.ModFileInfo/LOADING]: Found valid mod file still-life-b1.0[UNOFFICIAL-BACKPORT-1.21.1].jar with {mr_still_life} mods - versions {1.0}
[20Jul2026 16:47:32.625] [main/INFO] [net.neoforged.fml.loading.moddiscovery.ModDiscoverer/SCAN]: Found mod file "still-life-b1.0[UNOFFICIAL-BACKPORT-1.21.1].jar" [locator: {mods folder locator at /var/opt/minecraft/crafty/crafty-4/servers/f208f13f-03b8-42f4-b07e-02f1dff6f964/mods}, reader: mod manifest]
[20Jul2026 16:47:32.625] [main/DEBUG] [net.neoforged.fml.loading.moddiscovery.readers.JarModsDotTomlModFileReader/SCAN]: Found META-INF/neoforge.mods.toml mod of type null: /var/opt/minecraft/crafty/crafty-4/servers/f208f13f-03b8-42f4-b07e-02f1dff6f964/mods/structure_layout_optimizer-neoforge-1.0.12.jar
[20Jul2026 16:47:32.625] [main/DEBUG] [net.neoforged.fml.loading.moddiscovery.ModFileParser/LOADING]: Considering mod file candidate /var/opt/minecraft/crafty/crafty-4/servers/f208f13f-03b8-42f4-b07e-02f1dff6f964/mods/structure_layout_optimizer-neoforge-1.0.12.jar
[20Jul2026 16:47:32.625] [main/DEBUG] [net.neoforged.fml.loading.moddiscovery.ModFileInfo/LOADING]: Found valid mod file structure_layout_optimizer-neoforge-1.0.12.jar with {structure_layout_optimizer} mods - versions {1.0.12}
[20Jul2026 16:47:32.625] [main/INFO] [net.neoforged.fml.loading.moddiscovery.ModDiscoverer/SCAN]: Found mod file "structure_layout_optimizer-neoforge-1.0.12.jar" [locator: {mods folder locator at /var/opt/minecraft/crafty/crafty-4/servers/f208f13f-03b8-42f4-b07e-02f1dff6f964/mods}, reader: mod manifest]
[20Jul2026 16:47:32.626] [main/DEBUG] [net.neoforged.fml.loading.moddiscovery.readers.JarModsDotTomlModFileReader/SCAN]: Found META-INF/neoforge.mods.toml mod of type null: /var/opt/minecraft/crafty/crafty-4/servers/f208f13f-03b8-42f4-b07e-02f1dff6f964/mods/supermartijn642configlib-1.1.8-neoforge-mc1.21.jar
[20Jul2026 16:47:32.626] [main/DEBUG] [net.neoforged.fml.loading.moddiscovery.ModFileParser/LOADING]: Considering mod file candidate /var/opt/minecraft/crafty/crafty-4/servers/f208f13f-03b8-42f4-b07e-02f1dff6f964/mods/supermartijn642configlib-1.1.8-neoforge-mc1.21.jar
[20Jul2026 16:47:32.626] [main/DEBUG] [net.neoforged.fml.loading.moddiscovery.ModFileInfo/LOADING]: Found valid mod file supermartijn642configlib-1.1.8-neoforge-mc1.21.jar with {supermartijn642configlib} mods - versions {1.1.8}
[20Jul2026 16:47:32.626] [main/INFO] [net.neoforged.fml.loading.moddiscovery.ModDiscoverer/SCAN]: Found mod file "supermartijn642configlib-1.1.8-neoforge-mc1.21.jar" [locator: {mods folder locator at /var/opt/minecraft/crafty/crafty-4/servers/f208f13f-03b8-42f4-b07e-02f1dff6f964/mods}, reader: mod manifest]
[20Jul2026 16:47:32.626] [main/DEBUG] [net.neoforged.fml.loading.moddiscovery.readers.JarModsDotTomlModFileReader/SCAN]: Found META-INF/neoforge.mods.toml mod of type null: /var/opt/minecraft/crafty/crafty-4/servers/f208f13f-03b8-42f4-b07e-02f1dff6f964/mods/supermartijn642corelib-1.1.21-neoforge-mc1.21.jar
[20Jul2026 16:47:32.626] [main/DEBUG] [net.neoforged.fml.loading.moddiscovery.ModFileParser/LOADING]: Considering mod file candidate /var/opt/minecraft/crafty/crafty-4/servers/f208f13f-03b8-42f4-b07e-02f1dff6f964/mods/supermartijn642corelib-1.1.21-neoforge-mc1.21.jar
[20Jul2026 16:47:32.627] [main/DEBUG] [net.neoforged.fml.loading.moddiscovery.ModFileInfo/LOADING]: Found valid mod file supermartijn642corelib-1.1.21-neoforge-mc1.21.jar with {supermartijn642corelib} mods - versions {1.1.21}
[20Jul2026 16:47:32.627] [main/INFO] [net.neoforged.fml.loading.moddiscovery.ModDiscoverer/SCAN]: Found mod file "supermartijn642corelib-1.1.21-neoforge-mc1.21.jar" [locator: {mods folder locator at /var/opt/minecraft/crafty/crafty-4/servers/f208f13f-03b8-42f4-b07e-02f1dff6f964/mods}, reader: mod manifest]
[20Jul2026 16:47:32.628] [main/DEBUG] [net.neoforged.fml.loading.moddiscovery.readers.JarModsDotTomlModFileReader/SCAN]: Found META-INF/neoforge.mods.toml mod of type null: /var/opt/minecraft/crafty/crafty-4/servers/f208f13f-03b8-42f4-b07e-02f1dff6f964/mods/supplementaries-neoforge-1.21.1-3.6.8.jar
[20Jul2026 16:47:32.628] [main/DEBUG] [net.neoforged.fml.loading.moddiscovery.ModFileParser/LOADING]: Considering mod file candidate /var/opt/minecraft/crafty/crafty-4/servers/f208f13f-03b8-42f4-b07e-02f1dff6f964/mods/supplementaries-neoforge-1.21.1-3.6.8.jar
[20Jul2026 16:47:32.629] [main/DEBUG] [net.neoforged.fml.loading.moddiscovery.ModFileInfo/LOADING]: Found valid mod file supplementaries-neoforge-1.21.1-3.6.8.jar with {supplementaries} mods - versions {1.21.1-3.6.8}
[20Jul2026 16:47:32.629] [main/INFO] [net.neoforged.fml.loading.moddiscovery.ModDiscoverer/SCAN]: Found mod file "supplementaries-neoforge-1.21.1-3.6.8.jar" [locator: {mods folder locator at /var/opt/minecraft/crafty/crafty-4/servers/f208f13f-03b8-42f4-b07e-02f1dff6f964/mods}, reader: mod manifest]
[20Jul2026 16:47:32.630] [main/DEBUG] [net.neoforged.fml.loading.moddiscovery.readers.JarModsDotTomlModFileReader/SCAN]: Found META-INF/neoforge.mods.toml mod of type null: /var/opt/minecraft/crafty/crafty-4/servers/f208f13f-03b8-42f4-b07e-02f1dff6f964/mods/t_and_t-neoforge-fabric-1.13.9+1.21.1.jar
[20Jul2026 16:47:32.630] [main/DEBUG] [net.neoforged.fml.loading.moddiscovery.ModFileParser/LOADING]: Considering mod file candidate /var/opt/minecraft/crafty/crafty-4/servers/f208f13f-03b8-42f4-b07e-02f1dff6f964/mods/t_and_t-neoforge-fabric-1.13.9+1.21.1.jar
[20Jul2026 16:47:32.630] [main/DEBUG] [net.neoforged.fml.loading.moddiscovery.ModFileInfo/LOADING]: Found valid mod file t_and_t-neoforge-fabric-1.13.9+1.21.1.jar with {t_and_t} mods - versions {1.13.9}
[20Jul2026 16:47:32.630] [main/INFO] [net.neoforged.fml.loading.moddiscovery.ModDiscoverer/SCAN]: Found mod file "t_and_t-neoforge-fabric-1.13.9+1.21.1.jar" [locator: {mods folder locator at /var/opt/minecraft/crafty/crafty-4/servers/f208f13f-03b8-42f4-b07e-02f1dff6f964/mods}, reader: mod manifest]
[20Jul2026 16:47:32.630] [main/DEBUG] [net.neoforged.fml.loading.moddiscovery.readers.JarModsDotTomlModFileReader/SCAN]: Found META-INF/neoforge.mods.toml mod of type null: /var/opt/minecraft/crafty/crafty-4/servers/f208f13f-03b8-42f4-b07e-02f1dff6f964/mods/TerraBlender-neoforge-1.21.1-4.1.0.8.jar
[20Jul2026 16:47:32.630] [main/DEBUG] [net.neoforged.fml.loading.moddiscovery.ModFileParser/LOADING]: Considering mod file candidate /var/opt/minecraft/crafty/crafty-4/servers/f208f13f-03b8-42f4-b07e-02f1dff6f964/mods/TerraBlender-neoforge-1.21.1-4.1.0.8.jar
[20Jul2026 16:47:32.630] [main/DEBUG] [net.neoforged.fml.loading.moddiscovery.ModFileInfo/LOADING]: Found valid mod file TerraBlender-neoforge-1.21.1-4.1.0.8.jar with {terrablender} mods - versions {4.1.0.8}
[20Jul2026 16:47:32.630] [main/INFO] [net.neoforged.fml.loading.moddiscovery.ModDiscoverer/SCAN]: Found mod file "TerraBlender-neoforge-1.21.1-4.1.0.8.jar" [locator: {mods folder locator at /var/opt/minecraft/crafty/crafty-4/servers/f208f13f-03b8-42f4-b07e-02f1dff6f964/mods}, reader: mod manifest]
[20Jul2026 16:47:32.631] [main/DEBUG] [net.neoforged.fml.loading.moddiscovery.readers.JarModsDotTomlModFileReader/SCAN]: Found META-INF/neoforge.mods.toml mod of type null: /var/opt/minecraft/crafty/crafty-4/servers/f208f13f-03b8-42f4-b07e-02f1dff6f964/mods/trashslot-neoforge-1.21.1-21.1.11.jar
[20Jul2026 16:47:32.631] [main/DEBUG] [net.neoforged.fml.loading.moddiscovery.ModFileParser/LOADING]: Considering mod file candidate /var/opt/minecraft/crafty/crafty-4/servers/f208f13f-03b8-42f4-b07e-02f1dff6f964/mods/trashslot-neoforge-1.21.1-21.1.11.jar
[20Jul2026 16:47:32.631] [main/DEBUG] [net.neoforged.fml.loading.moddiscovery.ModFileInfo/LOADING]: Found valid mod file trashslot-neoforge-1.21.1-21.1.11.jar with {trashslot} mods - versions {21.1.11}
[20Jul2026 16:47:32.631] [main/INFO] [net.neoforged.fml.loading.moddiscovery.ModDiscoverer/SCAN]: Found mod file "trashslot-neoforge-1.21.1-21.1.11.jar" [locator: {mods folder locator at /var/opt/minecraft/crafty/crafty-4/servers/f208f13f-03b8-42f4-b07e-02f1dff6f964/mods}, reader: mod manifest]
[20Jul2026 16:47:32.669] [main/DEBUG] [net.neoforged.fml.loading.moddiscovery.readers.JarModsDotTomlModFileReader/SCAN]: Found META-INF/neoforge.mods.toml mod of type null: /var/opt/minecraft/crafty/crafty-4/servers/f208f13f-03b8-42f4-b07e-02f1dff6f964/mods/TreeChop-1.21.1-neoforge-0.19.3.jar
[20Jul2026 16:47:32.669] [main/DEBUG] [net.neoforged.fml.loading.moddiscovery.ModFileParser/LOADING]: Considering mod file candidate /var/opt/minecraft/crafty/crafty-4/servers/f208f13f-03b8-42f4-b07e-02f1dff6f964/mods/TreeChop-1.21.1-neoforge-0.19.3.jar
[20Jul2026 16:47:32.670] [main/DEBUG] [net.neoforged.fml.loading.moddiscovery.ModFileInfo/LOADING]: Found valid mod file TreeChop-1.21.1-neoforge-0.19.3.jar with {treechop} mods - versions {0.19.3}
[20Jul2026 16:47:32.671] [main/INFO] [net.neoforged.fml.loading.moddiscovery.ModDiscoverer/SCAN]: Found mod file "TreeChop-1.21.1-neoforge-0.19.3.jar" [locator: {mods folder locator at /var/opt/minecraft/crafty/crafty-4/servers/f208f13f-03b8-42f4-b07e-02f1dff6f964/mods}, reader: mod manifest]
[20Jul2026 16:47:32.671] [main/DEBUG] [net.neoforged.fml.loading.moddiscovery.readers.JarModsDotTomlModFileReader/SCAN]: Found META-INF/neoforge.mods.toml mod of type null: /var/opt/minecraft/crafty/crafty-4/servers/f208f13f-03b8-42f4-b07e-02f1dff6f964/mods/txnilib-neoforge-1.0.24-1.21.1.jar
[20Jul2026 16:47:32.671] [main/DEBUG] [net.neoforged.fml.loading.moddiscovery.ModFileParser/LOADING]: Considering mod file candidate /var/opt/minecraft/crafty/crafty-4/servers/f208f13f-03b8-42f4-b07e-02f1dff6f964/mods/txnilib-neoforge-1.0.24-1.21.1.jar
[20Jul2026 16:47:32.672] [main/DEBUG] [net.neoforged.fml.loading.moddiscovery.ModFileInfo/LOADING]: Found valid mod file txnilib-neoforge-1.0.24-1.21.1.jar with {txnilib} mods - versions {1.0.24}
[20Jul2026 16:47:32.672] [main/INFO] [net.neoforged.fml.loading.moddiscovery.ModDiscoverer/SCAN]: Found mod file "txnilib-neoforge-1.0.24-1.21.1.jar" [locator: {mods folder locator at /var/opt/minecraft/crafty/crafty-4/servers/f208f13f-03b8-42f4-b07e-02f1dff6f964/mods}, reader: mod manifest]
[20Jul2026 16:47:32.674] [main/DEBUG] [net.neoforged.fml.loading.moddiscovery.readers.JarModsDotTomlModFileReader/SCAN]: Found META-INF/neoforge.mods.toml mod of type null: /var/opt/minecraft/crafty/crafty-4/servers/f208f13f-03b8-42f4-b07e-02f1dff6f964/mods/VanillaBackport-neoforge-1.21.1-1.1.7.10.jar
[20Jul2026 16:47:32.675] [main/DEBUG] [net.neoforged.fml.loading.moddiscovery.ModFileParser/LOADING]: Considering mod file candidate /var/opt/minecraft/crafty/crafty-4/servers/f208f13f-03b8-42f4-b07e-02f1dff6f964/mods/VanillaBackport-neoforge-1.21.1-1.1.7.10.jar
[20Jul2026 16:47:32.675] [main/DEBUG] [net.neoforged.fml.loading.moddiscovery.ModFileInfo/LOADING]: Found valid mod file VanillaBackport-neoforge-1.21.1-1.1.7.10.jar with {vanillabackport} mods - versions {1.1.7.10}
[20Jul2026 16:47:32.675] [main/INFO] [net.neoforged.fml.loading.moddiscovery.ModDiscoverer/SCAN]: Found mod file "VanillaBackport-neoforge-1.21.1-1.1.7.10.jar" [locator: {mods folder locator at /var/opt/minecraft/crafty/crafty-4/servers/f208f13f-03b8-42f4-b07e-02f1dff6f964/mods}, reader: mod manifest]
[20Jul2026 16:47:32.676] [main/DEBUG] [net.neoforged.fml.loading.moddiscovery.readers.JarModsDotTomlModFileReader/SCAN]: Found META-INF/neoforge.mods.toml mod of type null: /var/opt/minecraft/crafty/crafty-4/servers/f208f13f-03b8-42f4-b07e-02f1dff6f964/mods/villagercurrency-1.1.1-neoforge-1.21.1.jar
[20Jul2026 16:47:32.676] [main/DEBUG] [net.neoforged.fml.loading.moddiscovery.ModFileParser/LOADING]: Considering mod file candidate /var/opt/minecraft/crafty/crafty-4/servers/f208f13f-03b8-42f4-b07e-02f1dff6f964/mods/villagercurrency-1.1.1-neoforge-1.21.1.jar
[20Jul2026 16:47:32.677] [main/DEBUG] [net.neoforged.fml.loading.moddiscovery.ModFileInfo/LOADING]: Found valid mod file villagercurrency-1.1.1-neoforge-1.21.1.jar with {villagercurrency} mods - versions {1.1.1}
[20Jul2026 16:47:32.677] [main/INFO] [net.neoforged.fml.loading.moddiscovery.ModDiscoverer/SCAN]: Found mod file "villagercurrency-1.1.1-neoforge-1.21.1.jar" [locator: {mods folder locator at /var/opt/minecraft/crafty/crafty-4/servers/f208f13f-03b8-42f4-b07e-02f1dff6f964/mods}, reader: mod manifest]
[20Jul2026 16:47:32.677] [main/DEBUG] [net.neoforged.fml.loading.moddiscovery.readers.JarModsDotTomlModFileReader/SCAN]: Found META-INF/neoforge.mods.toml mod of type null: /var/opt/minecraft/crafty/crafty-4/servers/f208f13f-03b8-42f4-b07e-02f1dff6f964/mods/watchtower-neoforge-1.1.0+mc1.21.jar
[20Jul2026 16:47:32.677] [main/DEBUG] [net.neoforged.fml.loading.moddiscovery.ModFileParser/LOADING]: Considering mod file candidate /var/opt/minecraft/crafty/crafty-4/servers/f208f13f-03b8-42f4-b07e-02f1dff6f964/mods/watchtower-neoforge-1.1.0+mc1.21.jar
[20Jul2026 16:47:32.678] [main/DEBUG] [net.neoforged.fml.loading.moddiscovery.ModFileInfo/LOADING]: Found valid mod file watchtower-neoforge-1.1.0+mc1.21.jar with {watchtower} mods - versions {1.1.0}
[20Jul2026 16:47:32.678] [main/INFO] [net.neoforged.fml.loading.moddiscovery.ModDiscoverer/SCAN]: Found mod file "watchtower-neoforge-1.1.0+mc1.21.jar" [locator: {mods folder locator at /var/opt/minecraft/crafty/crafty-4/servers/f208f13f-03b8-42f4-b07e-02f1dff6f964/mods}, reader: mod manifest]
[20Jul2026 16:47:32.679] [main/DEBUG] [net.neoforged.fml.loading.moddiscovery.readers.JarModsDotTomlModFileReader/SCAN]: Found META-INF/neoforge.mods.toml mod of type null: /var/opt/minecraft/crafty/crafty-4/servers/f208f13f-03b8-42f4-b07e-02f1dff6f964/mods/Xaeros_Minimap_25.3.2_NeoForge_1.21.jar
[20Jul2026 16:47:32.679] [main/DEBUG] [net.neoforged.fml.loading.moddiscovery.ModFileParser/LOADING]: Considering mod file candidate /var/opt/minecraft/crafty/crafty-4/servers/f208f13f-03b8-42f4-b07e-02f1dff6f964/mods/Xaeros_Minimap_25.3.2_NeoForge_1.21.jar
[20Jul2026 16:47:32.679] [main/DEBUG] [net.neoforged.fml.loading.moddiscovery.ModFileInfo/LOADING]: Found valid mod file Xaeros_Minimap_25.3.2_NeoForge_1.21.jar with {xaerominimap} mods - versions {25.3.2}
[20Jul2026 16:47:32.679] [main/INFO] [net.neoforged.fml.loading.moddiscovery.ModDiscoverer/SCAN]: Found mod file "Xaeros_Minimap_25.3.2_NeoForge_1.21.jar" [locator: {mods folder locator at /var/opt/minecraft/crafty/crafty-4/servers/f208f13f-03b8-42f4-b07e-02f1dff6f964/mods}, reader: mod manifest]
[20Jul2026 16:47:32.680] [main/DEBUG] [net.neoforged.fml.loading.moddiscovery.readers.JarModsDotTomlModFileReader/SCAN]: Found META-INF/neoforge.mods.toml mod of type null: /var/opt/minecraft/crafty/crafty-4/servers/f208f13f-03b8-42f4-b07e-02f1dff6f964/mods/XaerosWorldMap_1.40.2_NeoForge_1.21.jar
[20Jul2026 16:47:32.680] [main/DEBUG] [net.neoforged.fml.loading.moddiscovery.ModFileParser/LOADING]: Considering mod file candidate /var/opt/minecraft/crafty/crafty-4/servers/f208f13f-03b8-42f4-b07e-02f1dff6f964/mods/XaerosWorldMap_1.40.2_NeoForge_1.21.jar
[20Jul2026 16:47:32.680] [main/DEBUG] [net.neoforged.fml.loading.moddiscovery.ModFileInfo/LOADING]: Found valid mod file XaerosWorldMap_1.40.2_NeoForge_1.21.jar with {xaeroworldmap} mods - versions {1.40.2}
[20Jul2026 16:47:32.680] [main/INFO] [net.neoforged.fml.loading.moddiscovery.ModDiscoverer/SCAN]: Found mod file "XaerosWorldMap_1.40.2_NeoForge_1.21.jar" [locator: {mods folder locator at /var/opt/minecraft/crafty/crafty-4/servers/f208f13f-03b8-42f4-b07e-02f1dff6f964/mods}, reader: mod manifest]
[20Jul2026 16:47:32.681] [main/DEBUG] [net.neoforged.fml.loading.moddiscovery.readers.JarModsDotTomlModFileReader/SCAN]: Found META-INF/neoforge.mods.toml mod of type null: /var/opt/minecraft/crafty/crafty-4/servers/f208f13f-03b8-42f4-b07e-02f1dff6f964/mods/yeetusexperimentus-neoforge-87.0.0.jar
[20Jul2026 16:47:32.681] [main/DEBUG] [net.neoforged.fml.loading.moddiscovery.ModFileParser/LOADING]: Considering mod file candidate /var/opt/minecraft/crafty/crafty-4/servers/f208f13f-03b8-42f4-b07e-02f1dff6f964/mods/yeetusexperimentus-neoforge-87.0.0.jar
[20Jul2026 16:47:32.681] [main/DEBUG] [net.neoforged.fml.loading.moddiscovery.ModFileInfo/LOADING]: Found valid mod file yeetusexperimentus-neoforge-87.0.0.jar with {yeetusexperimentus} mods - versions {87.0.0}
[20Jul2026 16:47:32.681] [main/INFO] [net.neoforged.fml.loading.moddiscovery.ModDiscoverer/SCAN]: Found mod file "yeetusexperimentus-neoforge-87.0.0.jar" [locator: {mods folder locator at /var/opt/minecraft/crafty/crafty-4/servers/f208f13f-03b8-42f4-b07e-02f1dff6f964/mods}, reader: mod manifest]
[20Jul2026 16:47:32.681] [main/DEBUG] [net.neoforged.fml.loading.moddiscovery.readers.JarModsDotTomlModFileReader/SCAN]: Found META-INF/neoforge.mods.toml mod of type null: /var/opt/minecraft/crafty/crafty-4/servers/f208f13f-03b8-42f4-b07e-02f1dff6f964/mods/yet_another_config_lib_v3-3.8.2+1.21.1-neoforge.jar
[20Jul2026 16:47:32.681] [main/DEBUG] [net.neoforged.fml.loading.moddiscovery.ModFileParser/LOADING]: Considering mod file candidate /var/opt/minecraft/crafty/crafty-4/servers/f208f13f-03b8-42f4-b07e-02f1dff6f964/mods/yet_another_config_lib_v3-3.8.2+1.21.1-neoforge.jar
[20Jul2026 16:47:32.682] [main/DEBUG] [net.neoforged.fml.loading.moddiscovery.ModFileInfo/LOADING]: Found valid mod file yet_another_config_lib_v3-3.8.2+1.21.1-neoforge.jar with {yet_another_config_lib_v3} mods - versions {3.8.2+1.21.1-neoforge}
[20Jul2026 16:47:32.682] [main/INFO] [net.neoforged.fml.loading.moddiscovery.ModDiscoverer/SCAN]: Found mod file "yet_another_config_lib_v3-3.8.2+1.21.1-neoforge.jar" [locator: {mods folder locator at /var/opt/minecraft/crafty/crafty-4/servers/f208f13f-03b8-42f4-b07e-02f1dff6f964/mods}, reader: mod manifest]
[20Jul2026 16:47:32.682] [main/DEBUG] [net.neoforged.fml.loading.moddiscovery.readers.JarModsDotTomlModFileReader/SCAN]: Found META-INF/neoforge.mods.toml mod of type null: /var/opt/minecraft/crafty/crafty-4/servers/f208f13f-03b8-42f4-b07e-02f1dff6f964/mods/YungsApi-1.21.1-NeoForge-5.1.6.jar
[20Jul2026 16:47:32.682] [main/DEBUG] [net.neoforged.fml.loading.moddiscovery.ModFileParser/LOADING]: Considering mod file candidate /var/opt/minecraft/crafty/crafty-4/servers/f208f13f-03b8-42f4-b07e-02f1dff6f964/mods/YungsApi-1.21.1-NeoForge-5.1.6.jar
[20Jul2026 16:47:32.682] [main/DEBUG] [net.neoforged.fml.loading.moddiscovery.ModFileInfo/LOADING]: Found valid mod file YungsApi-1.21.1-NeoForge-5.1.6.jar with {yungsapi} mods - versions {1.21.1-NeoForge-5.1.6}
[20Jul2026 16:47:32.683] [main/INFO] [net.neoforged.fml.loading.moddiscovery.ModDiscoverer/SCAN]: Found mod file "YungsApi-1.21.1-NeoForge-5.1.6.jar" [locator: {mods folder locator at /var/opt/minecraft/crafty/crafty-4/servers/f208f13f-03b8-42f4-b07e-02f1dff6f964/mods}, reader: mod manifest]
[20Jul2026 16:47:32.683] [main/DEBUG] [net.neoforged.fml.loading.moddiscovery.readers.JarModsDotTomlModFileReader/SCAN]: Found META-INF/neoforge.mods.toml mod of type null: /var/opt/minecraft/crafty/crafty-4/servers/f208f13f-03b8-42f4-b07e-02f1dff6f964/mods/YungsBetterDesertTemples-1.21.1-NeoForge-4.1.5.jar
[20Jul2026 16:47:32.683] [main/DEBUG] [net.neoforged.fml.loading.moddiscovery.ModFileParser/LOADING]: Considering mod file candidate /var/opt/minecraft/crafty/crafty-4/servers/f208f13f-03b8-42f4-b07e-02f1dff6f964/mods/YungsBetterDesertTemples-1.21.1-NeoForge-4.1.5.jar
[20Jul2026 16:47:32.683] [main/DEBUG] [net.neoforged.fml.loading.moddiscovery.ModFileInfo/LOADING]: Found valid mod file YungsBetterDesertTemples-1.21.1-NeoForge-4.1.5.jar with {betterdeserttemples} mods - versions {1.21.1-NeoForge-4.1.5}
[20Jul2026 16:47:32.683] [main/INFO] [net.neoforged.fml.loading.moddiscovery.ModDiscoverer/SCAN]: Found mod file "YungsBetterDesertTemples-1.21.1-NeoForge-4.1.5.jar" [locator: {mods folder locator at /var/opt/minecraft/crafty/crafty-4/servers/f208f13f-03b8-42f4-b07e-02f1dff6f964/mods}, reader: mod manifest]
[20Jul2026 16:47:32.683] [main/DEBUG] [net.neoforged.fml.loading.moddiscovery.readers.JarModsDotTomlModFileReader/SCAN]: Found META-INF/neoforge.mods.toml mod of type null: /var/opt/minecraft/crafty/crafty-4/servers/f208f13f-03b8-42f4-b07e-02f1dff6f964/mods/YungsBetterDungeons-1.21.1-NeoForge-5.1.4.jar
[20Jul2026 16:47:32.683] [main/DEBUG] [net.neoforged.fml.loading.moddiscovery.ModFileParser/LOADING]: Considering mod file candidate /var/opt/minecraft/crafty/crafty-4/servers/f208f13f-03b8-42f4-b07e-02f1dff6f964/mods/YungsBetterDungeons-1.21.1-NeoForge-5.1.4.jar
[20Jul2026 16:47:32.684] [main/DEBUG] [net.neoforged.fml.loading.moddiscovery.ModFileInfo/LOADING]: Found valid mod file YungsBetterDungeons-1.21.1-NeoForge-5.1.4.jar with {betterdungeons} mods - versions {1.21.1-NeoForge-5.1.4}
[20Jul2026 16:47:32.684] [main/INFO] [net.neoforged.fml.loading.moddiscovery.ModDiscoverer/SCAN]: Found mod file "YungsBetterDungeons-1.21.1-NeoForge-5.1.4.jar" [locator: {mods folder locator at /var/opt/minecraft/crafty/crafty-4/servers/f208f13f-03b8-42f4-b07e-02f1dff6f964/mods}, reader: mod manifest]
[20Jul2026 16:47:32.684] [main/DEBUG] [net.neoforged.fml.loading.moddiscovery.readers.JarModsDotTomlModFileReader/SCAN]: Found META-INF/neoforge.mods.toml mod of type null: /var/opt/minecraft/crafty/crafty-4/servers/f208f13f-03b8-42f4-b07e-02f1dff6f964/mods/YungsBetterEndIsland-1.21.1-NeoForge-3.1.2.jar
[20Jul2026 16:47:32.684] [main/DEBUG] [net.neoforged.fml.loading.moddiscovery.ModFileParser/LOADING]: Considering mod file candidate /var/opt/minecraft/crafty/crafty-4/servers/f208f13f-03b8-42f4-b07e-02f1dff6f964/mods/YungsBetterEndIsland-1.21.1-NeoForge-3.1.2.jar
[20Jul2026 16:47:32.684] [main/DEBUG] [net.neoforged.fml.loading.moddiscovery.ModFileInfo/LOADING]: Found valid mod file YungsBetterEndIsland-1.21.1-NeoForge-3.1.2.jar with {betterendisland} mods - versions {1.21.1-NeoForge-3.1.2}
[20Jul2026 16:47:32.684] [main/INFO] [net.neoforged.fml.loading.moddiscovery.ModDiscoverer/SCAN]: Found mod file "YungsBetterEndIsland-1.21.1-NeoForge-3.1.2.jar" [locator: {mods folder locator at /var/opt/minecraft/crafty/crafty-4/servers/f208f13f-03b8-42f4-b07e-02f1dff6f964/mods}, reader: mod manifest]
[20Jul2026 16:47:32.684] [main/DEBUG] [net.neoforged.fml.loading.moddiscovery.readers.JarModsDotTomlModFileReader/SCAN]: Found META-INF/neoforge.mods.toml mod of type null: /var/opt/minecraft/crafty/crafty-4/servers/f208f13f-03b8-42f4-b07e-02f1dff6f964/mods/YungsBetterMineshafts-1.21.1-NeoForge-5.1.1.jar
[20Jul2026 16:47:32.685] [main/DEBUG] [net.neoforged.fml.loading.moddiscovery.ModFileParser/LOADING]: Considering mod file candidate /var/opt/minecraft/crafty/crafty-4/servers/f208f13f-03b8-42f4-b07e-02f1dff6f964/mods/YungsBetterMineshafts-1.21.1-NeoForge-5.1.1.jar
[20Jul2026 16:47:32.685] [main/DEBUG] [net.neoforged.fml.loading.moddiscovery.ModFileInfo/LOADING]: Found valid mod file YungsBetterMineshafts-1.21.1-NeoForge-5.1.1.jar with {bettermineshafts} mods - versions {1.21.1-NeoForge-5.1.1}
[20Jul2026 16:47:32.685] [main/INFO] [net.neoforged.fml.loading.moddiscovery.ModDiscoverer/SCAN]: Found mod file "YungsBetterMineshafts-1.21.1-NeoForge-5.1.1.jar" [locator: {mods folder locator at /var/opt/minecraft/crafty/crafty-4/servers/f208f13f-03b8-42f4-b07e-02f1dff6f964/mods}, reader: mod manifest]
[20Jul2026 16:47:32.685] [main/DEBUG] [net.neoforged.fml.loading.moddiscovery.readers.JarModsDotTomlModFileReader/SCAN]: Found META-INF/neoforge.mods.toml mod of type null: /var/opt/minecraft/crafty/crafty-4/servers/f208f13f-03b8-42f4-b07e-02f1dff6f964/mods/YungsBetterNetherFortresses-1.21.1-NeoForge-3.1.5.jar
[20Jul2026 16:47:32.685] [main/DEBUG] [net.neoforged.fml.loading.moddiscovery.ModFileParser/LOADING]: Considering mod file candidate /var/opt/minecraft/crafty/crafty-4/servers/f208f13f-03b8-42f4-b07e-02f1dff6f964/mods/YungsBetterNetherFortresses-1.21.1-NeoForge-3.1.5.jar
[20Jul2026 16:47:32.685] [main/DEBUG] [net.neoforged.fml.loading.moddiscovery.ModFileInfo/LOADING]: Found valid mod file YungsBetterNetherFortresses-1.21.1-NeoForge-3.1.5.jar with {betterfortresses} mods - versions {1.21.1-NeoForge-3.1.5}
[20Jul2026 16:47:32.685] [main/INFO] [net.neoforged.fml.loading.moddiscovery.ModDiscoverer/SCAN]: Found mod file "YungsBetterNetherFortresses-1.21.1-NeoForge-3.1.5.jar" [locator: {mods folder locator at /var/opt/minecraft/crafty/crafty-4/servers/f208f13f-03b8-42f4-b07e-02f1dff6f964/mods}, reader: mod manifest]
[20Jul2026 16:47:32.685] [main/DEBUG] [net.neoforged.fml.loading.moddiscovery.readers.JarModsDotTomlModFileReader/SCAN]: Found META-INF/neoforge.mods.toml mod of type null: /var/opt/minecraft/crafty/crafty-4/servers/f208f13f-03b8-42f4-b07e-02f1dff6f964/mods/YungsBetterOceanMonuments-1.21.1-NeoForge-4.1.2.jar
[20Jul2026 16:47:32.685] [main/DEBUG] [net.neoforged.fml.loading.moddiscovery.ModFileParser/LOADING]: Considering mod file candidate /var/opt/minecraft/crafty/crafty-4/servers/f208f13f-03b8-42f4-b07e-02f1dff6f964/mods/YungsBetterOceanMonuments-1.21.1-NeoForge-4.1.2.jar
[20Jul2026 16:47:32.686] [main/DEBUG] [net.neoforged.fml.loading.moddiscovery.ModFileInfo/LOADING]: Found valid mod file YungsBetterOceanMonuments-1.21.1-NeoForge-4.1.2.jar with {betteroceanmonuments} mods - versions {1.21.1-NeoForge-4.1.2}
[20Jul2026 16:47:32.686] [main/INFO] [net.neoforged.fml.loading.moddiscovery.ModDiscoverer/SCAN]: Found mod file "YungsBetterOceanMonuments-1.21.1-NeoForge-4.1.2.jar" [locator: {mods folder locator at /var/opt/minecraft/crafty/crafty-4/servers/f208f13f-03b8-42f4-b07e-02f1dff6f964/mods}, reader: mod manifest]
[20Jul2026 16:47:32.686] [main/DEBUG] [net.neoforged.fml.loading.moddiscovery.readers.JarModsDotTomlModFileReader/SCAN]: Found META-INF/neoforge.mods.toml mod of type null: /var/opt/minecraft/crafty/crafty-4/servers/f208f13f-03b8-42f4-b07e-02f1dff6f964/mods/YungsBetterStrongholds-1.21.1-NeoForge-5.1.3.jar
[20Jul2026 16:47:32.686] [main/DEBUG] [net.neoforged.fml.loading.moddiscovery.ModFileParser/LOADING]: Considering mod file candidate /var/opt/minecraft/crafty/crafty-4/servers/f208f13f-03b8-42f4-b07e-02f1dff6f964/mods/YungsBetterStrongholds-1.21.1-NeoForge-5.1.3.jar
[20Jul2026 16:47:32.686] [main/DEBUG] [net.neoforged.fml.loading.moddiscovery.ModFileInfo/LOADING]: Found valid mod file YungsBetterStrongholds-1.21.1-NeoForge-5.1.3.jar with {betterstrongholds} mods - versions {1.21.1-NeoForge-5.1.3}
[20Jul2026 16:47:32.686] [main/INFO] [net.neoforged.fml.loading.moddiscovery.ModDiscoverer/SCAN]: Found mod file "YungsBetterStrongholds-1.21.1-NeoForge-5.1.3.jar" [locator: {mods folder locator at /var/opt/minecraft/crafty/crafty-4/servers/f208f13f-03b8-42f4-b07e-02f1dff6f964/mods}, reader: mod manifest]
[20Jul2026 16:47:32.687] [main/DEBUG] [net.neoforged.fml.loading.moddiscovery.readers.JarModsDotTomlModFileReader/SCAN]: Found META-INF/neoforge.mods.toml mod of type null: /var/opt/minecraft/crafty/crafty-4/servers/f208f13f-03b8-42f4-b07e-02f1dff6f964/mods/YungsBetterWitchHuts-1.21.1-NeoForge-4.1.1.jar
[20Jul2026 16:47:32.687] [main/DEBUG] [net.neoforged.fml.loading.moddiscovery.ModFileParser/LOADING]: Considering mod file candidate /var/opt/minecraft/crafty/crafty-4/servers/f208f13f-03b8-42f4-b07e-02f1dff6f964/mods/YungsBetterWitchHuts-1.21.1-NeoForge-4.1.1.jar
[20Jul2026 16:47:32.687] [main/DEBUG] [net.neoforged.fml.loading.moddiscovery.ModFileInfo/LOADING]: Found valid mod file YungsBetterWitchHuts-1.21.1-NeoForge-4.1.1.jar with {betterwitchhuts} mods - versions {1.21.1-NeoForge-4.1.1}
[20Jul2026 16:47:32.687] [main/INFO] [net.neoforged.fml.loading.moddiscovery.ModDiscoverer/SCAN]: Found mod file "YungsBetterWitchHuts-1.21.1-NeoForge-4.1.1.jar" [locator: {mods folder locator at /var/opt/minecraft/crafty/crafty-4/servers/f208f13f-03b8-42f4-b07e-02f1dff6f964/mods}, reader: mod manifest]
[20Jul2026 16:47:32.687] [main/DEBUG] [net.neoforged.fml.loading.moddiscovery.readers.JarModsDotTomlModFileReader/SCAN]: Found META-INF/neoforge.mods.toml mod of type null: /var/opt/minecraft/crafty/crafty-4/servers/f208f13f-03b8-42f4-b07e-02f1dff6f964/mods/YungsBridges-1.21.1-NeoForge-5.1.1.jar
[20Jul2026 16:47:32.687] [main/DEBUG] [net.neoforged.fml.loading.moddiscovery.ModFileParser/LOADING]: Considering mod file candidate /var/opt/minecraft/crafty/crafty-4/servers/f208f13f-03b8-42f4-b07e-02f1dff6f964/mods/YungsBridges-1.21.1-NeoForge-5.1.1.jar
[20Jul2026 16:47:32.688] [main/DEBUG] [net.neoforged.fml.loading.moddiscovery.ModFileInfo/LOADING]: Found valid mod file YungsBridges-1.21.1-NeoForge-5.1.1.jar with {yungsbridges} mods - versions {1.21.1-NeoForge-5.1.1}
[20Jul2026 16:47:32.688] [main/INFO] [net.neoforged.fml.loading.moddiscovery.ModDiscoverer/SCAN]: Found mod file "YungsBridges-1.21.1-NeoForge-5.1.1.jar" [locator: {mods folder locator at /var/opt/minecraft/crafty/crafty-4/servers/f208f13f-03b8-42f4-b07e-02f1dff6f964/mods}, reader: mod manifest]
[20Jul2026 16:47:32.688] [main/DEBUG] [net.neoforged.fml.loading.moddiscovery.readers.JarModsDotTomlModFileReader/SCAN]: Found META-INF/neoforge.mods.toml mod of type null: /var/opt/minecraft/crafty/crafty-4/servers/f208f13f-03b8-42f4-b07e-02f1dff6f964/mods/YungsExtras-1.21.1-NeoForge-5.1.1.jar
[20Jul2026 16:47:32.688] [main/DEBUG] [net.neoforged.fml.loading.moddiscovery.ModFileParser/LOADING]: Considering mod file candidate /var/opt/minecraft/crafty/crafty-4/servers/f208f13f-03b8-42f4-b07e-02f1dff6f964/mods/YungsExtras-1.21.1-NeoForge-5.1.1.jar
[20Jul2026 16:47:32.688] [main/DEBUG] [net.neoforged.fml.loading.moddiscovery.ModFileInfo/LOADING]: Found valid mod file YungsExtras-1.21.1-NeoForge-5.1.1.jar with {yungsextras} mods - versions {1.21.1-NeoForge-5.1.1}
[20Jul2026 16:47:32.688] [main/INFO] [net.neoforged.fml.loading.moddiscovery.ModDiscoverer/SCAN]: Found mod file "YungsExtras-1.21.1-NeoForge-5.1.1.jar" [locator: {mods folder locator at /var/opt/minecraft/crafty/crafty-4/servers/f208f13f-03b8-42f4-b07e-02f1dff6f964/mods}, reader: mod manifest]
[20Jul2026 16:47:32.689] [main/DEBUG] [net.neoforged.fml.loading.moddiscovery.readers.JarModsDotTomlModFileReader/SCAN]: Found META-INF/neoforge.mods.toml mod of type null: /var/opt/minecraft/crafty/crafty-4/servers/f208f13f-03b8-42f4-b07e-02f1dff6f964/mods/Zeta-1.1-40.jar
[20Jul2026 16:47:32.689] [main/DEBUG] [net.neoforged.fml.loading.moddiscovery.ModFileParser/LOADING]: Considering mod file candidate /var/opt/minecraft/crafty/crafty-4/servers/f208f13f-03b8-42f4-b07e-02f1dff6f964/mods/Zeta-1.1-40.jar
[20Jul2026 16:47:32.689] [main/DEBUG] [net.neoforged.fml.loading.moddiscovery.ModFileInfo/LOADING]: Found valid mod file Zeta-1.1-40.jar with {zeta} mods - versions {1.1-40}
[20Jul2026 16:47:32.689] [main/INFO] [net.neoforged.fml.loading.moddiscovery.ModDiscoverer/SCAN]: Found mod file "Zeta-1.1-40.jar" [locator: {mods folder locator at /var/opt/minecraft/crafty/crafty-4/servers/f208f13f-03b8-42f4-b07e-02f1dff6f964/mods}, reader: mod manifest]
[20Jul2026 16:47:32.689] [main/DEBUG] [net.neoforged.fml.loading.moddiscovery.readers.JarModsDotTomlModFileReader/SCAN]: Found META-INF/neoforge.mods.toml mod of type null: /var/opt/minecraft/crafty/crafty-4/servers/f208f13f-03b8-42f4-b07e-02f1dff6f964/mods/zfastnoise-1.0.11+2+1.21.1+neoforge.jar
[20Jul2026 16:47:32.689] [main/DEBUG] [net.neoforged.fml.loading.moddiscovery.ModFileParser/LOADING]: Considering mod file candidate /var/opt/minecraft/crafty/crafty-4/servers/f208f13f-03b8-42f4-b07e-02f1dff6f964/mods/zfastnoise-1.0.11+2+1.21.1+neoforge.jar
[20Jul2026 16:47:32.690] [main/DEBUG] [net.neoforged.fml.loading.moddiscovery.ModFileInfo/LOADING]: Found valid mod file zfastnoise-1.0.11+2+1.21.1+neoforge.jar with {zfastnoise} mods - versions {1.0.11+2+1.21.1+neoforge}
[20Jul2026 16:47:32.690] [main/INFO] [net.neoforged.fml.loading.moddiscovery.ModDiscoverer/SCAN]: Found mod file "zfastnoise-1.0.11+2+1.21.1+neoforge.jar" [locator: {mods folder locator at /var/opt/minecraft/crafty/crafty-4/servers/f208f13f-03b8-42f4-b07e-02f1dff6f964/mods}, reader: mod manifest]
[20Jul2026 16:47:32.690] [main/DEBUG] [net.neoforged.fml.loading.moddiscovery.ModDiscoverer/SCAN]: Locator {mods folder locator at /var/opt/minecraft/crafty/crafty-4/servers/f208f13f-03b8-42f4-b07e-02f1dff6f964/mods} found 193 mods, 1 warnings, 0 errors and skipped 4 candidates
[20Jul2026 16:47:32.690] [main/DEBUG] [net.neoforged.fml.loading.moddiscovery.ModDiscoverer/SCAN]: Trying locator maven libs
[20Jul2026 16:47:32.692] [main/DEBUG] [net.neoforged.fml.loading.moddiscovery.ModListHandler/CORE]: Found mod coordinates from lists: []
[20Jul2026 16:47:32.692] [main/DEBUG] [net.neoforged.fml.loading.moddiscovery.ModDiscoverer/SCAN]: Locator maven libs found 0 mods, 0 warnings, 0 errors and skipped 0 candidates
[20Jul2026 16:47:32.693] [main/DEBUG] [net.neoforged.fml.loading.UniqueModListBuilder/]: Found 2 mods for first modid scholar, selecting most recent based on version data
[20Jul2026 16:47:32.693] [main/DEBUG] [net.neoforged.fml.loading.UniqueModListBuilder/]: Selected file scholar-neoforge-1.21.1-1.2.0.jar for modid scholar with version 1.2.0
[20Jul2026 16:47:32.693] [main/DEBUG] [net.neoforged.fml.loading.UniqueModListBuilder/]: Found 2 mods for first modid puzzleslib, selecting most recent based on version data
[20Jul2026 16:47:32.693] [main/DEBUG] [net.neoforged.fml.loading.UniqueModListBuilder/]: Selected file PuzzlesLib-v21.1.52-1.21.1-NeoForge.jar for modid puzzleslib with version 21.1.52
[20Jul2026 16:47:32.695] [main/DEBUG] [net.neoforged.fml.loading.moddiscovery.ModDiscoverer/SCAN]: Successfully Loaded 195 mods. Attempting to load dependencies...
[20Jul2026 16:47:32.695] [main/DEBUG] [net.neoforged.fml.loading.moddiscovery.ModDiscoverer/SCAN]: Trying locator jarinjar
[20Jul2026 16:47:32.695] [main/DEBUG] [net.neoforged.fml.loading.moddiscovery.ModDiscoverer/SCAN]: Trying locator jarinjar
[20Jul2026 16:47:32.696] [main/TRACE] [net.neoforged.fml.loading.moddiscovery.locators.JarInJarDependencyLocator/]: Failed to load resource META-INF/jarjar/metadata.json from YungsBetterDungeons-1.21.1-NeoForge-5.1.4.jar, it does not contain dependency information.
[20Jul2026 16:47:32.696] [main/TRACE] [net.neoforged.fml.loading.moddiscovery.locators.JarInJarDependencyLocator/]: Failed to load resource META-INF/jarjar/metadata.json from Almanac-1.21.1-2-neoforge-1.5.2.jar, it does not contain dependency information.
[20Jul2026 16:47:32.696] [main/TRACE] [net.neoforged.fml.loading.moddiscovery.locators.JarInJarDependencyLocator/]: Failed to load resource META-INF/jarjar/metadata.json from EasyAnvils-v21.1.0-1.21.1-NeoForge.jar, it does not contain dependency information.
[20Jul2026 16:47:32.696] [main/TRACE] [net.neoforged.fml.loading.moddiscovery.locators.JarInJarDependencyLocator/]: Failed to load resource META-INF/jarjar/metadata.json from supermartijn642configlib-1.1.8-neoforge-mc1.21.jar, it does not contain dependency information.
[20Jul2026 16:47:32.696] [main/TRACE] [net.neoforged.fml.loading.moddiscovery.locators.JarInJarDependencyLocator/]: Failed to load resource META-INF/jarjar/metadata.json from createdeco-2.1.3.jar, it does not contain dependency information.
[20Jul2026 16:47:32.696] [main/TRACE] [net.neoforged.fml.loading.moddiscovery.locators.JarInJarDependencyLocator/]: Failed to load resource META-INF/jarjar/metadata.json from Not Enough Recipe Book-NEOFORGE-0.4.3+1.21.jar, it does not contain dependency information.
[20Jul2026 16:47:32.696] [main/TRACE] [net.neoforged.fml.loading.moddiscovery.locators.JarInJarDependencyLocator/]: Failed to load resource META-INF/jarjar/metadata.json from sound-physics-remastered-neoforge-1.21.1-1.5.1.jar, it does not contain dependency information.
[20Jul2026 16:47:32.696] [main/TRACE] [net.neoforged.fml.loading.moddiscovery.locators.JarInJarDependencyLocator/]: Failed to load resource META-INF/jarjar/metadata.json from modernfix-neoforge-5.27.12+mc1.21.1.jar, it does not contain dependency information.
[20Jul2026 16:47:32.696] [main/TRACE] [net.neoforged.fml.loading.moddiscovery.locators.JarInJarDependencyLocator/]: Failed to load resource META-INF/jarjar/metadata.json from netherite_horse_armor-neoforge-1.21.1-2.0a.jar, it does not contain dependency information.
[20Jul2026 16:47:32.696] [main/TRACE] [net.neoforged.fml.loading.moddiscovery.locators.JarInJarDependencyLocator/]: Failed to load resource META-INF/jarjar/metadata.json from YungsApi-1.21.1-NeoForge-5.1.6.jar, it does not contain dependency information.
[20Jul2026 16:47:32.696] [main/TRACE] [net.neoforged.fml.loading.moddiscovery.locators.JarInJarDependencyLocator/]: Failed to load resource META-INF/jarjar/metadata.json from rechiseled_chipped-2.0-1.21.1.jar, it does not contain dependency information.
[20Jul2026 16:47:32.696] [main/TRACE] [net.neoforged.fml.loading.moddiscovery.locators.JarInJarDependencyLocator/]: Failed to load resource META-INF/jarjar/metadata.json from Create Encased-1.21.1-1.8.1-ht1.jar, it does not contain dependency information.
[20Jul2026 16:47:32.696] [main/TRACE] [net.neoforged.fml.loading.moddiscovery.locators.JarInJarDependencyLocator/]: Failed to load resource META-INF/jarjar/metadata.json from prickle-neoforge-1.21.1-21.1.11.jar, it does not contain dependency information.
[20Jul2026 16:47:32.696] [main/TRACE] [net.neoforged.fml.loading.moddiscovery.locators.JarInJarDependencyLocator/]: Failed to load resource META-INF/jarjar/metadata.json from structure_layout_optimizer-neoforge-1.0.12.jar, it does not contain dependency information.
[20Jul2026 16:47:32.696] [main/TRACE] [net.neoforged.fml.loading.moddiscovery.locators.JarInJarDependencyLocator/]: Failed to load resource META-INF/jarjar/metadata.json from YungsBetterNetherFortresses-1.21.1-NeoForge-3.1.5.jar, it does not contain dependency information.
[20Jul2026 16:47:32.696] [main/TRACE] [net.neoforged.fml.loading.moddiscovery.locators.JarInJarDependencyLocator/]: Failed to load resource META-INF/jarjar/metadata.json from cloth-config-15.0.140-neoforge.jar, it does not contain dependency information.
[20Jul2026 16:47:32.696] [main/TRACE] [net.neoforged.fml.loading.moddiscovery.locators.JarInJarDependencyLocator/]: Failed to load resource META-INF/jarjar/metadata.json from [Neoforge]ctov-3.6.3.jar, it does not contain dependency information.
[20Jul2026 16:47:32.697] [main/TRACE] [net.neoforged.fml.loading.moddiscovery.locators.JarInJarDependencyLocator/]: Failed to load resource META-INF/jarjar/metadata.json from Geophilic v3.5.mod.jar, it does not contain dependency information.
[20Jul2026 16:47:32.697] [main/TRACE] [net.neoforged.fml.loading.moddiscovery.locators.JarInJarDependencyLocator/]: Failed to load resource META-INF/jarjar/metadata.json from athena-neoforge-1.21.1-4.0.6.jar, it does not contain dependency information.
[20Jul2026 16:47:32.697] [main/TRACE] [net.neoforged.fml.loading.moddiscovery.locators.JarInJarDependencyLocator/]: Failed to load resource META-INF/jarjar/metadata.json from creategoggles-1.21.1-6.1.1-[NEOFORGE].jar, it does not contain dependency information.
[20Jul2026 16:47:32.697] [main/TRACE] [net.neoforged.fml.loading.moddiscovery.locators.JarInJarDependencyLocator/]: Failed to load resource META-INF/jarjar/metadata.json from moredensityfunctions-neoforge-1.21.1-2.3.0.jar, it does not contain dependency information.
[20Jul2026 16:47:32.697] [main/TRACE] [net.neoforged.fml.loading.moddiscovery.locators.JarInJarDependencyLocator/]: Failed to load resource META-INF/jarjar/metadata.json from improved-village-placement-1.1.1.jar, it does not contain dependency information.
[20Jul2026 16:47:32.697] [main/TRACE] [net.neoforged.fml.loading.moddiscovery.locators.JarInJarDependencyLocator/]: Failed to load resource META-INF/jarjar/metadata.json from chefsdelight-1.0.5-neoforge-1.21.1.jar, it does not contain dependency information.
[20Jul2026 16:47:32.697] [main/TRACE] [net.neoforged.fml.loading.moddiscovery.locators.JarInJarDependencyLocator/]: Failed to load resource META-INF/jarjar/metadata.json from createprism-1.2.2.jar, it does not contain dependency information.
[20Jul2026 16:47:32.697] [main/TRACE] [net.neoforged.fml.loading.moddiscovery.locators.JarInJarDependencyLocator/]: Failed to load resource META-INF/jarjar/metadata.json from Design-n-Decor-1.21.1-2.2b.jar, it does not contain dependency information.
[20Jul2026 16:47:32.697] [main/TRACE] [net.neoforged.fml.loading.moddiscovery.locators.JarInJarDependencyLocator/]: Failed to load resource META-INF/jarjar/metadata.json from VanillaBackport-neoforge-1.21.1-1.1.7.10.jar, it does not contain dependency information.
[20Jul2026 16:47:32.697] [main/TRACE] [net.neoforged.fml.loading.moddiscovery.locators.JarInJarDependencyLocator/]: Failed to load resource META-INF/jarjar/metadata.json from supermartijn642corelib-1.1.21-neoforge-mc1.21.jar, it does not contain dependency information.
[20Jul2026 16:47:32.697] [main/TRACE] [net.neoforged.fml.loading.moddiscovery.locators.JarInJarDependencyLocator/]: Failed to load resource META-INF/jarjar/metadata.json from YungsBridges-1.21.1-NeoForge-5.1.1.jar, it does not contain dependency information.
[20Jul2026 16:47:32.697] [main/TRACE] [net.neoforged.fml.loading.moddiscovery.locators.JarInJarDependencyLocator/]: Failed to load resource META-INF/jarjar/metadata.json from resourcefulconfig-neoforge-1.21-3.0.11.jar, it does not contain dependency information.
[20Jul2026 16:47:32.697] [main/TRACE] [net.neoforged.fml.loading.moddiscovery.locators.JarInJarDependencyLocator/]: Failed to load resource META-INF/jarjar/metadata.json from curios-neoforge-9.5.1+1.21.1.jar, it does not contain dependency information.
[20Jul2026 16:47:32.697] [main/TRACE] [net.neoforged.fml.loading.moddiscovery.locators.JarInJarDependencyLocator/]: Failed to load resource META-INF/jarjar/metadata.json from MyNethersDelight-1.21.1-1.10.2.jar, it does not contain dependency information.
[20Jul2026 16:47:32.697] [main/TRACE] [net.neoforged.fml.loading.moddiscovery.locators.JarInJarDependencyLocator/]: Failed to load resource META-INF/jarjar/metadata.json from create_factory-0.7a-1.21.1.jar, it does not contain dependency information.
[20Jul2026 16:47:32.697] [main/TRACE] [net.neoforged.fml.loading.moddiscovery.locators.JarInJarDependencyLocator/]: Failed to load resource META-INF/jarjar/metadata.json from YungsExtras-1.21.1-NeoForge-5.1.1.jar, it does not contain dependency information.
[20Jul2026 16:47:32.697] [main/TRACE] [net.neoforged.fml.loading.moddiscovery.locators.JarInJarDependencyLocator/]: Failed to load resource META-INF/jarjar/metadata.json from dungeons-and-taverns-v4.4.4.jar, it does not contain dependency information.
[20Jul2026 16:47:32.697] [main/TRACE] [net.neoforged.fml.loading.moddiscovery.locators.JarInJarDependencyLocator/]: Failed to load resource META-INF/jarjar/metadata.json from noisium-neoforge-2.7.0+mc1.21-1.21.1.jar, it does not contain dependency information.
[20Jul2026 16:47:32.697] [main/TRACE] [net.neoforged.fml.loading.moddiscovery.locators.JarInJarDependencyLocator/]: Failed to load resource META-INF/jarjar/metadata.json from seamlesssleep-neoforge-1.21-2.5.3.jar, it does not contain dependency information.
[20Jul2026 16:47:32.697] [main/TRACE] [net.neoforged.fml.loading.moddiscovery.locators.JarInJarDependencyLocator/]: Failed to load resource META-INF/jarjar/metadata.json from Numismatic-Bounties-universal.jar, it does not contain dependency information.
[20Jul2026 16:47:32.697] [main/TRACE] [net.neoforged.fml.loading.moddiscovery.locators.JarInJarDependencyLocator/]: Failed to load resource META-INF/jarjar/metadata.json from ConfiguredDefaults-v21.1.3-1.21.1-NeoForge.jar, it does not contain dependency information.
[20Jul2026 16:47:32.697] [main/TRACE] [net.neoforged.fml.loading.moddiscovery.locators.JarInJarDependencyLocator/]: Failed to load resource META-INF/jarjar/metadata.json from YungsBetterEndIsland-1.21.1-NeoForge-3.1.2.jar, it does not contain dependency information.
[20Jul2026 16:47:32.697] [main/TRACE] [net.neoforged.fml.loading.moddiscovery.locators.JarInJarDependencyLocator/]: Failed to load resource META-INF/jarjar/metadata.json from villagercurrency-1.1.1-neoforge-1.21.1.jar, it does not contain dependency information.
[20Jul2026 16:47:32.697] [main/TRACE] [net.neoforged.fml.loading.moddiscovery.locators.JarInJarDependencyLocator/]: Failed to load resource META-INF/jarjar/metadata.json from JadeAddons-1.21.1-NeoForge-6.1.0.jar, it does not contain dependency information.
[20Jul2026 16:47:32.697] [main/TRACE] [net.neoforged.fml.loading.moddiscovery.locators.JarInJarDependencyLocator/]: Failed to load resource META-INF/jarjar/metadata.json from create-cardboarded-conveynience-1.21.1-neoforge-1.0.0.jar, it does not contain dependency information.
[20Jul2026 16:47:32.697] [main/TRACE] [net.neoforged.fml.loading.moddiscovery.locators.JarInJarDependencyLocator/]: Failed to load resource META-INF/jarjar/metadata.json from YungsBetterMineshafts-1.21.1-NeoForge-5.1.1.jar, it does not contain dependency information.
[20Jul2026 16:47:32.697] [main/TRACE] [net.neoforged.fml.loading.moddiscovery.locators.JarInJarDependencyLocator/]: Failed to load resource META-INF/jarjar/metadata.json from aerocopycats-1.1.1.jar, it does not contain dependency information.
[20Jul2026 16:47:32.697] [main/TRACE] [net.neoforged.fml.loading.moddiscovery.locators.JarInJarDependencyLocator/]: Failed to load resource META-INF/jarjar/metadata.json from sliceanddice-forge-4.2.4.jar, it does not contain dependency information.
[20Jul2026 16:47:32.697] [main/TRACE] [net.neoforged.fml.loading.moddiscovery.locators.JarInJarDependencyLocator/]: Failed to load resource META-INF/jarjar/metadata.json from bellsandwhistles-0.4.7-1.21.1.jar, it does not contain dependency information.
[20Jul2026 16:47:32.697] [main/TRACE] [net.neoforged.fml.loading.moddiscovery.locators.JarInJarDependencyLocator/]: Failed to load resource META-INF/jarjar/metadata.json from rechiseled-1.2.4-neoforge-mc1.21.jar, it does not contain dependency information.
[20Jul2026 16:47:32.697] [main/TRACE] [net.neoforged.fml.loading.moddiscovery.locators.JarInJarDependencyLocator/]: Failed to load resource META-INF/jarjar/metadata.json from connectiblechains-neoforge-1.21.1-2.1.0.jar, it does not contain dependency information.
[20Jul2026 16:47:32.697] [main/TRACE] [net.neoforged.fml.loading.moddiscovery.locators.JarInJarDependencyLocator/]: Failed to load resource META-INF/jarjar/metadata.json from bits_n_bobs-0.0.44.jar, it does not contain dependency information.
[20Jul2026 16:47:32.697] [main/TRACE] [net.neoforged.fml.loading.moddiscovery.locators.JarInJarDependencyLocator/]: Failed to load resource META-INF/jarjar/metadata.json from lithostitched-1.7.9-neoforge-21.1.jar, it does not contain dependency information.
[20Jul2026 16:47:32.697] [main/TRACE] [net.neoforged.fml.loading.moddiscovery.locators.JarInJarDependencyLocator/]: Failed to load resource META-INF/jarjar/metadata.json from lithium-neoforge-0.15.3+mc1.21.1.jar, it does not contain dependency information.
[20Jul2026 16:47:32.697] [main/TRACE] [net.neoforged.fml.loading.moddiscovery.locators.JarInJarDependencyLocator/]: Failed to load resource META-INF/jarjar/metadata.json from libraryferret-neoforge-1.21.1-4.0.0.jar, it does not contain dependency information.
[20Jul2026 16:47:32.697] [main/TRACE] [net.neoforged.fml.loading.moddiscovery.locators.JarInJarDependencyLocator/]: Failed to load resource META-INF/jarjar/metadata.json from DnDesires-1.21.1-2.3a-BETA.jar, it does not contain dependency information.
[20Jul2026 16:47:32.697] [main/TRACE] [net.neoforged.fml.loading.moddiscovery.locators.JarInJarDependencyLocator/]: Failed to load resource META-INF/jarjar/metadata.json from EpheroLib-1.21.1-NEO-FORGE-1.2.0.jar, it does not contain dependency information.
[20Jul2026 16:47:32.697] [main/TRACE] [net.neoforged.fml.loading.moddiscovery.locators.JarInJarDependencyLocator/]: Failed to load resource META-INF/jarjar/metadata.json from smarterfarmers-1.21-2.2.4-neoforge.jar, it does not contain dependency information.
[20Jul2026 16:47:32.697] [main/TRACE] [net.neoforged.fml.loading.moddiscovery.locators.JarInJarDependencyLocator/]: Failed to load resource META-INF/jarjar/metadata.json from rechiseledcreate-1.1.0-neoforge-mc1.21.jar, it does not contain dependency information.
[20Jul2026 16:47:32.697] [main/TRACE] [net.neoforged.fml.loading.moddiscovery.locators.JarInJarDependencyLocator/]: Failed to load resource META-INF/jarjar/metadata.json from potionstacks-1.0.0.jar, it does not contain dependency information.
[20Jul2026 16:47:32.697] [main/TRACE] [net.neoforged.fml.loading.moddiscovery.locators.JarInJarDependencyLocator/]: Failed to load resource META-INF/jarjar/metadata.json from fusion-1.2.12-neoforge-mc1.21.1.jar, it does not contain dependency information.
[20Jul2026 16:47:32.697] [main/TRACE] [net.neoforged.fml.loading.moddiscovery.locators.JarInJarDependencyLocator/]: Failed to load resource META-INF/jarjar/metadata.json from aeroworks-1.2.11.jar, it does not contain dependency information.
[20Jul2026 16:47:32.697] [main/TRACE] [net.neoforged.fml.loading.moddiscovery.locators.JarInJarDependencyLocator/]: Failed to load resource META-INF/jarjar/metadata.json from AxesAreWeapons-1.10.2-neoforge-1.21.jar, it does not contain dependency information.
[20Jul2026 16:47:32.697] [main/TRACE] [net.neoforged.fml.loading.moddiscovery.locators.JarInJarDependencyLocator/]: Failed to load resource META-INF/jarjar/metadata.json from distractingtrims-neoforge-1.21.1-21.1.1.jar, it does not contain dependency information.
[20Jul2026 16:47:32.697] [main/TRACE] [net.neoforged.fml.loading.moddiscovery.locators.JarInJarDependencyLocator/]: Failed to load resource META-INF/jarjar/metadata.json from emi-1.1.24+1.21.1+neoforge.jar, it does not contain dependency information.
[20Jul2026 16:47:32.697] [main/TRACE] [net.neoforged.fml.loading.moddiscovery.locators.JarInJarDependencyLocator/]: Failed to load resource META-INF/jarjar/metadata.json from server-1.21.1-20240808.144430-srg.jar, it does not contain dependency information.
[20Jul2026 16:47:32.697] [main/TRACE] [net.neoforged.fml.loading.moddiscovery.locators.JarInJarDependencyLocator/]: Failed to load resource META-INF/jarjar/metadata.json from TerraBlender-neoforge-1.21.1-4.1.0.8.jar, it does not contain dependency information.
[20Jul2026 16:47:32.697] [main/TRACE] [net.neoforged.fml.loading.moddiscovery.locators.JarInJarDependencyLocator/]: Failed to load resource META-INF/jarjar/metadata.json from Companion-1.21.1-NeoForge-6.2.1.jar, it does not contain dependency information.
[20Jul2026 16:47:32.697] [main/TRACE] [net.neoforged.fml.loading.moddiscovery.locators.JarInJarDependencyLocator/]: Failed to load resource META-INF/jarjar/metadata.json from jademoddedentities-neoforge-1.21.1-1.3.1.jar, it does not contain dependency information.
[20Jul2026 16:47:32.697] [main/TRACE] [net.neoforged.fml.loading.moddiscovery.locators.JarInJarDependencyLocator/]: Failed to load resource META-INF/jarjar/metadata.json from ecologics-1.21.1-2.3.6.jar, it does not contain dependency information.
[20Jul2026 16:47:32.697] [main/TRACE] [net.neoforged.fml.loading.moddiscovery.locators.JarInJarDependencyLocator/]: Failed to load resource META-INF/jarjar/metadata.json from croptopia-neoforge-1.21.1-4.2.4.jar, it does not contain dependency information.
[20Jul2026 16:47:32.697] [main/TRACE] [net.neoforged.fml.loading.moddiscovery.locators.JarInJarDependencyLocator/]: Failed to load resource META-INF/jarjar/metadata.json from Zeta-1.1-40.jar, it does not contain dependency information.
[20Jul2026 16:47:32.697] [main/TRACE] [net.neoforged.fml.loading.moddiscovery.locators.JarInJarDependencyLocator/]: Failed to load resource META-INF/jarjar/metadata.json from more_sounds-1.21.x-0.3.0-beta.jar, it does not contain dependency information.
[20Jul2026 16:47:32.697] [main/TRACE] [net.neoforged.fml.loading.moddiscovery.locators.JarInJarDependencyLocator/]: Failed to load resource META-INF/jarjar/metadata.json from appleskin-neoforge-mc1.21-3.0.9.jar, it does not contain dependency information.
[20Jul2026 16:47:32.697] [main/TRACE] [net.neoforged.fml.loading.moddiscovery.locators.JarInJarDependencyLocator/]: Failed to load resource META-INF/jarjar/metadata.json from lootr-neoforge-1.21.1-1.11.37.120.jar, it does not contain dependency information.
[20Jul2026 16:47:32.697] [main/TRACE] [net.neoforged.fml.loading.moddiscovery.locators.JarInJarDependencyLocator/]: Failed to load resource META-INF/jarjar/metadata.json from PuzzlesLib-v21.1.52-1.21.1-NeoForge.jar, it does not contain dependency information.
[20Jul2026 16:47:32.698] [main/TRACE] [net.neoforged.fml.loading.moddiscovery.locators.JarInJarDependencyLocator/]: Failed to load resource META-INF/jarjar/metadata.json from ConsoleFilter-1.21.1-4.0.0-neoforge.jar, it does not contain dependency information.
[20Jul2026 16:47:32.698] [main/TRACE] [net.neoforged.fml.loading.moddiscovery.locators.JarInJarDependencyLocator/]: Failed to load resource META-INF/jarjar/metadata.json from explosiveenhancement-neoforge-1.21.1-1.1.2.jar, it does not contain dependency information.
[20Jul2026 16:47:32.698] [main/TRACE] [net.neoforged.fml.loading.moddiscovery.locators.JarInJarDependencyLocator/]: Failed to load resource META-INF/jarjar/metadata.json from createfood-neoforge-1.21.1-2.5.0.jar, it does not contain dependency information.
[20Jul2026 16:47:32.698] [main/TRACE] [net.neoforged.fml.loading.moddiscovery.locators.JarInJarDependencyLocator/]: Failed to load resource META-INF/jarjar/metadata.json from TreeChop-1.21.1-neoforge-0.19.3.jar, it does not contain dependency information.
[20Jul2026 16:47:32.698] [main/TRACE] [net.neoforged.fml.loading.moddiscovery.locators.JarInJarDependencyLocator/]: Failed to load resource META-INF/jarjar/metadata.json from YungsBetterWitchHuts-1.21.1-NeoForge-4.1.1.jar, it does not contain dependency information.
[20Jul2026 16:47:32.698] [main/TRACE] [net.neoforged.fml.loading.moddiscovery.locators.JarInJarDependencyLocator/]: Failed to load resource META-INF/jarjar/metadata.json from netherportalfix-neoforge-1.21.1-21.1.1.jar, it does not contain dependency information.
[20Jul2026 16:47:32.698] [main/TRACE] [net.neoforged.fml.loading.moddiscovery.locators.JarInJarDependencyLocator/]: Failed to load resource META-INF/jarjar/metadata.json from geckolib-neoforge-1.21.1-4.8.4.jar, it does not contain dependency information.
[20Jul2026 16:47:32.698] [main/TRACE] [net.neoforged.fml.loading.moddiscovery.locators.JarInJarDependencyLocator/]: Failed to load resource META-INF/jarjar/metadata.json from minersdelight-1.21.1-1.4.5.jar, it does not contain dependency information.
[20Jul2026 16:47:32.698] [main/TRACE] [net.neoforged.fml.loading.moddiscovery.locators.JarInJarDependencyLocator/]: Failed to load resource META-INF/jarjar/metadata.json from naturalist-1.0.2-neoforge-1.21.1.jar, it does not contain dependency information.
[20Jul2026 16:47:32.698] [main/TRACE] [net.neoforged.fml.loading.moddiscovery.locators.JarInJarDependencyLocator/]: Failed to load resource META-INF/jarjar/metadata.json from YungsBetterOceanMonuments-1.21.1-NeoForge-4.1.2.jar, it does not contain dependency information.
[20Jul2026 16:47:32.698] [main/TRACE] [net.neoforged.fml.loading.moddiscovery.locators.JarInJarDependencyLocator/]: Failed to load resource META-INF/jarjar/metadata.json from Incendium_1.21.x_v5.4.4.jar, it does not contain dependency information.
[20Jul2026 16:47:32.698] [main/TRACE] [net.neoforged.fml.loading.moddiscovery.locators.JarInJarDependencyLocator/]: Failed to load resource META-INF/jarjar/metadata.json from ~nonexistent, it does not contain dependency information.
[20Jul2026 16:47:32.698] [main/TRACE] [net.neoforged.fml.loading.moddiscovery.locators.JarInJarDependencyLocator/]: Failed to load resource META-INF/jarjar/metadata.json from ritchiesprojectilelib-2.1.2+mc.1.21.1-neoforge.jar, it does not contain dependency information.
[20Jul2026 16:47:32.698] [main/TRACE] [net.neoforged.fml.loading.moddiscovery.locators.JarInJarDependencyLocator/]: Failed to load resource META-INF/jarjar/metadata.json from Placebo-1.21.1-9.9.1.jar, it does not contain dependency information.
[20Jul2026 16:47:32.698] [main/TRACE] [net.neoforged.fml.loading.moddiscovery.locators.JarInJarDependencyLocator/]: Failed to load resource META-INF/jarjar/metadata.json from emi_loot-0.7.9+1.21+neoforge.jar, it does not contain dependency information.
[20Jul2026 16:47:32.698] [main/TRACE] [net.neoforged.fml.loading.moddiscovery.locators.JarInJarDependencyLocator/]: Failed to load resource META-INF/jarjar/metadata.json from cerulean-neoforge-1.0.0-1.21.1.jar, it does not contain dependency information.
[20Jul2026 16:47:32.698] [main/TRACE] [net.neoforged.fml.loading.moddiscovery.locators.JarInJarDependencyLocator/]: Failed to load resource META-INF/jarjar/metadata.json from create-central-kitchen-2.5.0.jar, it does not contain dependency information.
[20Jul2026 16:47:32.698] [main/TRACE] [net.neoforged.fml.loading.moddiscovery.locators.JarInJarDependencyLocator/]: Failed to load resource META-INF/jarjar/metadata.json from bookshelf-neoforge-1.21.1-21.1.81.jar, it does not contain dependency information.
[20Jul2026 16:47:32.698] [main/TRACE] [net.neoforged.fml.loading.moddiscovery.locators.JarInJarDependencyLocator/]: Failed to load resource META-INF/jarjar/metadata.json from CreateNumismatics-1.0.20+neoforge-mc1.21.1.jar, it does not contain dependency information.
[20Jul2026 16:47:32.698] [main/TRACE] [net.neoforged.fml.loading.moddiscovery.locators.JarInJarDependencyLocator/]: Failed to load resource META-INF/jarjar/metadata.json from ends_delight-2.6+neoforge.1.21.1.jar, it does not contain dependency information.
[20Jul2026 16:47:32.698] [main/TRACE] [net.neoforged.fml.loading.moddiscovery.locators.JarInJarDependencyLocator/]: Failed to load resource META-INF/jarjar/metadata.json from railways-0.2.1+neoforge-mc1.21.1.jar, it does not contain dependency information.
[20Jul2026 16:47:32.698] [main/TRACE] [net.neoforged.fml.loading.moddiscovery.locators.JarInJarDependencyLocator/]: Failed to load resource META-INF/jarjar/metadata.json from quick-pack-neoforge-1.3.2+1.21.8.jar, it does not contain dependency information.
[20Jul2026 16:47:32.698] [main/TRACE] [net.neoforged.fml.loading.moddiscovery.locators.JarInJarDependencyLocator/]: Failed to load resource META-INF/jarjar/metadata.json from zfastnoise-1.0.11+2+1.21.1+neoforge.jar, it does not contain dependency information.
[20Jul2026 16:47:32.698] [main/TRACE] [net.neoforged.fml.loading.moddiscovery.locators.JarInJarDependencyLocator/]: Failed to load resource META-INF/jarjar/metadata.json from interiors-1.21.1-neoforge-0.6.1.jar, it does not contain dependency information.
[20Jul2026 16:47:32.698] [main/TRACE] [net.neoforged.fml.loading.moddiscovery.locators.JarInJarDependencyLocator/]: Failed to load resource META-INF/jarjar/metadata.json from create-shufflefilter-2.1.0-neo.jar, it does not contain dependency information.
[20Jul2026 16:47:32.698] [main/TRACE] [net.neoforged.fml.loading.moddiscovery.locators.JarInJarDependencyLocator/]: Failed to load resource META-INF/jarjar/metadata.json from konkrete_neoforge_1.9.9_MC_1.21.jar, it does not contain dependency information.
[20Jul2026 16:47:32.698] [main/TRACE] [net.neoforged.fml.loading.moddiscovery.locators.JarInJarDependencyLocator/]: Failed to load resource META-INF/jarjar/metadata.json from dsbg-1.0-1.21.1-neoforge.jar, it does not contain dependency information.
[20Jul2026 16:47:32.698] [main/TRACE] [net.neoforged.fml.loading.moddiscovery.locators.JarInJarDependencyLocator/]: Failed to load resource META-INF/jarjar/metadata.json from chipped-neoforge-1.21.1-4.0.2.jar, it does not contain dependency information.
[20Jul2026 16:47:32.698] [main/TRACE] [net.neoforged.fml.loading.moddiscovery.locators.JarInJarDependencyLocator/]: Failed to load resource META-INF/jarjar/metadata.json from FarmersDelight-1.21.1-1.3.2.jar, it does not contain dependency information.
[20Jul2026 16:47:32.698] [main/TRACE] [net.neoforged.fml.loading.moddiscovery.locators.JarInJarDependencyLocator/]: Failed to load resource META-INF/jarjar/metadata.json from createframed-1.21.1-1.7.3.jar, it does not contain dependency information.
[20Jul2026 16:47:32.698] [main/TRACE] [net.neoforged.fml.loading.moddiscovery.locators.JarInJarDependencyLocator/]: Failed to load resource META-INF/jarjar/metadata.json from create_ultimate_factory-2.2.4-neoforge-1.21.1.jar, it does not contain dependency information.
[20Jul2026 16:47:32.698] [main/TRACE] [net.neoforged.fml.loading.moddiscovery.locators.JarInJarDependencyLocator/]: Failed to load resource META-INF/jarjar/metadata.json from Chunky-NeoForge-1.4.23.jar, it does not contain dependency information.
[20Jul2026 16:47:32.698] [main/TRACE] [net.neoforged.fml.loading.moddiscovery.locators.JarInJarDependencyLocator/]: Failed to load resource META-INF/jarjar/metadata.json from bountiful-neoforge-8.0.0-beta.2.jar, it does not contain dependency information.
[20Jul2026 16:47:32.698] [main/TRACE] [net.neoforged.fml.loading.moddiscovery.locators.JarInJarDependencyLocator/]: Failed to load resource META-INF/jarjar/metadata.json from collective-1.21.1-8.25.jar, it does not contain dependency information.
[20Jul2026 16:47:32.698] [main/TRACE] [net.neoforged.fml.loading.moddiscovery.locators.JarInJarDependencyLocator/]: Failed to load resource META-INF/jarjar/metadata.json from delightfulcreators-1.2.jar, it does not contain dependency information.
[20Jul2026 16:47:32.698] [main/TRACE] [net.neoforged.fml.loading.moddiscovery.locators.JarInJarDependencyLocator/]: Failed to load resource META-INF/jarjar/metadata.json from YungsBetterStrongholds-1.21.1-NeoForge-5.1.3.jar, it does not contain dependency information.
[20Jul2026 16:47:32.698] [main/TRACE] [net.neoforged.fml.loading.moddiscovery.locators.JarInJarDependencyLocator/]: Failed to load resource META-INF/jarjar/metadata.json from sablephysicscompat-1.3.0.jar, it does not contain dependency information.
[20Jul2026 16:47:32.698] [main/TRACE] [net.neoforged.fml.loading.moddiscovery.locators.JarInJarDependencyLocator/]: Failed to load resource META-INF/jarjar/metadata.json from deeperdarker-neoforge-1.21.1-1.4.1.jar, it does not contain dependency information.
[20Jul2026 16:47:32.698] [main/TRACE] [net.neoforged.fml.loading.moddiscovery.locators.JarInJarDependencyLocator/]: Failed to load resource META-INF/jarjar/metadata.json from architectury-13.0.8-neoforge.jar, it does not contain dependency information.
[20Jul2026 16:47:32.698] [main/TRACE] [net.neoforged.fml.loading.moddiscovery.locators.JarInJarDependencyLocator/]: Failed to load resource META-INF/jarjar/metadata.json from AI-Improvements-1.21-0.5.3.jar, it does not contain dependency information.
[20Jul2026 16:47:32.698] [main/TRACE] [net.neoforged.fml.loading.moddiscovery.locators.JarInJarDependencyLocator/]: Failed to load resource META-INF/jarjar/metadata.json from asynclogger-1.1.4+1.21.1-neoforge-mod.jar, it does not contain dependency information.
[20Jul2026 16:47:32.698] [main/TRACE] [net.neoforged.fml.loading.moddiscovery.locators.JarInJarDependencyLocator/]: Failed to load resource META-INF/jarjar/metadata.json from create-extended-wrenches-1.21.1-2.0.2.jar, it does not contain dependency information.
[20Jul2026 16:47:32.698] [main/TRACE] [net.neoforged.fml.loading.moddiscovery.locators.JarInJarDependencyLocator/]: Failed to load resource META-INF/jarjar/metadata.json from t_and_t-neoforge-fabric-1.13.9+1.21.1.jar, it does not contain dependency information.
[20Jul2026 16:47:32.698] [main/TRACE] [net.neoforged.fml.loading.moddiscovery.locators.JarInJarDependencyLocator/]: Failed to load resource META-INF/jarjar/metadata.json from letmedespawn-1.21.x-neoforge-1.5.0.jar, it does not contain dependency information.
[20Jul2026 16:47:32.698] [main/TRACE] [net.neoforged.fml.loading.moddiscovery.locators.JarInJarDependencyLocator/]: Failed to load resource META-INF/jarjar/metadata.json from yeetusexperimentus-neoforge-87.0.0.jar, it does not contain dependency information.
[20Jul2026 16:47:32.698] [main/TRACE] [net.neoforged.fml.loading.moddiscovery.locators.JarInJarDependencyLocator/]: Failed to load resource META-INF/jarjar/metadata.json from trashslot-neoforge-1.21.1-21.1.11.jar, it does not contain dependency information.
[20Jul2026 16:47:32.698] [main/TRACE] [net.neoforged.fml.loading.moddiscovery.locators.JarInJarDependencyLocator/]: Failed to load resource META-INF/jarjar/metadata.json from amendments-1.21-2.0.15-neoforge.jar, it does not contain dependency information.
[20Jul2026 16:47:32.698] [main/TRACE] [net.neoforged.fml.loading.moddiscovery.locators.JarInJarDependencyLocator/]: Failed to load resource META-INF/jarjar/metadata.json from copycats-3.0.4+mc.1.21.1-neoforge.jar, it does not contain dependency information.
[20Jul2026 16:47:32.698] [main/TRACE] [net.neoforged.fml.loading.moddiscovery.locators.JarInJarDependencyLocator/]: Failed to load resource META-INF/jarjar/metadata.json from FastSuite-1.21.1-6.0.7.jar, it does not contain dependency information.
[20Jul2026 16:47:32.698] [main/TRACE] [net.neoforged.fml.loading.moddiscovery.locators.JarInJarDependencyLocator/]: Failed to load resource META-INF/jarjar/metadata.json from create_ltab-4.0.2.jar, it does not contain dependency information.
[20Jul2026 16:47:32.698] [main/TRACE] [net.neoforged.fml.loading.moddiscovery.locators.JarInJarDependencyLocator/]: Failed to load resource META-INF/jarjar/metadata.json from alternate_current-mc1.21-1.9.0.jar, it does not contain dependency information.
[20Jul2026 16:47:32.698] [main/TRACE] [net.neoforged.fml.loading.moddiscovery.locators.JarInJarDependencyLocator/]: Failed to load resource META-INF/jarjar/metadata.json from lithosphere-1.8-1.21.1-8-BETA.jar, it does not contain dependency information.
[20Jul2026 16:47:32.698] [main/TRACE] [net.neoforged.fml.loading.moddiscovery.locators.JarInJarDependencyLocator/]: Failed to load resource META-INF/jarjar/metadata.json from create-confectionery1.21.1_v1.1.2.jar, it does not contain dependency information.
[20Jul2026 16:47:32.699] [main/TRACE] [net.neoforged.fml.loading.moddiscovery.locators.JarInJarDependencyLocator/]: Failed to load resource META-INF/jarjar/metadata.json from YungsBetterDesertTemples-1.21.1-NeoForge-4.1.5.jar, it does not contain dependency information.
[20Jul2026 16:47:32.699] [main/TRACE] [net.neoforged.fml.loading.moddiscovery.locators.JarInJarDependencyLocator/]: Failed to load resource META-INF/jarjar/metadata.json from mapsyncer-1.0.3-neoforge-1.21.1.jar, it does not contain dependency information.
[20Jul2026 16:47:32.699] [main/TRACE] [net.neoforged.fml.loading.moddiscovery.locators.JarInJarDependencyLocator/]: Failed to load resource META-INF/jarjar/metadata.json from DistantHorizons-2.4.5-b-1.21.1-fabric-neoforge.jar, it does not contain dependency information.
[20Jul2026 16:47:32.699] [main/TRACE] [net.neoforged.fml.loading.moddiscovery.locators.JarInJarDependencyLocator/]: Failed to load resource META-INF/jarjar/metadata.json from iChunUtil-1.21-NeoForge-1.0.3.jar, it does not contain dependency information.
[20Jul2026 16:47:32.699] [main/TRACE] [net.neoforged.fml.loading.moddiscovery.locators.JarInJarDependencyLocator/]: Failed to load resource META-INF/jarjar/metadata.json from CutThrough-v21.1.0-1.21.1-NeoForge.jar, it does not contain dependency information.
[20Jul2026 16:47:32.699] [main/TRACE] [net.neoforged.fml.loading.moddiscovery.locators.JarInJarDependencyLocator/]: Failed to load resource META-INF/jarjar/metadata.json from GPUTape-1.20.6-1.21x-1.0.3.jar, it does not contain dependency information.
[20Jul2026 16:47:32.699] [main/TRACE] [net.neoforged.fml.loading.moddiscovery.locators.JarInJarDependencyLocator/]: Failed to load resource META-INF/jarjar/metadata.json from create_better_villagers-1.3.2.jar, it does not contain dependency information.
[20Jul2026 16:47:32.699] [main/TRACE] [net.neoforged.fml.loading.moddiscovery.locators.JarInJarDependencyLocator/]: Failed to load resource META-INF/jarjar/metadata.json from enchdesc-neoforge-1.21.1-21.1.10.jar, it does not contain dependency information.
[20Jul2026 16:47:32.699] [main/TRACE] [net.neoforged.fml.loading.moddiscovery.locators.JarInJarDependencyLocator/]: Failed to load resource META-INF/jarjar/metadata.json from ballastmod-0.1.0.jar, it does not contain dependency information.
[20Jul2026 16:47:32.699] [main/TRACE] [net.neoforged.fml.loading.moddiscovery.locators.JarInJarDependencyLocator/]: Failed to load resource META-INF/jarjar/metadata.json from reintegrated_chipped-1.0.0.jar, it does not contain dependency information.
[20Jul2026 16:47:32.699] [main/TRACE] [net.neoforged.fml.loading.moddiscovery.locators.JarInJarDependencyLocator/]: Failed to load resource META-INF/jarjar/metadata.json from moonlight-neoforge-1.21.1-3.0.17.jar, it does not contain dependency information.
[20Jul2026 16:47:32.699] [main/TRACE] [net.neoforged.fml.loading.moddiscovery.locators.JarInJarDependencyLocator/]: Failed to load resource META-INF/jarjar/metadata.json from Jade-1.21.1-NeoForge-15.10.5.jar, it does not contain dependency information.
[20Jul2026 16:47:32.699] [main/TRACE] [net.neoforged.fml.loading.moddiscovery.locators.JarInJarDependencyLocator/]: Failed to load resource META-INF/jarjar/metadata.json from create_bb-1.0.7-1.21.1-Neoforge.jar, it does not contain dependency information.
[20Jul2026 16:47:32.699] [main/TRACE] [net.neoforged.fml.loading.moddiscovery.locators.JarInJarDependencyLocator/]: Failed to load resource META-INF/jarjar/metadata.json from Recipes For Create-1.2.1.jar, it does not contain dependency information.
[20Jul2026 16:47:32.699] [main/TRACE] [net.neoforged.fml.loading.moddiscovery.locators.JarInJarDependencyLocator/]: Failed to load resource META-INF/jarjar/metadata.json from another_furniture-neoforge-4.0.2.jar, it does not contain dependency information.
[20Jul2026 16:47:32.699] [main/TRACE] [net.neoforged.fml.loading.moddiscovery.locators.JarInJarDependencyLocator/]: Failed to load resource META-INF/jarjar/metadata.json from displaydelight-1.6.0.jar, it does not contain dependency information.
[20Jul2026 16:47:32.699] [main/TRACE] [net.neoforged.fml.loading.moddiscovery.locators.JarInJarDependencyLocator/]: Failed to load resource META-INF/jarjar/metadata.json from croptopiadelight-1.0.1.jar, it does not contain dependency information.
[20Jul2026 16:47:32.699] [main/TRACE] [net.neoforged.fml.loading.moddiscovery.locators.JarInJarDependencyLocator/]: Failed to load resource META-INF/jarjar/metadata.json from Platform-neoforge-1.21.1-1.3.3.jar, it does not contain dependency information.
[20Jul2026 16:47:32.699] [main/TRACE] [net.neoforged.fml.loading.moddiscovery.locators.JarInJarDependencyLocator/]: Failed to load resource META-INF/jarjar/metadata.json from fxntstorage-1.2.7+mc-1.21.1-neoforge.jar, it does not contain dependency information.
[20Jul2026 16:47:32.699] [main/TRACE] [net.neoforged.fml.loading.moddiscovery.locators.JarInJarDependencyLocator/]: Failed to load resource META-INF/jarjar/metadata.json from neobeefix-1.21.1-2.0.1.jar, it does not contain dependency information.
[20Jul2026 16:47:32.699] [main/TRACE] [net.neoforged.fml.loading.moddiscovery.locators.JarInJarDependencyLocator/]: Failed to load resource META-INF/jarjar/metadata.json from coroutil-neoforge-1.21.0-1.3.8.jar, it does not contain dependency information.
[20Jul2026 16:47:32.699] [main/TRACE] [net.neoforged.fml.loading.moddiscovery.locators.JarInJarDependencyLocator/]: Failed to load resource META-INF/jarjar/metadata.json from Kerria-1.3.0+1.21.1-neoforge.jar, it does not contain dependency information.
[20Jul2026 16:47:32.699] [main/TRACE] [net.neoforged.fml.loading.moddiscovery.locators.JarInJarDependencyLocator/]: Failed to load resource META-INF/jarjar/metadata.json from create_pattern_schematics-2.0.10.jar, it does not contain dependency information.
[20Jul2026 16:47:32.699] [main/TRACE] [net.neoforged.fml.loading.moddiscovery.locators.JarInJarDependencyLocator/]: Failed to load resource META-INF/jarjar/metadata.json from ferritecore-7.0.3-neoforge.jar, it does not contain dependency information.
[20Jul2026 16:47:32.699] [main/TRACE] [net.neoforged.fml.loading.moddiscovery.locators.JarInJarDependencyLocator/]: Failed to load resource META-INF/jarjar/metadata.json from better_lib-neoforge-1.21.1-1.0.109.jar, it does not contain dependency information.
[20Jul2026 16:47:32.699] [main/TRACE] [net.neoforged.fml.loading.moddiscovery.locators.JarInJarDependencyLocator/]: Failed to load resource META-INF/jarjar/metadata.json from still-life-b1.0[UNOFFICIAL-BACKPORT-1.21.1].jar, it does not contain dependency information.
[20Jul2026 16:47:32.699] [main/TRACE] [net.neoforged.fml.loading.moddiscovery.locators.JarInJarDependencyLocator/]: Failed to load resource META-INF/jarjar/metadata.json from lodestone-1.21.1-1.8.2.jar, it does not contain dependency information.
[20Jul2026 16:47:32.715] [main/DEBUG] [net.neoforged.fml.loading.moddiscovery.readers.JarModsDotTomlModFileReader/SCAN]: Found META-INF/neoforge.mods.toml mod of type null: 
[20Jul2026 16:47:32.715] [main/DEBUG] [net.neoforged.fml.loading.moddiscovery.ModFileParser/LOADING]: Considering mod file candidate 
[20Jul2026 16:47:32.715] [main/DEBUG] [net.neoforged.fml.loading.moddiscovery.ModFileInfo/LOADING]: Found valid mod file biolith-neoforge-3.0.10.jar with {biolith} mods - versions {3.0.10}
[20Jul2026 16:47:32.716] [main/DEBUG] [net.neoforged.fml.loading.moddiscovery.readers.JarModsDotTomlModFileReader/SCAN]: Found META-INF/neoforge.mods.toml mod of type null: 
[20Jul2026 16:47:32.716] [main/DEBUG] [net.neoforged.fml.loading.moddiscovery.ModFileParser/LOADING]: Considering mod file candidate 
[20Jul2026 16:47:32.716] [main/DEBUG] [net.neoforged.fml.loading.moddiscovery.ModFileInfo/LOADING]: Found valid mod file sable-companion-common-1.21.1-1.6.0.jar with {sablecompanion} mods - versions {1.6.0}
[20Jul2026 16:47:32.724] [main/DEBUG] [net.neoforged.fml.loading.moddiscovery.readers.JarModsDotTomlModFileReader/SCAN]: Found META-INF/neoforge.mods.toml mod of type null: 
[20Jul2026 16:47:32.724] [main/DEBUG] [net.neoforged.fml.loading.moddiscovery.ModFileParser/LOADING]: Considering mod file candidate 
[20Jul2026 16:47:32.724] [main/DEBUG] [net.neoforged.fml.loading.moddiscovery.ModFileInfo/LOADING]: Found valid mod file cgl-1.21-neoforge-0.5.1.jar with {commongroovylibrary} mods - versions {0.5.1}
[20Jul2026 16:47:32.739] [main/DEBUG] [net.neoforged.fml.loading.moddiscovery.readers.JarModsDotTomlModFileReader/SCAN]: Found META-INF/MANIFEST.MF mod of type LIBRARY: 
[20Jul2026 16:47:32.742] [main/DEBUG] [net.neoforged.fml.loading.moddiscovery.readers.JarModsDotTomlModFileReader/SCAN]: Found META-INF/MANIFEST.MF mod of type GAMELIBRARY: 
[20Jul2026 16:47:32.756] [main/DEBUG] [net.neoforged.fml.loading.moddiscovery.readers.JarModsDotTomlModFileReader/SCAN]: Found META-INF/neoforge.mods.toml mod of type null: 
[20Jul2026 16:47:32.756] [main/DEBUG] [net.neoforged.fml.loading.moddiscovery.ModFileParser/LOADING]: Considering mod file candidate 
[20Jul2026 16:47:32.757] [main/DEBUG] [net.neoforged.fml.loading.moddiscovery.ModFileInfo/LOADING]: Found valid mod file forgified-fabric-api-0.115.6+2.1.0+1.21.1.jar with {fabric_api} mods - versions {0.115.6+2.1.0+1.21.1}
[20Jul2026 16:47:32.760] [main/DEBUG] [net.neoforged.fml.loading.moddiscovery.readers.JarModsDotTomlModFileReader/SCAN]: Found META-INF/neoforge.mods.toml mod of type null: 
[20Jul2026 16:47:32.760] [main/DEBUG] [net.neoforged.fml.loading.moddiscovery.ModFileParser/LOADING]: Considering mod file candidate 
[20Jul2026 16:47:32.760] [main/DEBUG] [net.neoforged.fml.loading.moddiscovery.ModFileInfo/LOADING]: Found valid mod file pehkui-bridge-1.12.1+1.21.1.jar with {connectorextras_pehkui_bridge} mods - versions {1.12.1+1.21.1}
[20Jul2026 16:47:32.760] [main/DEBUG] [net.neoforged.fml.loading.moddiscovery.readers.JarModsDotTomlModFileReader/SCAN]: Found META-INF/neoforge.mods.toml mod of type null: 
[20Jul2026 16:47:32.760] [main/DEBUG] [net.neoforged.fml.loading.moddiscovery.ModFileParser/LOADING]: Considering mod file candidate 
[20Jul2026 16:47:32.760] [main/DEBUG] [net.neoforged.fml.loading.moddiscovery.ModFileInfo/LOADING]: Found valid mod file jei-bridge-1.12.1+1.21.1.jar with {connectorextras_jei_bridge} mods - versions {1.12.1+1.21.1}
[20Jul2026 16:47:32.761] [main/DEBUG] [net.neoforged.fml.loading.moddiscovery.readers.JarModsDotTomlModFileReader/SCAN]: Found META-INF/neoforge.mods.toml mod of type null: 
[20Jul2026 16:47:32.761] [main/DEBUG] [net.neoforged.fml.loading.moddiscovery.ModFileParser/LOADING]: Considering mod file candidate 
[20Jul2026 16:47:32.761] [main/DEBUG] [net.neoforged.fml.loading.moddiscovery.ModFileInfo/LOADING]: Found valid mod file emi-bridge-1.12.1+1.21.1.jar with {connectorextras_emi_bridge} mods - versions {1.12.1+1.21.1}
[20Jul2026 16:47:32.761] [main/DEBUG] [net.neoforged.fml.loading.moddiscovery.readers.JarModsDotTomlModFileReader/SCAN]: Found META-INF/MANIFEST.MF mod of type LIBRARY: 
[20Jul2026 16:47:32.762] [main/DEBUG] [net.neoforged.fml.loading.moddiscovery.readers.JarModsDotTomlModFileReader/SCAN]: Found META-INF/neoforge.mods.toml mod of type null: 
[20Jul2026 16:47:32.762] [main/DEBUG] [net.neoforged.fml.loading.moddiscovery.ModFileParser/LOADING]: Considering mod file candidate 
[20Jul2026 16:47:32.762] [main/DEBUG] [net.neoforged.fml.loading.moddiscovery.ModFileInfo/LOADING]: Found valid mod file rei-bridge-1.12.1+1.21.1.jar with {connectorextras_rei_bridge} mods - versions {1.12.1+1.21.1}
[20Jul2026 16:47:32.763] [main/DEBUG] [net.neoforged.fml.loading.moddiscovery.readers.JarModsDotTomlModFileReader/SCAN]: Found META-INF/neoforge.mods.toml mod of type null: 
[20Jul2026 16:47:32.763] [main/DEBUG] [net.neoforged.fml.loading.moddiscovery.ModFileParser/LOADING]: Considering mod file candidate 
[20Jul2026 16:47:32.763] [main/DEBUG] [net.neoforged.fml.loading.moddiscovery.ModFileInfo/LOADING]: Found valid mod file modmenu-bridge-1.12.1+1.21.1.jar with {connectorextras_modmenu_bridge,modmenu} mods - versions {1.12.1+1.21.1,11.0.1}
[20Jul2026 16:47:32.763] [main/DEBUG] [net.neoforged.fml.loading.moddiscovery.readers.JarModsDotTomlModFileReader/SCAN]: Found META-INF/neoforge.mods.toml mod of type null: 
[20Jul2026 16:47:32.763] [main/DEBUG] [net.neoforged.fml.loading.moddiscovery.ModFileParser/LOADING]: Considering mod file candidate 
[20Jul2026 16:47:32.763] [main/DEBUG] [net.neoforged.fml.loading.moddiscovery.ModFileInfo/LOADING]: Found valid mod file energy-bridge-1.12.1+1.21.1.jar with {connectorextras_energy_bridge} mods - versions {1.12.1+1.21.1}
[20Jul2026 16:47:32.764] [main/DEBUG] [net.neoforged.fml.loading.moddiscovery.readers.JarModsDotTomlModFileReader/SCAN]: Found META-INF/neoforge.mods.toml mod of type null: 
[20Jul2026 16:47:32.764] [main/DEBUG] [net.neoforged.fml.loading.moddiscovery.ModFileParser/LOADING]: Considering mod file candidate 
[20Jul2026 16:47:32.764] [main/DEBUG] [net.neoforged.fml.loading.moddiscovery.ModFileInfo/LOADING]: Found valid mod file kubejs-bridge-1.12.1+1.21.1.jar with {connectorextras_kubejs_bridge} mods - versions {1.12.1+1.21.1}
[20Jul2026 16:47:32.765] [main/DEBUG] [net.neoforged.fml.loading.moddiscovery.readers.JarModsDotTomlModFileReader/SCAN]: Found META-INF/neoforge.mods.toml mod of type null: 
[20Jul2026 16:47:32.765] [main/DEBUG] [net.neoforged.fml.loading.moddiscovery.ModFileParser/LOADING]: Considering mod file candidate 
[20Jul2026 16:47:32.765] [main/DEBUG] [net.neoforged.fml.loading.moddiscovery.ModFileInfo/LOADING]: Found valid mod file terrablender-bridge-1.12.1+1.21.1.jar with {connectorextras_terrablender_bridge} mods - versions {1.12.1+1.21.1}
[20Jul2026 16:47:32.766] [main/DEBUG] [net.neoforged.fml.loading.moddiscovery.readers.JarModsDotTomlModFileReader/SCAN]: Found META-INF/neoforge.mods.toml mod of type null: 
[20Jul2026 16:47:32.766] [main/DEBUG] [net.neoforged.fml.loading.moddiscovery.ModFileParser/LOADING]: Considering mod file candidate 
[20Jul2026 16:47:32.766] [main/DEBUG] [net.neoforged.fml.loading.moddiscovery.ModFileInfo/LOADING]: Found valid mod file fabric-api-base-0.4.42+d1308ded19.jar with {fabric_api_base} mods - versions {0.4.42+d1308ded19}
[20Jul2026 16:47:32.768] [main/DEBUG] [net.neoforged.fml.loading.moddiscovery.readers.JarModsDotTomlModFileReader/SCAN]: Found META-INF/neoforge.mods.toml mod of type null: 
[20Jul2026 16:47:32.768] [main/DEBUG] [net.neoforged.fml.loading.moddiscovery.ModFileParser/LOADING]: Considering mod file candidate 
[20Jul2026 16:47:32.768] [main/DEBUG] [net.neoforged.fml.loading.moddiscovery.ModFileInfo/LOADING]: Found valid mod file percale-neoforge-1.0.0-beta.1.jar with {percale} mods - versions {1.0.0-beta.1}
[20Jul2026 16:47:32.772] [main/DEBUG] [net.neoforged.fml.loading.moddiscovery.readers.JarModsDotTomlModFileReader/SCAN]: Found META-INF/neoforge.mods.toml mod of type null: 
[20Jul2026 16:47:32.772] [main/DEBUG] [net.neoforged.fml.loading.moddiscovery.ModFileParser/LOADING]: Considering mod file candidate 
[20Jul2026 16:47:32.772] [main/DEBUG] [net.neoforged.fml.loading.moddiscovery.ModFileInfo/LOADING]: Found valid mod file lambdynamiclights-4.8.8+1.21.1-neoforge.jar with {lambdynlights_runtime} mods - versions {4.8.8+1.21.1}
[20Jul2026 16:47:32.773] [main/DEBUG] [net.neoforged.fml.loading.moddiscovery.readers.JarModsDotTomlModFileReader/SCAN]: Found META-INF/neoforge.mods.toml mod of type null: 
[20Jul2026 16:47:32.773] [main/DEBUG] [net.neoforged.fml.loading.moddiscovery.ModFileParser/LOADING]: Considering mod file candidate 
[20Jul2026 16:47:32.774] [main/DEBUG] [net.neoforged.fml.loading.moddiscovery.ModFileInfo/LOADING]: Found valid mod file sable-companion-common-1.21.1-1.6.0.jar with {sablecompanion} mods - versions {1.6.0}
[20Jul2026 16:47:32.774] [main/DEBUG] [net.neoforged.fml.loading.moddiscovery.readers.JarModsDotTomlModFileReader/SCAN]: Found META-INF/neoforge.mods.toml mod of type null: 
[20Jul2026 16:47:32.774] [main/DEBUG] [net.neoforged.fml.loading.moddiscovery.ModFileParser/LOADING]: Considering mod file candidate 
[20Jul2026 16:47:32.775] [main/DEBUG] [net.neoforged.fml.loading.moddiscovery.ModFileInfo/LOADING]: Found valid mod file sable-companion-common-1.21.1-1.6.0.jar with {sablecompanion} mods - versions {1.6.0}
[20Jul2026 16:47:32.786] [main/DEBUG] [net.neoforged.fml.loading.moddiscovery.readers.JarModsDotTomlModFileReader/SCAN]: Found META-INF/MANIFEST.MF mod of type GAMELIBRARY: 
[20Jul2026 16:47:32.809] [main/DEBUG] [net.neoforged.fml.loading.moddiscovery.readers.JarModsDotTomlModFileReader/SCAN]: Found META-INF/neoforge.mods.toml mod of type null: 
[20Jul2026 16:47:32.809] [main/DEBUG] [net.neoforged.fml.loading.moddiscovery.ModFileParser/LOADING]: Considering mod file candidate 
[20Jul2026 16:47:32.810] [main/DEBUG] [net.neoforged.fml.loading.moddiscovery.ModFileInfo/LOADING]: Found valid mod file veil-neoforge-1.21.1-4.1.4.jar with {veil} mods - versions {4.1.4}
[20Jul2026 16:47:32.811] [main/DEBUG] [net.neoforged.fml.loading.moddiscovery.readers.JarModsDotTomlModFileReader/SCAN]: Found META-INF/neoforge.mods.toml mod of type null: 
[20Jul2026 16:47:32.811] [main/DEBUG] [net.neoforged.fml.loading.moddiscovery.ModFileParser/LOADING]: Considering mod file candidate 
[20Jul2026 16:47:32.811] [main/DEBUG] [net.neoforged.fml.loading.moddiscovery.ModFileInfo/LOADING]: Found valid mod file sable-companion-common-1.21.1-1.6.0.jar with {sablecompanion} mods - versions {1.6.0}
[20Jul2026 16:47:32.812] [main/DEBUG] [net.neoforged.fml.loading.moddiscovery.readers.JarModsDotTomlModFileReader/SCAN]: Found META-INF/neoforge.mods.toml mod of type null: 
[20Jul2026 16:47:32.812] [main/DEBUG] [net.neoforged.fml.loading.moddiscovery.ModFileParser/LOADING]: Considering mod file candidate 
[20Jul2026 16:47:32.812] [main/DEBUG] [net.neoforged.fml.loading.moddiscovery.ModFileInfo/LOADING]: Found valid mod file com.kneelawk.extra-mod-integrations.extra-mod-integrations-actually-additions-neoforge-1.0.3+1.21.1.jar with {extra_mod_integrations_actually_additions} mods - versions {1.0.3+1.21.1}
[20Jul2026 16:47:32.812] [main/DEBUG] [net.neoforged.fml.loading.moddiscovery.readers.JarModsDotTomlModFileReader/SCAN]: Found META-INF/neoforge.mods.toml mod of type null: 
[20Jul2026 16:47:32.813] [main/DEBUG] [net.neoforged.fml.loading.moddiscovery.ModFileParser/LOADING]: Considering mod file candidate 
[20Jul2026 16:47:32.813] [main/DEBUG] [net.neoforged.fml.loading.moddiscovery.ModFileInfo/LOADING]: Found valid mod file com.kneelawk.extra-mod-integrations.extra-mod-integrations-chipped-neoforge-1.0.3+1.21.1.jar with {extra_mod_integrations_chipped} mods - versions {1.0.3+1.21.1}
[20Jul2026 16:47:32.814] [main/DEBUG] [net.neoforged.fml.loading.moddiscovery.readers.JarModsDotTomlModFileReader/SCAN]: Found META-INF/neoforge.mods.toml mod of type null: 
[20Jul2026 16:47:32.814] [main/DEBUG] [net.neoforged.fml.loading.moddiscovery.ModFileParser/LOADING]: Considering mod file candidate 
[20Jul2026 16:47:32.814] [main/DEBUG] [net.neoforged.fml.loading.moddiscovery.ModFileInfo/LOADING]: Found valid mod file com.kneelawk.extra-mod-integrations.extra-mod-integrations-core-neoforge-1.0.3+1.21.1.jar with {extra_mod_integrations_core} mods - versions {1.0.3+1.21.1}
[20Jul2026 16:47:32.814] [main/DEBUG] [net.neoforged.fml.loading.moddiscovery.readers.JarModsDotTomlModFileReader/SCAN]: Found META-INF/neoforge.mods.toml mod of type null: 
[20Jul2026 16:47:32.814] [main/DEBUG] [net.neoforged.fml.loading.moddiscovery.ModFileParser/LOADING]: Considering mod file candidate 
[20Jul2026 16:47:32.814] [main/DEBUG] [net.neoforged.fml.loading.moddiscovery.ModFileInfo/LOADING]: Found valid mod file com.kneelawk.extra-mod-integrations.extra-mod-integrations-farmers-delight-neoforge-1.0.3+1.21.1.jar with {extra_mod_integrations_farmers_delight} mods - versions {1.0.3+1.21.1}
[20Jul2026 16:47:32.815] [main/DEBUG] [net.neoforged.fml.loading.moddiscovery.readers.JarModsDotTomlModFileReader/SCAN]: Found META-INF/neoforge.mods.toml mod of type null: 
[20Jul2026 16:47:32.815] [main/DEBUG] [net.neoforged.fml.loading.moddiscovery.ModFileParser/LOADING]: Considering mod file candidate 
[20Jul2026 16:47:32.815] [main/DEBUG] [net.neoforged.fml.loading.moddiscovery.ModFileInfo/LOADING]: Found valid mod file com.kneelawk.extra-mod-integrations.extra-mod-integrations-isns-neoforge-1.0.3+1.21.1.jar with {extra_mod_integrations_irons_spellbooks} mods - versions {1.0.3+1.21.1}
[20Jul2026 16:47:32.816] [main/DEBUG] [net.neoforged.fml.loading.moddiscovery.readers.JarModsDotTomlModFileReader/SCAN]: Found META-INF/neoforge.mods.toml mod of type null: 
[20Jul2026 16:47:32.816] [main/DEBUG] [net.neoforged.fml.loading.moddiscovery.ModFileParser/LOADING]: Considering mod file candidate 
[20Jul2026 16:47:32.816] [main/DEBUG] [net.neoforged.fml.loading.moddiscovery.ModFileInfo/LOADING]: Found valid mod file com.kneelawk.extra-mod-integrations.extra-mod-integrations-pneumaticcraft-neoforge-1.0.3+1.21.1.jar with {extra_mod_integrations_pneumaticcraft} mods - versions {1.0.3+1.21.1}
[20Jul2026 16:47:32.817] [main/DEBUG] [net.neoforged.fml.loading.moddiscovery.readers.JarModsDotTomlModFileReader/SCAN]: Found META-INF/neoforge.mods.toml mod of type null: 
[20Jul2026 16:47:32.817] [main/DEBUG] [net.neoforged.fml.loading.moddiscovery.ModFileParser/LOADING]: Considering mod file candidate 
[20Jul2026 16:47:32.817] [main/DEBUG] [net.neoforged.fml.loading.moddiscovery.ModFileInfo/LOADING]: Found valid mod file com.kneelawk.extra-mod-integrations.extra-mod-integrations-rechiseled-neoforge-1.0.3+1.21.1.jar with {extra_mod_integrations_rechiseled} mods - versions {1.0.3+1.21.1}
[20Jul2026 16:47:32.818] [main/DEBUG] [net.neoforged.fml.loading.moddiscovery.readers.JarModsDotTomlModFileReader/SCAN]: Found META-INF/neoforge.mods.toml mod of type null: 
[20Jul2026 16:47:32.818] [main/DEBUG] [net.neoforged.fml.loading.moddiscovery.ModFileParser/LOADING]: Considering mod file candidate 
[20Jul2026 16:47:32.818] [main/DEBUG] [net.neoforged.fml.loading.moddiscovery.ModFileInfo/LOADING]: Found valid mod file com.kneelawk.extra-mod-integrations.extra-mod-integrations-reliquary-neoforge-1.0.3+1.21.1.jar with {extra_mod_integrations_reliquary} mods - versions {1.0.3+1.21.1}
[20Jul2026 16:47:32.823] [main/DEBUG] [net.neoforged.fml.loading.moddiscovery.readers.JarModsDotTomlModFileReader/SCAN]: Found META-INF/neoforge.mods.toml mod of type null: 
[20Jul2026 16:47:32.823] [main/DEBUG] [net.neoforged.fml.loading.moddiscovery.ModFileParser/LOADING]: Considering mod file candidate 
[20Jul2026 16:47:32.824] [main/DEBUG] [net.neoforged.fml.loading.moddiscovery.ModFileInfo/LOADING]: Found valid mod file xaerolib-neoforge-1.21-1.0.42.jar with {xaerolib} mods - versions {1.0.42}
[20Jul2026 16:47:32.826] [main/DEBUG] [net.neoforged.fml.loading.moddiscovery.readers.JarModsDotTomlModFileReader/SCAN]: Found META-INF/neoforge.mods.toml mod of type null: 
[20Jul2026 16:47:32.826] [main/DEBUG] [net.neoforged.fml.loading.moddiscovery.ModFileParser/LOADING]: Considering mod file candidate 
[20Jul2026 16:47:32.826] [main/DEBUG] [net.neoforged.fml.loading.moddiscovery.ModFileInfo/LOADING]: Found valid mod file statuemenus-neoforge-21.1.0.jar with {statuemenus} mods - versions {21.1.0}
[20Jul2026 16:47:32.834] [main/DEBUG] [net.neoforged.fml.loading.moddiscovery.readers.JarModsDotTomlModFileReader/SCAN]: Found META-INF/MANIFEST.MF mod of type GAMELIBRARY: 
[20Jul2026 16:47:32.844] [main/DEBUG] [net.neoforged.fml.loading.moddiscovery.readers.JarModsDotTomlModFileReader/SCAN]: Found META-INF/neoforge.mods.toml mod of type null: 
[20Jul2026 16:47:32.844] [main/DEBUG] [net.neoforged.fml.loading.moddiscovery.ModFileParser/LOADING]: Considering mod file candidate 
[20Jul2026 16:47:32.845] [main/DEBUG] [net.neoforged.fml.loading.moddiscovery.ModFileInfo/LOADING]: Found valid mod file midnightlib-1.6.9+1.21-neoforge.jar with {midnightlib} mods - versions {1.6.9}
[20Jul2026 16:47:32.849] [main/DEBUG] [net.neoforged.fml.loading.moddiscovery.readers.JarModsDotTomlModFileReader/SCAN]: Found META-INF/neoforge.mods.toml mod of type null: 
[20Jul2026 16:47:32.849] [main/DEBUG] [net.neoforged.fml.loading.moddiscovery.ModFileParser/LOADING]: Considering mod file candidate 
[20Jul2026 16:47:32.850] [main/DEBUG] [net.neoforged.fml.loading.moddiscovery.ModFileInfo/LOADING]: Found valid mod file kuma-api-neoforge-21.0.8+1.21.jar with {kuma_api} mods - versions {21.0.8}
[20Jul2026 16:47:32.850] [main/DEBUG] [net.neoforged.fml.loading.moddiscovery.readers.JarModsDotTomlModFileReader/SCAN]: Found META-INF/neoforge.mods.toml mod of type null: 
[20Jul2026 16:47:32.850] [main/DEBUG] [net.neoforged.fml.loading.moddiscovery.ModFileParser/LOADING]: Considering mod file candidate 
[20Jul2026 16:47:32.851] [main/DEBUG] [net.neoforged.fml.loading.moddiscovery.ModFileInfo/LOADING]: Found valid mod file sable-companion-common-1.21.1-1.5.0.jar with {sablecompanion} mods - versions {1.5.0}
[20Jul2026 16:47:32.853] [main/DEBUG] [net.neoforged.fml.loading.moddiscovery.readers.JarModsDotTomlModFileReader/SCAN]: Found META-INF/MANIFEST.MF mod of type GAMELIBRARY: 
[20Jul2026 16:47:32.855] [main/DEBUG] [net.neoforged.fml.loading.moddiscovery.readers.JarModsDotTomlModFileReader/SCAN]: Found META-INF/neoforge.mods.toml mod of type null: 
[20Jul2026 16:47:32.855] [main/DEBUG] [net.neoforged.fml.loading.moddiscovery.ModFileParser/LOADING]: Considering mod file candidate 
[20Jul2026 16:47:32.855] [main/DEBUG] [net.neoforged.fml.loading.moddiscovery.ModFileInfo/LOADING]: Found valid mod file fabric-resource-loader-v0-1.3.1+4ea8954419.jar with {fabric_resource_loader_v0} mods - versions {1.3.1+4ea8954419}
[20Jul2026 16:47:32.856] [main/DEBUG] [net.neoforged.fml.loading.moddiscovery.readers.JarModsDotTomlModFileReader/SCAN]: Found META-INF/neoforge.mods.toml mod of type null: 
[20Jul2026 16:47:32.856] [main/DEBUG] [net.neoforged.fml.loading.moddiscovery.ModFileParser/LOADING]: Considering mod file candidate 
[20Jul2026 16:47:32.856] [main/DEBUG] [net.neoforged.fml.loading.moddiscovery.ModFileInfo/LOADING]: Found valid mod file fabric-rendering-data-attachment-v1-0.3.49+73761d2e19.jar with {fabric_rendering_data_attachment_v1} mods - versions {0.3.49+73761d2e19}
[20Jul2026 16:47:32.857] [main/DEBUG] [net.neoforged.fml.loading.moddiscovery.readers.JarModsDotTomlModFileReader/SCAN]: Found META-INF/neoforge.mods.toml mod of type null: 
[20Jul2026 16:47:32.857] [main/DEBUG] [net.neoforged.fml.loading.moddiscovery.ModFileParser/LOADING]: Considering mod file candidate 
[20Jul2026 16:47:32.857] [main/DEBUG] [net.neoforged.fml.loading.moddiscovery.ModFileInfo/LOADING]: Found valid mod file fabric-object-builder-api-v1-15.2.1+cc242efd19.jar with {fabric_object_builder_api_v1} mods - versions {15.2.1+cc242efd19}
[20Jul2026 16:47:32.859] [main/DEBUG] [net.neoforged.fml.loading.moddiscovery.readers.JarModsDotTomlModFileReader/SCAN]: Found META-INF/neoforge.mods.toml mod of type null: 
[20Jul2026 16:47:32.859] [main/DEBUG] [net.neoforged.fml.loading.moddiscovery.ModFileParser/LOADING]: Considering mod file candidate 
[20Jul2026 16:47:32.859] [main/DEBUG] [net.neoforged.fml.loading.moddiscovery.ModFileInfo/LOADING]: Found valid mod file fabric-lifecycle-events-v1-2.6.0+e40d8add19.jar with {fabric_lifecycle_events_v1} mods - versions {2.6.0+e40d8add19}
[20Jul2026 16:47:32.859] [main/DEBUG] [net.neoforged.fml.loading.moddiscovery.readers.JarModsDotTomlModFileReader/SCAN]: Found META-INF/neoforge.mods.toml mod of type null: 
[20Jul2026 16:47:32.859] [main/DEBUG] [net.neoforged.fml.loading.moddiscovery.ModFileParser/LOADING]: Considering mod file candidate 
[20Jul2026 16:47:32.860] [main/DEBUG] [net.neoforged.fml.loading.moddiscovery.ModFileInfo/LOADING]: Found valid mod file fabric-rendering-fluids-v1-3.1.6+a51883b219.jar with {fabric_rendering_fluids_v1} mods - versions {3.1.6+a51883b219}
[20Jul2026 16:47:32.860] [main/DEBUG] [net.neoforged.fml.loading.moddiscovery.readers.JarModsDotTomlModFileReader/SCAN]: Found META-INF/neoforge.mods.toml mod of type null: 
[20Jul2026 16:47:32.860] [main/DEBUG] [net.neoforged.fml.loading.moddiscovery.ModFileParser/LOADING]: Considering mod file candidate 
[20Jul2026 16:47:32.860] [main/DEBUG] [net.neoforged.fml.loading.moddiscovery.ModFileInfo/LOADING]: Found valid mod file fabric-screen-handler-api-v1-1.3.90+8dbc56dd19.jar with {fabric_screen_handler_api_v1} mods - versions {1.3.90+8dbc56dd19}
[20Jul2026 16:47:32.861] [main/DEBUG] [net.neoforged.fml.loading.moddiscovery.readers.JarModsDotTomlModFileReader/SCAN]: Found META-INF/neoforge.mods.toml mod of type null: 
[20Jul2026 16:47:32.861] [main/DEBUG] [net.neoforged.fml.loading.moddiscovery.ModFileParser/LOADING]: Considering mod file candidate 
[20Jul2026 16:47:32.861] [main/DEBUG] [net.neoforged.fml.loading.moddiscovery.ModFileInfo/LOADING]: Found valid mod file fabric-gametest-api-v1-2.0.5+29f188ce19.jar with {fabric_gametest_api_v1} mods - versions {2.0.5+29f188ce19}
[20Jul2026 16:47:32.862] [main/DEBUG] [net.neoforged.fml.loading.moddiscovery.readers.JarModsDotTomlModFileReader/SCAN]: Found META-INF/neoforge.mods.toml mod of type null: 
[20Jul2026 16:47:32.862] [main/DEBUG] [net.neoforged.fml.loading.moddiscovery.ModFileParser/LOADING]: Considering mod file candidate 
[20Jul2026 16:47:32.862] [main/DEBUG] [net.neoforged.fml.loading.moddiscovery.ModFileInfo/LOADING]: Found valid mod file fabric-particles-v1-4.0.2+824f924c19.jar with {fabric_particles_v1} mods - versions {4.0.2+824f924c19}
[20Jul2026 16:47:32.863] [main/DEBUG] [net.neoforged.fml.loading.moddiscovery.readers.JarModsDotTomlModFileReader/SCAN]: Found META-INF/neoforge.mods.toml mod of type null: 
[20Jul2026 16:47:32.863] [main/DEBUG] [net.neoforged.fml.loading.moddiscovery.ModFileParser/LOADING]: Considering mod file candidate 
[20Jul2026 16:47:32.863] [main/DEBUG] [net.neoforged.fml.loading.moddiscovery.ModFileInfo/LOADING]: Found valid mod file fabric-loot-api-v2-3.0.15+a3ee712d19.jar with {fabric_loot_api_v2} mods - versions {3.0.15+a3ee712d19}
[20Jul2026 16:47:32.864] [main/DEBUG] [net.neoforged.fml.loading.moddiscovery.readers.JarModsDotTomlModFileReader/SCAN]: Found META-INF/neoforge.mods.toml mod of type null: 
[20Jul2026 16:47:32.864] [main/DEBUG] [net.neoforged.fml.loading.moddiscovery.ModFileParser/LOADING]: Considering mod file candidate 
[20Jul2026 16:47:32.864] [main/DEBUG] [net.neoforged.fml.loading.moddiscovery.ModFileInfo/LOADING]: Found valid mod file fabric-client-tags-api-v1-1.1.15+e053909619.jar with {fabric_client_tags_api_v1} mods - versions {1.1.15+e053909619}
[20Jul2026 16:47:32.865] [main/DEBUG] [net.neoforged.fml.loading.moddiscovery.readers.JarModsDotTomlModFileReader/SCAN]: Found META-INF/neoforge.mods.toml mod of type null: 
[20Jul2026 16:47:32.865] [main/DEBUG] [net.neoforged.fml.loading.moddiscovery.ModFileParser/LOADING]: Considering mod file candidate 
[20Jul2026 16:47:32.865] [main/DEBUG] [net.neoforged.fml.loading.moddiscovery.ModFileInfo/LOADING]: Found valid mod file fabric-model-loading-api-v1-2.1.0+6e8f52c719.jar with {fabric_model_loading_api_v1} mods - versions {2.1.0+6e8f52c719}
[20Jul2026 16:47:32.866] [main/DEBUG] [net.neoforged.fml.loading.moddiscovery.readers.JarModsDotTomlModFileReader/SCAN]: Found META-INF/neoforge.mods.toml mod of type null: 
[20Jul2026 16:47:32.866] [main/DEBUG] [net.neoforged.fml.loading.moddiscovery.ModFileParser/LOADING]: Considering mod file candidate 
[20Jul2026 16:47:32.866] [main/DEBUG] [net.neoforged.fml.loading.moddiscovery.ModFileInfo/LOADING]: Found valid mod file fabric-api-lookup-api-v1-1.6.71+c290471319.jar with {fabric_api_lookup_api_v1} mods - versions {1.6.71+c290471319}
[20Jul2026 16:47:32.867] [main/DEBUG] [net.neoforged.fml.loading.moddiscovery.readers.JarModsDotTomlModFileReader/SCAN]: Found META-INF/neoforge.mods.toml mod of type null: 
[20Jul2026 16:47:32.867] [main/DEBUG] [net.neoforged.fml.loading.moddiscovery.ModFileParser/LOADING]: Considering mod file candidate 
[20Jul2026 16:47:32.867] [main/DEBUG] [net.neoforged.fml.loading.moddiscovery.ModFileInfo/LOADING]: Found valid mod file fabric-game-rule-api-v1-1.0.53+36d727be19.jar with {fabric_game_rule_api_v1} mods - versions {1.0.53+36d727be19}
[20Jul2026 16:47:32.868] [main/DEBUG] [net.neoforged.fml.loading.moddiscovery.readers.JarModsDotTomlModFileReader/SCAN]: Found META-INF/neoforge.mods.toml mod of type null: 
[20Jul2026 16:47:32.868] [main/DEBUG] [net.neoforged.fml.loading.moddiscovery.ModFileParser/LOADING]: Considering mod file candidate 
[20Jul2026 16:47:32.868] [main/DEBUG] [net.neoforged.fml.loading.moddiscovery.ModFileInfo/LOADING]: Found valid mod file fabric-message-api-v1-6.0.14+6a754fce19.jar with {fabric_message_api_v1} mods - versions {6.0.14+6a754fce19}
[20Jul2026 16:47:32.869] [main/DEBUG] [net.neoforged.fml.loading.moddiscovery.readers.JarModsDotTomlModFileReader/SCAN]: Found META-INF/neoforge.mods.toml mod of type null: 
[20Jul2026 16:47:32.869] [main/DEBUG] [net.neoforged.fml.loading.moddiscovery.ModFileParser/LOADING]: Considering mod file candidate 
[20Jul2026 16:47:32.869] [main/DEBUG] [net.neoforged.fml.loading.moddiscovery.ModFileInfo/LOADING]: Found valid mod file fabric-block-view-api-v2-1.0.11+e9036fd419.jar with {fabric_block_view_api_v2} mods - versions {1.0.11+e9036fd419}
[20Jul2026 16:47:32.870] [main/DEBUG] [net.neoforged.fml.loading.moddiscovery.readers.JarModsDotTomlModFileReader/SCAN]: Found META-INF/neoforge.mods.toml mod of type null: 
[20Jul2026 16:47:32.870] [main/DEBUG] [net.neoforged.fml.loading.moddiscovery.ModFileParser/LOADING]: Considering mod file candidate 
[20Jul2026 16:47:32.870] [main/DEBUG] [net.neoforged.fml.loading.moddiscovery.ModFileInfo/LOADING]: Found valid mod file fabric-rendering-v1-5.1.0+1a09bd5a19.jar with {fabric_rendering_v1} mods - versions {5.1.0+1a09bd5a19}
[20Jul2026 16:47:32.871] [main/DEBUG] [net.neoforged.fml.loading.moddiscovery.readers.JarModsDotTomlModFileReader/SCAN]: Found META-INF/neoforge.mods.toml mod of type null: 
[20Jul2026 16:47:32.871] [main/DEBUG] [net.neoforged.fml.loading.moddiscovery.ModFileParser/LOADING]: Considering mod file candidate 
[20Jul2026 16:47:32.871] [main/DEBUG] [net.neoforged.fml.loading.moddiscovery.ModFileInfo/LOADING]: Found valid mod file fabric-blockrenderlayer-v1-1.1.52+c290471319.jar with {fabric_blockrenderlayer_v1} mods - versions {1.1.52+c290471319}
[20Jul2026 16:47:32.873] [main/DEBUG] [net.neoforged.fml.loading.moddiscovery.readers.JarModsDotTomlModFileReader/SCAN]: Found META-INF/neoforge.mods.toml mod of type null: 
[20Jul2026 16:47:32.873] [main/DEBUG] [net.neoforged.fml.loading.moddiscovery.ModFileParser/LOADING]: Considering mod file candidate 
[20Jul2026 16:47:32.873] [main/DEBUG] [net.neoforged.fml.loading.moddiscovery.ModFileInfo/LOADING]: Found valid mod file fabric-networking-api-v1-4.3.0+30a980d919.jar with {fabric_networking_api_v1} mods - versions {4.3.0+30a980d919}
[20Jul2026 16:47:32.876] [main/DEBUG] [net.neoforged.fml.loading.moddiscovery.readers.JarModsDotTomlModFileReader/SCAN]: Found META-INF/neoforge.mods.toml mod of type null: 
[20Jul2026 16:47:32.876] [main/DEBUG] [net.neoforged.fml.loading.moddiscovery.ModFileParser/LOADING]: Considering mod file candidate 
[20Jul2026 16:47:32.876] [main/DEBUG] [net.neoforged.fml.loading.moddiscovery.ModFileInfo/LOADING]: Found valid mod file fabric-convention-tags-v2-2.11.1+87e5848019.jar with {fabric_convention_tags_v2} mods - versions {2.11.1+87e5848019}
[20Jul2026 16:47:32.877] [main/DEBUG] [net.neoforged.fml.loading.moddiscovery.readers.JarModsDotTomlModFileReader/SCAN]: Found META-INF/neoforge.mods.toml mod of type null: 
[20Jul2026 16:47:32.877] [main/DEBUG] [net.neoforged.fml.loading.moddiscovery.ModFileParser/LOADING]: Considering mod file candidate 
[20Jul2026 16:47:32.877] [main/DEBUG] [net.neoforged.fml.loading.moddiscovery.ModFileInfo/LOADING]: Found valid mod file fabric-registry-sync-v0-5.3.1+f9aace1619.jar with {fabric_registry_sync_v0} mods - versions {5.3.1+f9aace1619}
[20Jul2026 16:47:32.878] [main/DEBUG] [net.neoforged.fml.loading.moddiscovery.readers.JarModsDotTomlModFileReader/SCAN]: Found META-INF/neoforge.mods.toml mod of type null: 
[20Jul2026 16:47:32.878] [main/DEBUG] [net.neoforged.fml.loading.moddiscovery.ModFileParser/LOADING]: Considering mod file candidate 
[20Jul2026 16:47:32.879] [main/DEBUG] [net.neoforged.fml.loading.moddiscovery.ModFileInfo/LOADING]: Found valid mod file fabric-entity-events-v1-1.8.0+5ede667619.jar with {fabric_entity_events_v1} mods - versions {1.8.0+5ede667619}
[20Jul2026 16:47:32.880] [main/DEBUG] [net.neoforged.fml.loading.moddiscovery.readers.JarModsDotTomlModFileReader/SCAN]: Found META-INF/neoforge.mods.toml mod of type null: 
[20Jul2026 16:47:32.880] [main/DEBUG] [net.neoforged.fml.loading.moddiscovery.ModFileParser/LOADING]: Considering mod file candidate 
[20Jul2026 16:47:32.880] [main/DEBUG] [net.neoforged.fml.loading.moddiscovery.ModFileInfo/LOADING]: Found valid mod file fabric-data-generation-api-v1-20.2.34+a4c3605619.jar with {fabric_data_generation_api_v1} mods - versions {20.2.34+a4c3605619}
[20Jul2026 16:47:32.899] [main/DEBUG] [net.neoforged.fml.loading.moddiscovery.readers.JarModsDotTomlModFileReader/SCAN]: Found META-INF/MANIFEST.MF mod of type LIBRARY: 
[20Jul2026 16:47:32.900] [main/DEBUG] [net.neoforged.fml.loading.moddiscovery.readers.JarModsDotTomlModFileReader/SCAN]: Found META-INF/neoforge.mods.toml mod of type null: 
[20Jul2026 16:47:32.900] [main/DEBUG] [net.neoforged.fml.loading.moddiscovery.ModFileParser/LOADING]: Considering mod file candidate 
[20Jul2026 16:47:32.900] [main/DEBUG] [net.neoforged.fml.loading.moddiscovery.ModFileInfo/LOADING]: Found valid mod file fabric-sound-api-v1-1.0.23+10b84f8419.jar with {fabric_sound_api_v1} mods - versions {1.0.23+10b84f8419}
[20Jul2026 16:47:32.901] [main/DEBUG] [net.neoforged.fml.loading.moddiscovery.readers.JarModsDotTomlModFileReader/SCAN]: Found META-INF/neoforge.mods.toml mod of type null: 
[20Jul2026 16:47:32.901] [main/DEBUG] [net.neoforged.fml.loading.moddiscovery.ModFileParser/LOADING]: Considering mod file candidate 
[20Jul2026 16:47:32.901] [main/DEBUG] [net.neoforged.fml.loading.moddiscovery.ModFileInfo/LOADING]: Found valid mod file fabric-command-api-v2-2.2.28+36d727be19.jar with {fabric_command_api_v2} mods - versions {2.2.28+36d727be19}
[20Jul2026 16:47:32.902] [main/DEBUG] [net.neoforged.fml.loading.moddiscovery.readers.JarModsDotTomlModFileReader/SCAN]: Found META-INF/neoforge.mods.toml mod of type null: 
[20Jul2026 16:47:32.902] [main/DEBUG] [net.neoforged.fml.loading.moddiscovery.ModFileParser/LOADING]: Considering mod file candidate 
[20Jul2026 16:47:32.902] [main/DEBUG] [net.neoforged.fml.loading.moddiscovery.ModFileInfo/LOADING]: Found valid mod file fabric-content-registries-v0-8.0.19+5e0d320019.jar with {fabric_content_registries_v0} mods - versions {8.0.19+5e0d320019}
[20Jul2026 16:47:32.903] [main/DEBUG] [net.neoforged.fml.loading.moddiscovery.readers.JarModsDotTomlModFileReader/SCAN]: Found META-INF/neoforge.mods.toml mod of type null: 
[20Jul2026 16:47:32.903] [main/DEBUG] [net.neoforged.fml.loading.moddiscovery.ModFileParser/LOADING]: Considering mod file candidate 
[20Jul2026 16:47:32.903] [main/DEBUG] [net.neoforged.fml.loading.moddiscovery.ModFileInfo/LOADING]: Found valid mod file fabric-screen-api-v1-2.0.25+0ae1214819.jar with {fabric_screen_api_v1} mods - versions {2.0.25+0ae1214819}
[20Jul2026 16:47:32.903] [main/DEBUG] [net.neoforged.fml.loading.moddiscovery.readers.JarModsDotTomlModFileReader/SCAN]: Found META-INF/neoforge.mods.toml mod of type null: 
[20Jul2026 16:47:32.903] [main/DEBUG] [net.neoforged.fml.loading.moddiscovery.ModFileParser/LOADING]: Considering mod file candidate 
[20Jul2026 16:47:32.904] [main/DEBUG] [net.neoforged.fml.loading.moddiscovery.ModFileInfo/LOADING]: Found valid mod file fabric-key-binding-api-v1-1.0.47+62cc7ce119.jar with {fabric_key_binding_api_v1} mods - versions {1.0.47+62cc7ce119}
[20Jul2026 16:47:32.904] [main/DEBUG] [net.neoforged.fml.loading.moddiscovery.readers.JarModsDotTomlModFileReader/SCAN]: Found META-INF/neoforge.mods.toml mod of type null: 
[20Jul2026 16:47:32.904] [main/DEBUG] [net.neoforged.fml.loading.moddiscovery.ModFileParser/LOADING]: Considering mod file candidate 
[20Jul2026 16:47:32.905] [main/DEBUG] [net.neoforged.fml.loading.moddiscovery.ModFileInfo/LOADING]: Found valid mod file fabric-renderer-api-v1-3.4.1+9125b6dc19.jar with {fabric_renderer_api_v1} mods - versions {3.4.1+9125b6dc19}
[20Jul2026 16:47:32.907] [main/DEBUG] [net.neoforged.fml.loading.moddiscovery.readers.JarModsDotTomlModFileReader/SCAN]: Found META-INF/neoforge.mods.toml mod of type null: 
[20Jul2026 16:47:32.907] [main/DEBUG] [net.neoforged.fml.loading.moddiscovery.ModFileParser/LOADING]: Considering mod file candidate 
[20Jul2026 16:47:32.908] [main/DEBUG] [net.neoforged.fml.loading.moddiscovery.ModFileInfo/LOADING]: Found valid mod file fabric-transfer-api-v1-5.4.3+a25cb45619.jar with {fabric_transfer_api_v1} mods - versions {5.4.3+a25cb45619}
[20Jul2026 16:47:32.909] [main/DEBUG] [net.neoforged.fml.loading.moddiscovery.readers.JarModsDotTomlModFileReader/SCAN]: Found META-INF/neoforge.mods.toml mod of type null: 
[20Jul2026 16:47:32.909] [main/DEBUG] [net.neoforged.fml.loading.moddiscovery.ModFileParser/LOADING]: Considering mod file candidate 
[20Jul2026 16:47:32.909] [main/DEBUG] [net.neoforged.fml.loading.moddiscovery.ModFileInfo/LOADING]: Found valid mod file fabric-resource-conditions-api-v1-4.3.0+5bdd099819.jar with {fabric_resource_conditions_api_v1} mods - versions {4.3.0+5bdd099819}
[20Jul2026 16:47:32.910] [main/DEBUG] [net.neoforged.fml.loading.moddiscovery.readers.JarModsDotTomlModFileReader/SCAN]: Found META-INF/neoforge.mods.toml mod of type null: 
[20Jul2026 16:47:32.910] [main/DEBUG] [net.neoforged.fml.loading.moddiscovery.ModFileParser/LOADING]: Considering mod file candidate 
[20Jul2026 16:47:32.910] [main/DEBUG] [net.neoforged.fml.loading.moddiscovery.ModFileInfo/LOADING]: Found valid mod file fabric-data-attachment-api-v1-1.4.5+26d408aa19.jar with {fabric_data_attachment_api_v1} mods - versions {1.4.5+26d408aa19}
[20Jul2026 16:47:32.911] [main/DEBUG] [net.neoforged.fml.loading.moddiscovery.readers.JarModsDotTomlModFileReader/SCAN]: Found META-INF/neoforge.mods.toml mod of type null: 
[20Jul2026 16:47:32.911] [main/DEBUG] [net.neoforged.fml.loading.moddiscovery.ModFileParser/LOADING]: Considering mod file candidate 
[20Jul2026 16:47:32.911] [main/DEBUG] [net.neoforged.fml.loading.moddiscovery.ModFileInfo/LOADING]: Found valid mod file fabric-loot-api-v3-1.0.3+333dfad919.jar with {fabric_loot_api_v3} mods - versions {1.0.3+333dfad919}
[20Jul2026 16:47:32.912] [main/DEBUG] [net.neoforged.fml.loading.moddiscovery.readers.JarModsDotTomlModFileReader/SCAN]: Found META-INF/neoforge.mods.toml mod of type null: 
[20Jul2026 16:47:32.912] [main/DEBUG] [net.neoforged.fml.loading.moddiscovery.ModFileParser/LOADING]: Considering mod file candidate 
[20Jul2026 16:47:32.913] [main/DEBUG] [net.neoforged.fml.loading.moddiscovery.ModFileInfo/LOADING]: Found valid mod file fabric-events-interaction-v0-0.7.13+86e0887119.jar with {fabric_events_interaction_v0} mods - versions {0.7.13+86e0887119}
[20Jul2026 16:47:32.913] [main/DEBUG] [net.neoforged.fml.loading.moddiscovery.readers.JarModsDotTomlModFileReader/SCAN]: Found META-INF/neoforge.mods.toml mod of type null: 
[20Jul2026 16:47:32.913] [main/DEBUG] [net.neoforged.fml.loading.moddiscovery.ModFileParser/LOADING]: Considering mod file candidate 
[20Jul2026 16:47:32.914] [main/DEBUG] [net.neoforged.fml.loading.moddiscovery.ModFileInfo/LOADING]: Found valid mod file fabric-item-group-api-v1-4.1.7+e324903319.jar with {fabric_item_group_api_v1} mods - versions {4.1.7+e324903319}
[20Jul2026 16:47:32.914] [main/DEBUG] [net.neoforged.fml.loading.moddiscovery.readers.JarModsDotTomlModFileReader/SCAN]: Found META-INF/neoforge.mods.toml mod of type null: 
[20Jul2026 16:47:32.914] [main/DEBUG] [net.neoforged.fml.loading.moddiscovery.ModFileParser/LOADING]: Considering mod file candidate 
[20Jul2026 16:47:32.914] [main/DEBUG] [net.neoforged.fml.loading.moddiscovery.ModFileInfo/LOADING]: Found valid mod file fabric-convention-tags-v1-2.1.5+7f945d5b19.jar with {fabric_convention_tags_v1} mods - versions {2.1.5+7f945d5b19}
[20Jul2026 16:47:32.916] [main/DEBUG] [net.neoforged.fml.loading.moddiscovery.readers.JarModsDotTomlModFileReader/SCAN]: Found META-INF/neoforge.mods.toml mod of type null: 
[20Jul2026 16:47:32.916] [main/DEBUG] [net.neoforged.fml.loading.moddiscovery.ModFileParser/LOADING]: Considering mod file candidate 
[20Jul2026 16:47:32.916] [main/DEBUG] [net.neoforged.fml.loading.moddiscovery.ModFileInfo/LOADING]: Found valid mod file fabric-biome-api-v1-13.0.31+1e62d33c19.jar with {fabric_biome_api_v1} mods - versions {13.0.31+1e62d33c19}
[20Jul2026 16:47:32.917] [main/DEBUG] [net.neoforged.fml.loading.moddiscovery.readers.JarModsDotTomlModFileReader/SCAN]: Found META-INF/neoforge.mods.toml mod of type null: 
[20Jul2026 16:47:32.917] [main/DEBUG] [net.neoforged.fml.loading.moddiscovery.ModFileParser/LOADING]: Considering mod file candidate 
[20Jul2026 16:47:32.917] [main/DEBUG] [net.neoforged.fml.loading.moddiscovery.ModFileInfo/LOADING]: Found valid mod file fabric-api-base-0.4.42+d1308ded19.jar with {fabric_api_base} mods - versions {0.4.42+d1308ded19}
[20Jul2026 16:47:32.918] [main/DEBUG] [net.neoforged.fml.loading.moddiscovery.readers.JarModsDotTomlModFileReader/SCAN]: Found META-INF/neoforge.mods.toml mod of type null: 
[20Jul2026 16:47:32.918] [main/DEBUG] [net.neoforged.fml.loading.moddiscovery.ModFileParser/LOADING]: Considering mod file candidate 
[20Jul2026 16:47:32.918] [main/DEBUG] [net.neoforged.fml.loading.moddiscovery.ModFileInfo/LOADING]: Found valid mod file fabric-recipe-api-v1-5.0.15+59440bcc19.jar with {fabric_recipe_api_v1} mods - versions {5.0.15+59440bcc19}
[20Jul2026 16:47:32.919] [main/DEBUG] [net.neoforged.fml.loading.moddiscovery.readers.JarModsDotTomlModFileReader/SCAN]: Found META-INF/neoforge.mods.toml mod of type null: 
[20Jul2026 16:47:32.919] [main/DEBUG] [net.neoforged.fml.loading.moddiscovery.ModFileParser/LOADING]: Considering mod file candidate 
[20Jul2026 16:47:32.920] [main/DEBUG] [net.neoforged.fml.loading.moddiscovery.ModFileInfo/LOADING]: Found valid mod file fabric-renderer-indigo-1.7.1+9125b6dc19.jar with {fabric_renderer_indigo} mods - versions {1.7.1+9125b6dc19}
[20Jul2026 16:47:32.920] [main/DEBUG] [net.neoforged.fml.loading.moddiscovery.readers.JarModsDotTomlModFileReader/SCAN]: Found META-INF/neoforge.mods.toml mod of type null: 
[20Jul2026 16:47:32.920] [main/DEBUG] [net.neoforged.fml.loading.moddiscovery.ModFileParser/LOADING]: Considering mod file candidate 
[20Jul2026 16:47:32.920] [main/DEBUG] [net.neoforged.fml.loading.moddiscovery.ModFileInfo/LOADING]: Found valid mod file fabric-transitive-access-wideners-v1-6.2.0+6c854b6f19.jar with {fabric_transitive_access_wideners_v1} mods - versions {6.2.0+6c854b6f19}
[20Jul2026 16:47:32.921] [main/DEBUG] [net.neoforged.fml.loading.moddiscovery.readers.JarModsDotTomlModFileReader/SCAN]: Found META-INF/neoforge.mods.toml mod of type null: 
[20Jul2026 16:47:32.921] [main/DEBUG] [net.neoforged.fml.loading.moddiscovery.ModFileParser/LOADING]: Considering mod file candidate 
[20Jul2026 16:47:32.921] [main/DEBUG] [net.neoforged.fml.loading.moddiscovery.ModFileInfo/LOADING]: Found valid mod file fabric-item-api-v1-11.2.0+0c57911319.jar with {fabric_item_api_v1} mods - versions {11.2.0+0c57911319}
[20Jul2026 16:47:32.922] [main/DEBUG] [net.neoforged.fml.loading.moddiscovery.readers.JarModsDotTomlModFileReader/SCAN]: Found META-INF/neoforge.mods.toml mod of type null: 
[20Jul2026 16:47:32.922] [main/DEBUG] [net.neoforged.fml.loading.moddiscovery.ModFileParser/LOADING]: Considering mod file candidate 
[20Jul2026 16:47:32.922] [main/DEBUG] [net.neoforged.fml.loading.moddiscovery.ModFileInfo/LOADING]: Found valid mod file fabric-block-api-v1-1.1.0+b0c22bb819.jar with {fabric_block_api_v1} mods - versions {1.1.0+b0c22bb819}
[20Jul2026 16:47:32.928] [main/DEBUG] [net.neoforged.fml.loading.moddiscovery.readers.JarModsDotTomlModFileReader/SCAN]: Found META-INF/neoforge.mods.toml mod of type null: 
[20Jul2026 16:47:32.928] [main/DEBUG] [net.neoforged.fml.loading.moddiscovery.ModFileParser/LOADING]: Considering mod file candidate 
[20Jul2026 16:47:32.928] [main/DEBUG] [net.neoforged.fml.loading.moddiscovery.ModFileInfo/LOADING]: Found valid mod file conditional-mixin-neoforge-0.6.4.jar with {conditional_mixin} mods - versions {0.6.4}
[20Jul2026 16:47:32.935] [main/DEBUG] [net.neoforged.fml.loading.moddiscovery.readers.JarModsDotTomlModFileReader/SCAN]: Found META-INF/neoforge.mods.toml mod of type null: 
[20Jul2026 16:47:32.935] [main/DEBUG] [net.neoforged.fml.loading.moddiscovery.ModFileParser/LOADING]: Considering mod file candidate 
[20Jul2026 16:47:32.935] [main/DEBUG] [net.neoforged.fml.loading.moddiscovery.ModFileInfo/LOADING]: Found valid mod file xaerolib-neoforge-1.21-1.0.42.jar with {xaerolib} mods - versions {1.0.42}
[20Jul2026 16:47:32.935] [main/DEBUG] [net.neoforged.fml.loading.moddiscovery.readers.JarModsDotTomlModFileReader/SCAN]: Found META-INF/neoforge.mods.toml mod of type null: 
[20Jul2026 16:47:32.935] [main/DEBUG] [net.neoforged.fml.loading.moddiscovery.ModFileParser/LOADING]: Considering mod file candidate 
[20Jul2026 16:47:32.936] [main/DEBUG] [net.neoforged.fml.loading.moddiscovery.ModFileInfo/LOADING]: Found valid mod file c2me-opts-allocs-mc1.21.1-0.3.0+alpha.0.93.jar with {c2me_opts_allocs} mods - versions {0.3.0+alpha.0.93+1.21.1}
[20Jul2026 16:47:32.936] [main/DEBUG] [net.neoforged.fml.loading.moddiscovery.readers.JarModsDotTomlModFileReader/SCAN]: Found META-INF/neoforge.mods.toml mod of type null: 
[20Jul2026 16:47:32.936] [main/DEBUG] [net.neoforged.fml.loading.moddiscovery.ModFileParser/LOADING]: Considering mod file candidate 
[20Jul2026 16:47:32.936] [main/DEBUG] [net.neoforged.fml.loading.moddiscovery.ModFileInfo/LOADING]: Found valid mod file c2me-fixes-worldgen-vanilla-bugs-mc1.21.1-0.3.0+alpha.0.93.jar with {c2me_fixes_worldgen_vanilla_bugs} mods - versions {0.3.0+alpha.0.93+1.21.1}
[20Jul2026 16:47:32.937] [main/DEBUG] [net.neoforged.fml.loading.moddiscovery.readers.JarModsDotTomlModFileReader/SCAN]: Found META-INF/neoforge.mods.toml mod of type null: 
[20Jul2026 16:47:32.937] [main/DEBUG] [net.neoforged.fml.loading.moddiscovery.ModFileParser/LOADING]: Considering mod file candidate 
[20Jul2026 16:47:32.937] [main/DEBUG] [net.neoforged.fml.loading.moddiscovery.ModFileInfo/LOADING]: Found valid mod file c2me-opts-worldgen-vanilla-mc1.21.1-0.3.0+alpha.0.93.jar with {c2me_opts_worldgen_vanilla} mods - versions {0.3.0+alpha.0.93+1.21.1}
[20Jul2026 16:47:32.937] [main/DEBUG] [net.neoforged.fml.loading.moddiscovery.readers.JarModsDotTomlModFileReader/SCAN]: Found META-INF/neoforge.mods.toml mod of type null: 
[20Jul2026 16:47:32.937] [main/DEBUG] [net.neoforged.fml.loading.moddiscovery.ModFileParser/LOADING]: Considering mod file candidate 
[20Jul2026 16:47:32.937] [main/DEBUG] [net.neoforged.fml.loading.moddiscovery.ModFileInfo/LOADING]: Found valid mod file c2me-server-utils-mc1.21.1-0.3.0+alpha.0.93.jar with {c2me_server_utils} mods - versions {0.3.0+alpha.0.93+1.21.1}
[20Jul2026 16:47:32.938] [main/DEBUG] [net.neoforged.fml.loading.moddiscovery.readers.JarModsDotTomlModFileReader/SCAN]: Found META-INF/neoforge.mods.toml mod of type null: 
[20Jul2026 16:47:32.938] [main/DEBUG] [net.neoforged.fml.loading.moddiscovery.ModFileParser/LOADING]: Considering mod file candidate 
[20Jul2026 16:47:32.938] [main/DEBUG] [net.neoforged.fml.loading.moddiscovery.ModFileInfo/LOADING]: Found valid mod file c2me-fixes-chunkio-threading-issues-mc1.21.1-0.3.0+alpha.0.93.jar with {c2me_fixes_chunkio_threading_issues} mods - versions {0.3.0+alpha.0.93+1.21.1}
[20Jul2026 16:47:32.939] [main/DEBUG] [net.neoforged.fml.loading.moddiscovery.readers.JarModsDotTomlModFileReader/SCAN]: Found META-INF/neoforge.mods.toml mod of type null: 
[20Jul2026 16:47:32.939] [main/DEBUG] [net.neoforged.fml.loading.moddiscovery.ModFileParser/LOADING]: Considering mod file candidate 
[20Jul2026 16:47:32.939] [main/DEBUG] [net.neoforged.fml.loading.moddiscovery.ModFileInfo/LOADING]: Found valid mod file c2me-threading-lighting-mc1.21.1-0.3.0+alpha.0.93.jar with {c2me_threading_lighting} mods - versions {0.3.0+alpha.0.93+1.21.1}
[20Jul2026 16:47:32.939] [main/DEBUG] [net.neoforged.fml.loading.moddiscovery.readers.JarModsDotTomlModFileReader/SCAN]: Found META-INF/neoforge.mods.toml mod of type null: 
[20Jul2026 16:47:32.939] [main/DEBUG] [net.neoforged.fml.loading.moddiscovery.ModFileParser/LOADING]: Considering mod file candidate 
[20Jul2026 16:47:32.940] [main/DEBUG] [net.neoforged.fml.loading.moddiscovery.ModFileInfo/LOADING]: Found valid mod file c2me-opts-math-mc1.21.1-0.3.0+alpha.0.93.jar with {c2me_opts_math} mods - versions {0.3.0+alpha.0.93+1.21.1}
[20Jul2026 16:47:32.940] [main/DEBUG] [net.neoforged.fml.loading.moddiscovery.readers.JarModsDotTomlModFileReader/SCAN]: Found META-INF/neoforge.mods.toml mod of type null: 
[20Jul2026 16:47:32.940] [main/DEBUG] [net.neoforged.fml.loading.moddiscovery.ModFileParser/LOADING]: Considering mod file candidate 
[20Jul2026 16:47:32.940] [main/DEBUG] [net.neoforged.fml.loading.moddiscovery.ModFileInfo/LOADING]: Found valid mod file c2me-client-uncapvd-mc1.21.1-0.3.0+alpha.0.93.jar with {c2me_client_uncapvd} mods - versions {0.3.0+alpha.0.93+1.21.1}
[20Jul2026 16:47:32.940] [main/DEBUG] [net.neoforged.fml.loading.moddiscovery.readers.JarModsDotTomlModFileReader/SCAN]: Found META-INF/neoforge.mods.toml mod of type null: 
[20Jul2026 16:47:32.940] [main/DEBUG] [net.neoforged.fml.loading.moddiscovery.ModFileParser/LOADING]: Considering mod file candidate 
[20Jul2026 16:47:32.941] [main/DEBUG] [net.neoforged.fml.loading.moddiscovery.ModFileInfo/LOADING]: Found valid mod file c2me-opts-worldgen-general-mc1.21.1-0.3.0+alpha.0.93.jar with {c2me_opts_worldgen_general} mods - versions {0.3.0+alpha.0.93+1.21.1}
[20Jul2026 16:47:32.941] [main/DEBUG] [net.neoforged.fml.loading.moddiscovery.readers.JarModsDotTomlModFileReader/SCAN]: Found META-INF/neoforge.mods.toml mod of type null: 
[20Jul2026 16:47:32.941] [main/DEBUG] [net.neoforged.fml.loading.moddiscovery.ModFileParser/LOADING]: Considering mod file candidate 
[20Jul2026 16:47:32.941] [main/DEBUG] [net.neoforged.fml.loading.moddiscovery.ModFileInfo/LOADING]: Found valid mod file c2me-opts-scheduling-mc1.21.1-0.3.0+alpha.0.93.jar with {c2me_opts_scheduling} mods - versions {0.3.0+alpha.0.93+1.21.1}
[20Jul2026 16:47:32.942] [main/DEBUG] [net.neoforged.fml.loading.moddiscovery.readers.JarModsDotTomlModFileReader/SCAN]: Found META-INF/neoforge.mods.toml mod of type null: 
[20Jul2026 16:47:32.942] [main/DEBUG] [net.neoforged.fml.loading.moddiscovery.ModFileParser/LOADING]: Considering mod file candidate 
[20Jul2026 16:47:32.942] [main/DEBUG] [net.neoforged.fml.loading.moddiscovery.ModFileInfo/LOADING]: Found valid mod file c2me-rewrites-chunk-serializer-mc1.21.1-0.3.0+alpha.0.93.jar with {c2me_rewrites_chunk_serializer} mods - versions {0.3.0+alpha.0.93+1.21.1}
[20Jul2026 16:47:32.949] [main/DEBUG] [net.neoforged.fml.loading.moddiscovery.readers.JarModsDotTomlModFileReader/SCAN]: Found META-INF/neoforge.mods.toml mod of type null: 
[20Jul2026 16:47:32.949] [main/DEBUG] [net.neoforged.fml.loading.moddiscovery.ModFileParser/LOADING]: Considering mod file candidate 
[20Jul2026 16:47:32.950] [main/DEBUG] [net.neoforged.fml.loading.moddiscovery.ModFileInfo/LOADING]: Found valid mod file c2me-opts-natives-math-mc1.21.1-0.3.0+alpha.0.93.jar with {c2me_opts_natives_math} mods - versions {0.3.0+alpha.0.93+1.21.1}
[20Jul2026 16:47:32.952] [main/DEBUG] [net.neoforged.fml.loading.moddiscovery.readers.JarModsDotTomlModFileReader/SCAN]: Found META-INF/neoforge.mods.toml mod of type null: 
[20Jul2026 16:47:32.952] [main/DEBUG] [net.neoforged.fml.loading.moddiscovery.ModFileParser/LOADING]: Considering mod file candidate 
[20Jul2026 16:47:32.952] [main/DEBUG] [net.neoforged.fml.loading.moddiscovery.ModFileInfo/LOADING]: Found valid mod file c2me-fixes-worldgen-threading-issues-mc1.21.1-0.3.0+alpha.0.93.jar with {c2me_fixes_worldgen_threading_issues} mods - versions {0.3.0+alpha.0.93+1.21.1}
[20Jul2026 16:47:32.953] [main/DEBUG] [net.neoforged.fml.loading.moddiscovery.readers.JarModsDotTomlModFileReader/SCAN]: Found META-INF/neoforge.mods.toml mod of type null: 
[20Jul2026 16:47:32.953] [main/DEBUG] [net.neoforged.fml.loading.moddiscovery.ModFileParser/LOADING]: Considering mod file candidate 
[20Jul2026 16:47:32.953] [main/DEBUG] [net.neoforged.fml.loading.moddiscovery.ModFileInfo/LOADING]: Found valid mod file c2me-rewrites-chunkio-mc1.21.1-0.3.0+alpha.0.93.jar with {c2me_rewrites_chunkio} mods - versions {0.3.0+alpha.0.93+1.21.1}
[20Jul2026 16:47:32.953] [main/DEBUG] [net.neoforged.fml.loading.moddiscovery.readers.JarModsDotTomlModFileReader/SCAN]: Found META-INF/neoforge.mods.toml mod of type null: 
[20Jul2026 16:47:32.953] [main/DEBUG] [net.neoforged.fml.loading.moddiscovery.ModFileParser/LOADING]: Considering mod file candidate 
[20Jul2026 16:47:32.954] [main/DEBUG] [net.neoforged.fml.loading.moddiscovery.ModFileInfo/LOADING]: Found valid mod file c2me-opts-chunkio-mc1.21.1-0.3.0+alpha.0.93.jar with {c2me_opts_chunkio} mods - versions {0.3.0+alpha.0.93+1.21.1}
[20Jul2026 16:47:32.956] [main/DEBUG] [net.neoforged.fml.loading.moddiscovery.readers.JarModsDotTomlModFileReader/SCAN]: Found META-INF/neoforge.mods.toml mod of type null: 
[20Jul2026 16:47:32.956] [main/DEBUG] [net.neoforged.fml.loading.moddiscovery.ModFileParser/LOADING]: Considering mod file candidate 
[20Jul2026 16:47:32.956] [main/DEBUG] [net.neoforged.fml.loading.moddiscovery.ModFileInfo/LOADING]: Found valid mod file c2me-base-mc1.21.1-0.3.0+alpha.0.93-all.jar with {c2me_base} mods - versions {0.3.0+alpha.0.93+1.21.1}
[20Jul2026 16:47:32.958] [main/DEBUG] [net.neoforged.fml.loading.moddiscovery.readers.JarModsDotTomlModFileReader/SCAN]: Found META-INF/neoforge.mods.toml mod of type null: 
[20Jul2026 16:47:32.958] [main/DEBUG] [net.neoforged.fml.loading.moddiscovery.ModFileParser/LOADING]: Considering mod file candidate 
[20Jul2026 16:47:32.958] [main/DEBUG] [net.neoforged.fml.loading.moddiscovery.ModFileInfo/LOADING]: Found valid mod file c2me-rewrites-chunk-system-mc1.21.1-0.3.0+alpha.0.93.jar with {c2me_rewrites_chunk_system} mods - versions {0.3.0+alpha.0.93+1.21.1}
[20Jul2026 16:47:32.960] [main/DEBUG] [net.neoforged.fml.loading.moddiscovery.readers.JarModsDotTomlModFileReader/SCAN]: Found META-INF/neoforge.mods.toml mod of type null: 
[20Jul2026 16:47:32.960] [main/DEBUG] [net.neoforged.fml.loading.moddiscovery.ModFileParser/LOADING]: Considering mod file candidate 
[20Jul2026 16:47:32.960] [main/DEBUG] [net.neoforged.fml.loading.moddiscovery.ModFileInfo/LOADING]: Found valid mod file c2me-opts-dfc-mc1.21.1-0.3.0+alpha.0.93.jar with {c2me_opts_dfc} mods - versions {0.3.0+alpha.0.93+1.21.1}
[20Jul2026 16:47:32.961] [main/DEBUG] [net.neoforged.fml.loading.moddiscovery.readers.JarModsDotTomlModFileReader/SCAN]: Found META-INF/neoforge.mods.toml mod of type null: 
[20Jul2026 16:47:32.961] [main/DEBUG] [net.neoforged.fml.loading.moddiscovery.ModFileParser/LOADING]: Considering mod file candidate 
[20Jul2026 16:47:32.961] [main/DEBUG] [net.neoforged.fml.loading.moddiscovery.ModFileInfo/LOADING]: Found valid mod file c2me-notickvd-mc1.21.1-0.3.0+alpha.0.93.jar with {c2me_notickvd} mods - versions {0.3.0+alpha.0.93+1.21.1}
[20Jul2026 16:47:32.961] [main/DEBUG] [net.neoforged.fml.loading.moddiscovery.readers.JarModsDotTomlModFileReader/SCAN]: Found META-INF/neoforge.mods.toml mod of type null: 
[20Jul2026 16:47:32.961] [main/DEBUG] [net.neoforged.fml.loading.moddiscovery.ModFileParser/LOADING]: Considering mod file candidate 
[20Jul2026 16:47:32.961] [main/DEBUG] [net.neoforged.fml.loading.moddiscovery.ModFileInfo/LOADING]: Found valid mod file c2me-fixes-general-threading-issues-mc1.21.1-0.3.0+alpha.0.93.jar with {c2me_fixes_general_threading_issues} mods - versions {0.3.0+alpha.0.93+1.21.1}
[20Jul2026 16:47:32.989] [main/DEBUG] [net.neoforged.fml.loading.moddiscovery.readers.JarModsDotTomlModFileReader/SCAN]: Found META-INF/MANIFEST.MF mod of type GAMELIBRARY: 
[20Jul2026 16:47:33.003] [main/DEBUG] [net.neoforged.fml.loading.moddiscovery.readers.JarModsDotTomlModFileReader/SCAN]: Found META-INF/MANIFEST.MF mod of type GAMELIBRARY: 
[20Jul2026 16:47:33.003] [main/DEBUG] [net.neoforged.fml.loading.moddiscovery.readers.JarModsDotTomlModFileReader/SCAN]: Found META-INF/MANIFEST.MF mod of type LIBRARY: 
[20Jul2026 16:47:33.077] [main/DEBUG] [net.neoforged.fml.loading.moddiscovery.readers.JarModsDotTomlModFileReader/SCAN]: Found META-INF/MANIFEST.MF mod of type LIBRARY: 
[20Jul2026 16:47:33.078] [main/DEBUG] [net.neoforged.fml.loading.moddiscovery.readers.JarModsDotTomlModFileReader/SCAN]: Found META-INF/MANIFEST.MF mod of type GAMELIBRARY: 
[20Jul2026 16:47:33.078] [main/DEBUG] [net.neoforged.fml.loading.moddiscovery.readers.JarModsDotTomlModFileReader/SCAN]: Found META-INF/neoforge.mods.toml mod of type null: 
[20Jul2026 16:47:33.078] [main/DEBUG] [net.neoforged.fml.loading.moddiscovery.ModFileParser/LOADING]: Considering mod file candidate 
[20Jul2026 16:47:33.079] [main/DEBUG] [net.neoforged.fml.loading.moddiscovery.ModFileInfo/LOADING]: Found valid mod file thedarkcolour.kffmod-5.11.0.jar with {kotlinforforge} mods - versions {5.11.0}
[20Jul2026 16:47:33.098] [main/DEBUG] [net.neoforged.fml.loading.moddiscovery.readers.JarModsDotTomlModFileReader/SCAN]: Found META-INF/MANIFEST.MF mod of type GAMELIBRARY: 
[20Jul2026 16:47:33.098] [main/DEBUG] [net.neoforged.fml.loading.moddiscovery.readers.JarModsDotTomlModFileReader/SCAN]: Found META-INF/neoforge.mods.toml mod of type null: 
[20Jul2026 16:47:33.098] [main/DEBUG] [net.neoforged.fml.loading.moddiscovery.ModFileParser/LOADING]: Considering mod file candidate 
[20Jul2026 16:47:33.099] [main/DEBUG] [net.neoforged.fml.loading.moddiscovery.ModFileInfo/LOADING]: Found valid mod file conditional-mixin-neoforge-0.6.4.jar with {conditional_mixin} mods - versions {0.6.4}
[20Jul2026 16:47:33.099] [main/DEBUG] [net.neoforged.fml.loading.moddiscovery.readers.JarModsDotTomlModFileReader/SCAN]: Found META-INF/MANIFEST.MF mod of type GAMELIBRARY: 
[20Jul2026 16:47:33.100] [main/DEBUG] [net.neoforged.fml.loading.moddiscovery.readers.JarModsDotTomlModFileReader/SCAN]: Found META-INF/neoforge.mods.toml mod of type null: 
[20Jul2026 16:47:33.100] [main/DEBUG] [net.neoforged.fml.loading.moddiscovery.ModFileParser/LOADING]: Considering mod file candidate 
[20Jul2026 16:47:33.100] [main/DEBUG] [net.neoforged.fml.loading.moddiscovery.ModFileInfo/LOADING]: Found valid mod file sable-companion-common-1.21.1-1.6.0.jar with {sablecompanion} mods - versions {1.6.0}
[20Jul2026 16:47:33.151] [main/DEBUG] [net.neoforged.fml.loading.moddiscovery.readers.JarModsDotTomlModFileReader/SCAN]: Found META-INF/neoforge.mods.toml mod of type null: 
[20Jul2026 16:47:33.151] [main/DEBUG] [net.neoforged.fml.loading.moddiscovery.ModFileParser/LOADING]: Considering mod file candidate 
[20Jul2026 16:47:33.151] [main/DEBUG] [net.neoforged.fml.loading.moddiscovery.ModFileInfo/LOADING]: Found valid mod file dev.eriksonn.aeronautics.aeronautics-neoforge-1.21.1-1.3.0.jar with {aeronautics} mods - versions {1.3.0}
[20Jul2026 16:47:33.156] [main/DEBUG] [net.neoforged.fml.loading.moddiscovery.readers.JarModsDotTomlModFileReader/SCAN]: Found META-INF/neoforge.mods.toml mod of type null: 
[20Jul2026 16:47:33.156] [main/DEBUG] [net.neoforged.fml.loading.moddiscovery.ModFileParser/LOADING]: Considering mod file candidate 
[20Jul2026 16:47:33.156] [main/DEBUG] [net.neoforged.fml.loading.moddiscovery.ModFileInfo/LOADING]: Found valid mod file dev.ryanhcode.offroad.offroad-neoforge-1.21.1-1.3.0.jar with {offroad} mods - versions {1.3.0}
[20Jul2026 16:47:33.196] [main/DEBUG] [net.neoforged.fml.loading.moddiscovery.readers.JarModsDotTomlModFileReader/SCAN]: Found META-INF/neoforge.mods.toml mod of type null: 
[20Jul2026 16:47:33.196] [main/DEBUG] [net.neoforged.fml.loading.moddiscovery.ModFileParser/LOADING]: Considering mod file candidate 
[20Jul2026 16:47:33.196] [main/DEBUG] [net.neoforged.fml.loading.moddiscovery.ModFileInfo/LOADING]: Found valid mod file dev.simulated_team.simulated.simulated-neoforge-1.21.1-1.3.0.jar with {simulated} mods - versions {1.3.0}
[20Jul2026 16:47:33.198] [main/DEBUG] [net.neoforged.fml.loading.moddiscovery.readers.JarModsDotTomlModFileReader/SCAN]: Found META-INF/MANIFEST.MF mod of type GAMELIBRARY: 
[20Jul2026 16:47:33.208] [main/DEBUG] [net.neoforged.fml.loading.moddiscovery.readers.JarModsDotTomlModFileReader/SCAN]: Found META-INF/neoforge.mods.toml mod of type null: 
[20Jul2026 16:47:33.208] [main/DEBUG] [net.neoforged.fml.loading.moddiscovery.ModFileParser/LOADING]: Considering mod file candidate 
[20Jul2026 16:47:33.208] [main/DEBUG] [net.neoforged.fml.loading.moddiscovery.ModFileInfo/LOADING]: Found valid mod file flywheel-neoforge-1.21.1-1.0.6.jar with {flywheel} mods - versions {1.0.6}
[20Jul2026 16:47:33.216] [main/DEBUG] [net.neoforged.fml.loading.moddiscovery.readers.JarModsDotTomlModFileReader/SCAN]: Found META-INF/neoforge.mods.toml mod of type null: 
[20Jul2026 16:47:33.216] [main/DEBUG] [net.neoforged.fml.loading.moddiscovery.ModFileParser/LOADING]: Considering mod file candidate 
[20Jul2026 16:47:33.217] [main/DEBUG] [net.neoforged.fml.loading.moddiscovery.ModFileInfo/LOADING]: Found valid mod file ponder-neoforge-1.0.82+mc1.21.1.jar with {ponder} mods - versions {1.0.82+mc1.21.1}
[20Jul2026 16:47:33.217] [main/DEBUG] [net.neoforged.fml.loading.moddiscovery.readers.JarModsDotTomlModFileReader/SCAN]: Found META-INF/neoforge.mods.toml mod of type null: 
[20Jul2026 16:47:33.217] [main/DEBUG] [net.neoforged.fml.loading.moddiscovery.ModFileParser/LOADING]: Considering mod file candidate 
[20Jul2026 16:47:33.217] [main/DEBUG] [net.neoforged.fml.loading.moddiscovery.ModFileInfo/LOADING]: Found valid mod file sable-companion-common-1.21.1-1.5.0.jar with {sablecompanion} mods - versions {1.5.0}
[20Jul2026 16:47:33.254] [main/DEBUG] [net.neoforged.fml.loading.moddiscovery.readers.JarModsDotTomlModFileReader/SCAN]: Found META-INF/MANIFEST.MF mod of type LIBRARY: 
[20Jul2026 16:47:33.256] [main/TRACE] [net.neoforged.fml.loading.moddiscovery.locators.JarInJarDependencyLocator/]: Failed to load resource META-INF/jarjar/metadata.json from biolith-neoforge-3.0.10.jar, it does not contain dependency information.
[20Jul2026 16:47:33.256] [main/TRACE] [net.neoforged.fml.loading.moddiscovery.locators.JarInJarDependencyLocator/]: Failed to load resource META-INF/jarjar/metadata.json from sable-companion-common-1.21.1-1.6.0.jar, it does not contain dependency information.
[20Jul2026 16:47:33.268] [main/DEBUG] [net.neoforged.fml.loading.moddiscovery.readers.JarModsDotTomlModFileReader/SCAN]: Found META-INF/MANIFEST.MF mod of type LIBRARY: 
[20Jul2026 16:47:33.268] [main/TRACE] [net.neoforged.fml.loading.moddiscovery.locators.JarInJarDependencyLocator/]: Failed to load resource META-INF/jarjar/metadata.json from mixinextras-neoforge-0.4.1.jar, it does not contain dependency information.
[20Jul2026 16:47:33.268] [main/TRACE] [net.neoforged.fml.loading.moddiscovery.locators.JarInJarDependencyLocator/]: Failed to load resource META-INF/jarjar/metadata.json from tomlkt-jvm-0.3.7.jar, it does not contain dependency information.
[20Jul2026 16:47:33.268] [main/TRACE] [net.neoforged.fml.loading.moddiscovery.locators.JarInJarDependencyLocator/]: Failed to load resource META-INF/jarjar/metadata.json from jankson-1.2.3.jar, it does not contain dependency information.
[20Jul2026 16:47:33.270] [main/DEBUG] [net.neoforged.fml.loading.moddiscovery.readers.JarModsDotTomlModFileReader/SCAN]: Found META-INF/neoforge.mods.toml mod of type null: 
[20Jul2026 16:47:33.270] [main/DEBUG] [net.neoforged.fml.loading.moddiscovery.ModFileParser/LOADING]: Considering mod file candidate 
[20Jul2026 16:47:33.270] [main/DEBUG] [net.neoforged.fml.loading.moddiscovery.ModFileInfo/LOADING]: Found valid mod file fabric-particles-v1-4.0.2+824f924c19.jar with {fabric_particles_v1} mods - versions {4.0.2+824f924c19}
[20Jul2026 16:47:33.271] [main/DEBUG] [net.neoforged.fml.loading.moddiscovery.readers.JarModsDotTomlModFileReader/SCAN]: Found META-INF/neoforge.mods.toml mod of type null: 
[20Jul2026 16:47:33.271] [main/DEBUG] [net.neoforged.fml.loading.moddiscovery.ModFileParser/LOADING]: Considering mod file candidate 
[20Jul2026 16:47:33.271] [main/DEBUG] [net.neoforged.fml.loading.moddiscovery.ModFileInfo/LOADING]: Found valid mod file fabric-screen-api-v1-2.0.25+4228281319.jar with {fabric_screen_api_v1} mods - versions {2.0.25+4228281319}
[20Jul2026 16:47:33.272] [main/DEBUG] [net.neoforged.fml.loading.moddiscovery.readers.JarModsDotTomlModFileReader/SCAN]: Found META-INF/neoforge.mods.toml mod of type null: 
[20Jul2026 16:47:33.272] [main/DEBUG] [net.neoforged.fml.loading.moddiscovery.ModFileParser/LOADING]: Considering mod file candidate 
[20Jul2026 16:47:33.272] [main/DEBUG] [net.neoforged.fml.loading.moddiscovery.ModFileInfo/LOADING]: Found valid mod file fabric-game-rule-api-v1-1.0.53+36d727be19.jar with {fabric_game_rule_api_v1} mods - versions {1.0.53+36d727be19}
[20Jul2026 16:47:33.273] [main/DEBUG] [net.neoforged.fml.loading.moddiscovery.readers.JarModsDotTomlModFileReader/SCAN]: Found META-INF/neoforge.mods.toml mod of type null: 
[20Jul2026 16:47:33.273] [main/DEBUG] [net.neoforged.fml.loading.moddiscovery.ModFileParser/LOADING]: Considering mod file candidate 
[20Jul2026 16:47:33.273] [main/DEBUG] [net.neoforged.fml.loading.moddiscovery.ModFileInfo/LOADING]: Found valid mod file fabric-renderer-indigo-1.7.0+4198af7119.jar with {fabric_renderer_indigo} mods - versions {1.7.0+4198af7119}
[20Jul2026 16:47:33.274] [main/DEBUG] [net.neoforged.fml.loading.moddiscovery.readers.JarModsDotTomlModFileReader/SCAN]: Found META-INF/neoforge.mods.toml mod of type null: 
[20Jul2026 16:47:33.274] [main/DEBUG] [net.neoforged.fml.loading.moddiscovery.ModFileParser/LOADING]: Considering mod file candidate 
[20Jul2026 16:47:33.274] [main/DEBUG] [net.neoforged.fml.loading.moddiscovery.ModFileInfo/LOADING]: Found valid mod file fabric-command-api-v2-2.2.28+36d727be19.jar with {fabric_command_api_v2} mods - versions {2.2.28+36d727be19}
[20Jul2026 16:47:33.274] [main/DEBUG] [net.neoforged.fml.loading.moddiscovery.readers.JarModsDotTomlModFileReader/SCAN]: Found META-INF/neoforge.mods.toml mod of type null: 
[20Jul2026 16:47:33.274] [main/DEBUG] [net.neoforged.fml.loading.moddiscovery.ModFileParser/LOADING]: Considering mod file candidate 
[20Jul2026 16:47:33.275] [main/DEBUG] [net.neoforged.fml.loading.moddiscovery.ModFileInfo/LOADING]: Found valid mod file fabric-key-binding-api-v1-1.0.47+62cc7ce119.jar with {fabric_key_binding_api_v1} mods - versions {1.0.47+62cc7ce119}
[20Jul2026 16:47:33.275] [main/DEBUG] [net.neoforged.fml.loading.moddiscovery.readers.JarModsDotTomlModFileReader/SCAN]: Found META-INF/neoforge.mods.toml mod of type null: 
[20Jul2026 16:47:33.275] [main/DEBUG] [net.neoforged.fml.loading.moddiscovery.ModFileParser/LOADING]: Considering mod file candidate 
[20Jul2026 16:47:33.275] [main/DEBUG] [net.neoforged.fml.loading.moddiscovery.ModFileInfo/LOADING]: Found valid mod file fabric-screen-handler-api-v1-1.3.88+8dbc56dd19.jar with {fabric_screen_handler_api_v1} mods - versions {1.3.88+8dbc56dd19}
[20Jul2026 16:47:33.276] [main/DEBUG] [net.neoforged.fml.loading.moddiscovery.readers.JarModsDotTomlModFileReader/SCAN]: Found META-INF/neoforge.mods.toml mod of type null: 
[20Jul2026 16:47:33.276] [main/DEBUG] [net.neoforged.fml.loading.moddiscovery.ModFileParser/LOADING]: Considering mod file candidate 
[20Jul2026 16:47:33.276] [main/DEBUG] [net.neoforged.fml.loading.moddiscovery.ModFileInfo/LOADING]: Found valid mod file fabric-item-group-api-v1-4.1.7+e324903319.jar with {fabric_item_group_api_v1} mods - versions {4.1.7+e324903319}
[20Jul2026 16:47:33.277] [main/DEBUG] [net.neoforged.fml.loading.moddiscovery.readers.JarModsDotTomlModFileReader/SCAN]: Found META-INF/neoforge.mods.toml mod of type null: 
[20Jul2026 16:47:33.277] [main/DEBUG] [net.neoforged.fml.loading.moddiscovery.ModFileParser/LOADING]: Considering mod file candidate 
[20Jul2026 16:47:33.277] [main/DEBUG] [net.neoforged.fml.loading.moddiscovery.ModFileInfo/LOADING]: Found valid mod file fabric-entity-events-v1-1.7.0+1af6e62419.jar with {fabric_entity_events_v1} mods - versions {1.7.0+1af6e62419}
[20Jul2026 16:47:33.278] [main/DEBUG] [net.neoforged.fml.loading.moddiscovery.readers.JarModsDotTomlModFileReader/SCAN]: Found META-INF/neoforge.mods.toml mod of type null: 
[20Jul2026 16:47:33.278] [main/DEBUG] [net.neoforged.fml.loading.moddiscovery.ModFileParser/LOADING]: Considering mod file candidate 
[20Jul2026 16:47:33.278] [main/DEBUG] [net.neoforged.fml.loading.moddiscovery.ModFileInfo/LOADING]: Found valid mod file fabric-object-builder-api-v1-15.2.1+cc242efd19.jar with {fabric_object_builder_api_v1} mods - versions {15.2.1+cc242efd19}
[20Jul2026 16:47:33.279] [main/DEBUG] [net.neoforged.fml.loading.moddiscovery.readers.JarModsDotTomlModFileReader/SCAN]: Found META-INF/neoforge.mods.toml mod of type null: 
[20Jul2026 16:47:33.279] [main/DEBUG] [net.neoforged.fml.loading.moddiscovery.ModFileParser/LOADING]: Considering mod file candidate 
[20Jul2026 16:47:33.279] [main/DEBUG] [net.neoforged.fml.loading.moddiscovery.ModFileInfo/LOADING]: Found valid mod file fabric-data-attachment-api-v1-1.4.3+58235da019.jar with {fabric_data_attachment_api_v1} mods - versions {1.4.3+58235da019}
[20Jul2026 16:47:33.281] [main/DEBUG] [net.neoforged.fml.loading.moddiscovery.readers.JarModsDotTomlModFileReader/SCAN]: Found META-INF/neoforge.mods.toml mod of type null: 
[20Jul2026 16:47:33.281] [main/DEBUG] [net.neoforged.fml.loading.moddiscovery.ModFileParser/LOADING]: Considering mod file candidate 
[20Jul2026 16:47:33.281] [main/DEBUG] [net.neoforged.fml.loading.moddiscovery.ModFileInfo/LOADING]: Found valid mod file fabric-resource-loader-v0-1.3.1+4ea8954419.jar with {fabric_resource_loader_v0} mods - versions {1.3.1+4ea8954419}
[20Jul2026 16:47:33.282] [main/DEBUG] [net.neoforged.fml.loading.moddiscovery.readers.JarModsDotTomlModFileReader/SCAN]: Found META-INF/neoforge.mods.toml mod of type null: 
[20Jul2026 16:47:33.282] [main/DEBUG] [net.neoforged.fml.loading.moddiscovery.ModFileParser/LOADING]: Considering mod file candidate 
[20Jul2026 16:47:33.282] [main/DEBUG] [net.neoforged.fml.loading.moddiscovery.ModFileInfo/LOADING]: Found valid mod file fabric-renderer-api-v1-3.4.0+9c40919e19.jar with {fabric_renderer_api_v1} mods - versions {3.4.0+9c40919e19}
[20Jul2026 16:47:33.282] [main/DEBUG] [net.neoforged.fml.loading.moddiscovery.readers.JarModsDotTomlModFileReader/SCAN]: Found META-INF/neoforge.mods.toml mod of type null: 
[20Jul2026 16:47:33.282] [main/DEBUG] [net.neoforged.fml.loading.moddiscovery.ModFileParser/LOADING]: Considering mod file candidate 
[20Jul2026 16:47:33.282] [main/DEBUG] [net.neoforged.fml.loading.moddiscovery.ModFileInfo/LOADING]: Found valid mod file fabric-api-base-0.4.42+d1308ded19.jar with {fabric_api_base} mods - versions {0.4.42+d1308ded19}
[20Jul2026 16:47:33.284] [main/DEBUG] [net.neoforged.fml.loading.moddiscovery.readers.JarModsDotTomlModFileReader/SCAN]: Found META-INF/neoforge.mods.toml mod of type null: 
[20Jul2026 16:47:33.284] [main/DEBUG] [net.neoforged.fml.loading.moddiscovery.ModFileParser/LOADING]: Considering mod file candidate 
[20Jul2026 16:47:33.284] [main/DEBUG] [net.neoforged.fml.loading.moddiscovery.ModFileInfo/LOADING]: Found valid mod file fabric-data-generation-api-v1-20.2.28+2d91a6db19.jar with {fabric_data_generation_api_v1} mods - versions {20.2.28+2d91a6db19}
[20Jul2026 16:47:33.285] [main/DEBUG] [net.neoforged.fml.loading.moddiscovery.readers.JarModsDotTomlModFileReader/SCAN]: Found META-INF/neoforge.mods.toml mod of type null: 
[20Jul2026 16:47:33.285] [main/DEBUG] [net.neoforged.fml.loading.moddiscovery.ModFileParser/LOADING]: Considering mod file candidate 
[20Jul2026 16:47:33.285] [main/DEBUG] [net.neoforged.fml.loading.moddiscovery.ModFileInfo/LOADING]: Found valid mod file fabric-item-api-v1-11.1.1+57cdfa8219.jar with {fabric_item_api_v1} mods - versions {11.1.1+57cdfa8219}
[20Jul2026 16:47:33.287] [main/DEBUG] [net.neoforged.fml.loading.moddiscovery.readers.JarModsDotTomlModFileReader/SCAN]: Found META-INF/neoforge.mods.toml mod of type null: 
[20Jul2026 16:47:33.287] [main/DEBUG] [net.neoforged.fml.loading.moddiscovery.ModFileParser/LOADING]: Considering mod file candidate 
[20Jul2026 16:47:33.287] [main/DEBUG] [net.neoforged.fml.loading.moddiscovery.ModFileInfo/LOADING]: Found valid mod file fabric-convention-tags-v2-2.11.0+87e5848019.jar with {fabric_convention_tags_v2} mods - versions {2.11.0+87e5848019}
[20Jul2026 16:47:33.289] [main/DEBUG] [net.neoforged.fml.loading.moddiscovery.readers.JarModsDotTomlModFileReader/SCAN]: Found META-INF/neoforge.mods.toml mod of type null: 
[20Jul2026 16:47:33.289] [main/DEBUG] [net.neoforged.fml.loading.moddiscovery.ModFileParser/LOADING]: Considering mod file candidate 
[20Jul2026 16:47:33.290] [main/DEBUG] [net.neoforged.fml.loading.moddiscovery.ModFileInfo/LOADING]: Found valid mod file fabric-networking-api-v1-4.3.0+4f690eb619.jar with {fabric_networking_api_v1} mods - versions {4.3.0+4f690eb619}
[20Jul2026 16:47:33.290] [main/DEBUG] [net.neoforged.fml.loading.moddiscovery.readers.JarModsDotTomlModFileReader/SCAN]: Found META-INF/neoforge.mods.toml mod of type null: 
[20Jul2026 16:47:33.290] [main/DEBUG] [net.neoforged.fml.loading.moddiscovery.ModFileParser/LOADING]: Considering mod file candidate 
[20Jul2026 16:47:33.291] [main/DEBUG] [net.neoforged.fml.loading.moddiscovery.ModFileInfo/LOADING]: Found valid mod file fabric-resource-conditions-api-v1-4.3.0+5bdd099819.jar with {fabric_resource_conditions_api_v1} mods - versions {4.3.0+5bdd099819}
[20Jul2026 16:47:33.291] [main/DEBUG] [net.neoforged.fml.loading.moddiscovery.readers.JarModsDotTomlModFileReader/SCAN]: Found META-INF/neoforge.mods.toml mod of type null: 
[20Jul2026 16:47:33.291] [main/DEBUG] [net.neoforged.fml.loading.moddiscovery.ModFileParser/LOADING]: Considering mod file candidate 
[20Jul2026 16:47:33.292] [main/DEBUG] [net.neoforged.fml.loading.moddiscovery.ModFileInfo/LOADING]: Found valid mod file fabric-events-interaction-v0-0.7.13+7b71cc1619.jar with {fabric_events_interaction_v0} mods - versions {0.7.13+7b71cc1619}
[20Jul2026 16:47:33.292] [main/DEBUG] [net.neoforged.fml.loading.moddiscovery.readers.JarModsDotTomlModFileReader/SCAN]: Found META-INF/neoforge.mods.toml mod of type null: 
[20Jul2026 16:47:33.292] [main/DEBUG] [net.neoforged.fml.loading.moddiscovery.ModFileParser/LOADING]: Considering mod file candidate 
[20Jul2026 16:47:33.292] [main/DEBUG] [net.neoforged.fml.loading.moddiscovery.ModFileInfo/LOADING]: Found valid mod file fabric-convention-tags-v1-2.1.4+7f945d5b19.jar with {fabric_convention_tags_v1} mods - versions {2.1.4+7f945d5b19}
[20Jul2026 16:47:33.293] [main/DEBUG] [net.neoforged.fml.loading.moddiscovery.readers.JarModsDotTomlModFileReader/SCAN]: Found META-INF/neoforge.mods.toml mod of type null: 
[20Jul2026 16:47:33.293] [main/DEBUG] [net.neoforged.fml.loading.moddiscovery.ModFileParser/LOADING]: Considering mod file candidate 
[20Jul2026 16:47:33.293] [main/DEBUG] [net.neoforged.fml.loading.moddiscovery.ModFileInfo/LOADING]: Found valid mod file fabric-rendering-fluids-v1-3.1.6+857185bc19.jar with {fabric_rendering_fluids_v1} mods - versions {3.1.6+857185bc19}
[20Jul2026 16:47:33.293] [main/DEBUG] [net.neoforged.fml.loading.moddiscovery.readers.JarModsDotTomlModFileReader/SCAN]: Found META-INF/neoforge.mods.toml mod of type null: 
[20Jul2026 16:47:33.293] [main/DEBUG] [net.neoforged.fml.loading.moddiscovery.ModFileParser/LOADING]: Considering mod file candidate 
[20Jul2026 16:47:33.294] [main/DEBUG] [net.neoforged.fml.loading.moddiscovery.ModFileInfo/LOADING]: Found valid mod file fabric-blockrenderlayer-v1-1.1.52+b089b4bd19.jar with {fabric_blockrenderlayer_v1} mods - versions {1.1.52+b089b4bd19}
[20Jul2026 16:47:33.296] [main/DEBUG] [net.neoforged.fml.loading.moddiscovery.readers.JarModsDotTomlModFileReader/SCAN]: Found META-INF/neoforge.mods.toml mod of type null: 
[20Jul2026 16:47:33.296] [main/DEBUG] [net.neoforged.fml.loading.moddiscovery.ModFileParser/LOADING]: Considering mod file candidate 
[20Jul2026 16:47:33.296] [main/DEBUG] [net.neoforged.fml.loading.moddiscovery.ModFileInfo/LOADING]: Found valid mod file fabric-transfer-api-v1-5.4.2+a25cb45619.jar with {fabric_transfer_api_v1} mods - versions {5.4.2+a25cb45619}
[20Jul2026 16:47:33.297] [main/DEBUG] [net.neoforged.fml.loading.moddiscovery.readers.JarModsDotTomlModFileReader/SCAN]: Found META-INF/neoforge.mods.toml mod of type null: 
[20Jul2026 16:47:33.297] [main/DEBUG] [net.neoforged.fml.loading.moddiscovery.ModFileParser/LOADING]: Considering mod file candidate 
[20Jul2026 16:47:33.298] [main/DEBUG] [net.neoforged.fml.loading.moddiscovery.ModFileInfo/LOADING]: Found valid mod file fabric-lifecycle-events-v1-2.5.0+a2ee258a19.jar with {fabric_lifecycle_events_v1} mods - versions {2.5.0+a2ee258a19}
[20Jul2026 16:47:33.298] [main/DEBUG] [net.neoforged.fml.loading.moddiscovery.readers.JarModsDotTomlModFileReader/SCAN]: Found META-INF/neoforge.mods.toml mod of type null: 
[20Jul2026 16:47:33.298] [main/DEBUG] [net.neoforged.fml.loading.moddiscovery.ModFileParser/LOADING]: Considering mod file candidate 
[20Jul2026 16:47:33.299] [main/DEBUG] [net.neoforged.fml.loading.moddiscovery.ModFileInfo/LOADING]: Found valid mod file fabric-model-loading-api-v1-2.0.0+986ae77219.jar with {fabric_model_loading_api_v1} mods - versions {2.0.0+986ae77219}
[20Jul2026 16:47:33.299] [main/DEBUG] [net.neoforged.fml.loading.moddiscovery.readers.JarModsDotTomlModFileReader/SCAN]: Found META-INF/neoforge.mods.toml mod of type null: 
[20Jul2026 16:47:33.299] [main/DEBUG] [net.neoforged.fml.loading.moddiscovery.ModFileParser/LOADING]: Considering mod file candidate 
[20Jul2026 16:47:33.299] [main/DEBUG] [net.neoforged.fml.loading.moddiscovery.ModFileInfo/LOADING]: Found valid mod file fabric-gametest-api-v1-2.0.5+29f188ce19.jar with {fabric_gametest_api_v1} mods - versions {2.0.5+29f188ce19}
[20Jul2026 16:47:33.300] [main/DEBUG] [net.neoforged.fml.loading.moddiscovery.readers.JarModsDotTomlModFileReader/SCAN]: Found META-INF/neoforge.mods.toml mod of type null: 
[20Jul2026 16:47:33.300] [main/DEBUG] [net.neoforged.fml.loading.moddiscovery.ModFileParser/LOADING]: Considering mod file candidate 
[20Jul2026 16:47:33.300] [main/DEBUG] [net.neoforged.fml.loading.moddiscovery.ModFileInfo/LOADING]: Found valid mod file fabric-registry-sync-v0-5.2.0+867470b919.jar with {fabric_registry_sync_v0} mods - versions {5.2.0+867470b919}
[20Jul2026 16:47:33.301] [main/DEBUG] [net.neoforged.fml.loading.moddiscovery.readers.JarModsDotTomlModFileReader/SCAN]: Found META-INF/neoforge.mods.toml mod of type null: 
[20Jul2026 16:47:33.301] [main/DEBUG] [net.neoforged.fml.loading.moddiscovery.ModFileParser/LOADING]: Considering mod file candidate 
[20Jul2026 16:47:33.301] [main/DEBUG] [net.neoforged.fml.loading.moddiscovery.ModFileInfo/LOADING]: Found valid mod file fabric-loot-api-v3-1.0.3+333dfad919.jar with {fabric_loot_api_v3} mods - versions {1.0.3+333dfad919}
[20Jul2026 16:47:33.301] [main/DEBUG] [net.neoforged.fml.loading.moddiscovery.readers.JarModsDotTomlModFileReader/SCAN]: Found META-INF/neoforge.mods.toml mod of type null: 
[20Jul2026 16:47:33.301] [main/DEBUG] [net.neoforged.fml.loading.moddiscovery.ModFileParser/LOADING]: Considering mod file candidate 
[20Jul2026 16:47:33.301] [main/DEBUG] [net.neoforged.fml.loading.moddiscovery.ModFileInfo/LOADING]: Found valid mod file fabric-sound-api-v1-1.0.23+10b84f8419.jar with {fabric_sound_api_v1} mods - versions {1.0.23+10b84f8419}
[20Jul2026 16:47:33.302] [main/DEBUG] [net.neoforged.fml.loading.moddiscovery.readers.JarModsDotTomlModFileReader/SCAN]: Found META-INF/neoforge.mods.toml mod of type null: 
[20Jul2026 16:47:33.302] [main/DEBUG] [net.neoforged.fml.loading.moddiscovery.ModFileParser/LOADING]: Considering mod file candidate 
[20Jul2026 16:47:33.302] [main/DEBUG] [net.neoforged.fml.loading.moddiscovery.ModFileInfo/LOADING]: Found valid mod file fabric-transitive-access-wideners-v1-6.2.0+6c854b6f19.jar with {fabric_transitive_access_wideners_v1} mods - versions {6.2.0+6c854b6f19}
[20Jul2026 16:47:33.303] [main/DEBUG] [net.neoforged.fml.loading.moddiscovery.readers.JarModsDotTomlModFileReader/SCAN]: Found META-INF/neoforge.mods.toml mod of type null: 
[20Jul2026 16:47:33.303] [main/DEBUG] [net.neoforged.fml.loading.moddiscovery.ModFileParser/LOADING]: Considering mod file candidate 
[20Jul2026 16:47:33.303] [main/DEBUG] [net.neoforged.fml.loading.moddiscovery.ModFileInfo/LOADING]: Found valid mod file fabric-content-registries-v0-8.0.18+0a0c14ff19.jar with {fabric_content_registries_v0} mods - versions {8.0.18+0a0c14ff19}
[20Jul2026 16:47:33.303] [main/DEBUG] [net.neoforged.fml.loading.moddiscovery.readers.JarModsDotTomlModFileReader/SCAN]: Found META-INF/neoforge.mods.toml mod of type null: 
[20Jul2026 16:47:33.303] [main/DEBUG] [net.neoforged.fml.loading.moddiscovery.ModFileParser/LOADING]: Considering mod file candidate 
[20Jul2026 16:47:33.303] [main/DEBUG] [net.neoforged.fml.loading.moddiscovery.ModFileInfo/LOADING]: Found valid mod file fabric-client-tags-api-v1-1.1.15+e053909619.jar with {fabric_client_tags_api_v1} mods - versions {1.1.15+e053909619}
[20Jul2026 16:47:33.304] [main/DEBUG] [net.neoforged.fml.loading.moddiscovery.readers.JarModsDotTomlModFileReader/SCAN]: Found META-INF/neoforge.mods.toml mod of type null: 
[20Jul2026 16:47:33.304] [main/DEBUG] [net.neoforged.fml.loading.moddiscovery.ModFileParser/LOADING]: Considering mod file candidate 
[20Jul2026 16:47:33.304] [main/DEBUG] [net.neoforged.fml.loading.moddiscovery.ModFileInfo/LOADING]: Found valid mod file fabric-rendering-data-attachment-v1-0.3.49+73761d2e19.jar with {fabric_rendering_data_attachment_v1} mods - versions {0.3.49+73761d2e19}
[20Jul2026 16:47:33.305] [main/DEBUG] [net.neoforged.fml.loading.moddiscovery.readers.JarModsDotTomlModFileReader/SCAN]: Found META-INF/neoforge.mods.toml mod of type null: 
[20Jul2026 16:47:33.305] [main/DEBUG] [net.neoforged.fml.loading.moddiscovery.ModFileParser/LOADING]: Considering mod file candidate 
[20Jul2026 16:47:33.305] [main/DEBUG] [net.neoforged.fml.loading.moddiscovery.ModFileInfo/LOADING]: Found valid mod file fabric-recipe-api-v1-5.0.14+59440bcc19.jar with {fabric_recipe_api_v1} mods - versions {5.0.14+59440bcc19}
[20Jul2026 16:47:33.321] [main/DEBUG] [net.neoforged.fml.loading.moddiscovery.readers.JarModsDotTomlModFileReader/SCAN]: Found META-INF/MANIFEST.MF mod of type LIBRARY: 
[20Jul2026 16:47:33.322] [main/DEBUG] [net.neoforged.fml.loading.moddiscovery.readers.JarModsDotTomlModFileReader/SCAN]: Found META-INF/neoforge.mods.toml mod of type null: 
[20Jul2026 16:47:33.322] [main/DEBUG] [net.neoforged.fml.loading.moddiscovery.ModFileParser/LOADING]: Considering mod file candidate 
[20Jul2026 16:47:33.322] [main/DEBUG] [net.neoforged.fml.loading.moddiscovery.ModFileInfo/LOADING]: Found valid mod file fabric-block-view-api-v2-1.0.11+e9036fd419.jar with {fabric_block_view_api_v2} mods - versions {1.0.11+e9036fd419}
[20Jul2026 16:47:33.323] [main/DEBUG] [net.neoforged.fml.loading.moddiscovery.readers.JarModsDotTomlModFileReader/SCAN]: Found META-INF/neoforge.mods.toml mod of type null: 
[20Jul2026 16:47:33.323] [main/DEBUG] [net.neoforged.fml.loading.moddiscovery.ModFileParser/LOADING]: Considering mod file candidate 
[20Jul2026 16:47:33.323] [main/DEBUG] [net.neoforged.fml.loading.moddiscovery.ModFileInfo/LOADING]: Found valid mod file fabric-api-lookup-api-v1-1.6.70+c21168c319.jar with {fabric_api_lookup_api_v1} mods - versions {1.6.70+c21168c319}
[20Jul2026 16:47:33.324] [main/DEBUG] [net.neoforged.fml.loading.moddiscovery.readers.JarModsDotTomlModFileReader/SCAN]: Found META-INF/neoforge.mods.toml mod of type null: 
[20Jul2026 16:47:33.324] [main/DEBUG] [net.neoforged.fml.loading.moddiscovery.ModFileParser/LOADING]: Considering mod file candidate 
[20Jul2026 16:47:33.324] [main/DEBUG] [net.neoforged.fml.loading.moddiscovery.ModFileInfo/LOADING]: Found valid mod file fabric-biome-api-v1-13.0.31+1e62d33c19.jar with {fabric_biome_api_v1} mods - versions {13.0.31+1e62d33c19}
[20Jul2026 16:47:33.325] [main/DEBUG] [net.neoforged.fml.loading.moddiscovery.readers.JarModsDotTomlModFileReader/SCAN]: Found META-INF/neoforge.mods.toml mod of type null: 
[20Jul2026 16:47:33.325] [main/DEBUG] [net.neoforged.fml.loading.moddiscovery.ModFileParser/LOADING]: Considering mod file candidate 
[20Jul2026 16:47:33.325] [main/DEBUG] [net.neoforged.fml.loading.moddiscovery.ModFileInfo/LOADING]: Found valid mod file fabric-rendering-v1-5.0.5+077ba95f19.jar with {fabric_rendering_v1} mods - versions {5.0.5+077ba95f19}
[20Jul2026 16:47:33.326] [main/DEBUG] [net.neoforged.fml.loading.moddiscovery.readers.JarModsDotTomlModFileReader/SCAN]: Found META-INF/neoforge.mods.toml mod of type null: 
[20Jul2026 16:47:33.326] [main/DEBUG] [net.neoforged.fml.loading.moddiscovery.ModFileParser/LOADING]: Considering mod file candidate 
[20Jul2026 16:47:33.326] [main/DEBUG] [net.neoforged.fml.loading.moddiscovery.ModFileInfo/LOADING]: Found valid mod file fabric-message-api-v1-6.0.13+e053909619.jar with {fabric_message_api_v1} mods - versions {6.0.13+e053909619}
[20Jul2026 16:47:33.326] [main/DEBUG] [net.neoforged.fml.loading.moddiscovery.readers.JarModsDotTomlModFileReader/SCAN]: Found META-INF/neoforge.mods.toml mod of type null: 
[20Jul2026 16:47:33.326] [main/DEBUG] [net.neoforged.fml.loading.moddiscovery.ModFileParser/LOADING]: Considering mod file candidate 
[20Jul2026 16:47:33.326] [main/DEBUG] [net.neoforged.fml.loading.moddiscovery.ModFileInfo/LOADING]: Found valid mod file fabric-block-api-v1-1.0.22+a6e994cd19.jar with {fabric_block_api_v1} mods - versions {1.0.22+a6e994cd19}
[20Jul2026 16:47:33.327] [main/DEBUG] [net.neoforged.fml.loading.moddiscovery.readers.JarModsDotTomlModFileReader/SCAN]: Found META-INF/neoforge.mods.toml mod of type null: 
[20Jul2026 16:47:33.327] [main/DEBUG] [net.neoforged.fml.loading.moddiscovery.ModFileParser/LOADING]: Considering mod file candidate 
[20Jul2026 16:47:33.327] [main/DEBUG] [net.neoforged.fml.loading.moddiscovery.ModFileInfo/LOADING]: Found valid mod file fabric-loot-api-v2-3.0.15+a3ee712d19.jar with {fabric_loot_api_v2} mods - versions {3.0.15+a3ee712d19}
[20Jul2026 16:47:33.327] [main/TRACE] [net.neoforged.fml.loading.moddiscovery.locators.JarInJarDependencyLocator/]: Failed to load resource META-INF/jarjar/metadata.json from commonmark-0.21.0.jar, it does not contain dependency information.
[20Jul2026 16:47:33.327] [main/TRACE] [net.neoforged.fml.loading.moddiscovery.locators.JarInJarDependencyLocator/]: Failed to load resource META-INF/jarjar/metadata.json from pehkui-bridge-1.12.1+1.21.1.jar, it does not contain dependency information.
[20Jul2026 16:47:33.327] [main/TRACE] [net.neoforged.fml.loading.moddiscovery.locators.JarInJarDependencyLocator/]: Failed to load resource META-INF/jarjar/metadata.json from jei-bridge-1.12.1+1.21.1.jar, it does not contain dependency information.
[20Jul2026 16:47:33.327] [main/TRACE] [net.neoforged.fml.loading.moddiscovery.locators.JarInJarDependencyLocator/]: Failed to load resource META-INF/jarjar/metadata.json from emi-bridge-1.12.1+1.21.1.jar, it does not contain dependency information.
[20Jul2026 16:47:33.327] [main/TRACE] [net.neoforged.fml.loading.moddiscovery.locators.JarInJarDependencyLocator/]: Failed to load resource META-INF/jarjar/metadata.json from extras-utils-1.12.1+1.21.1.jar, it does not contain dependency information.
[20Jul2026 16:47:33.327] [main/TRACE] [net.neoforged.fml.loading.moddiscovery.locators.JarInJarDependencyLocator/]: Failed to load resource META-INF/jarjar/metadata.json from rei-bridge-1.12.1+1.21.1.jar, it does not contain dependency information.
[20Jul2026 16:47:33.327] [main/TRACE] [net.neoforged.fml.loading.moddiscovery.locators.JarInJarDependencyLocator/]: Failed to load resource META-INF/jarjar/metadata.json from modmenu-bridge-1.12.1+1.21.1.jar, it does not contain dependency information.
[20Jul2026 16:47:33.327] [main/TRACE] [net.neoforged.fml.loading.moddiscovery.locators.JarInJarDependencyLocator/]: Failed to load resource META-INF/jarjar/metadata.json from energy-bridge-1.12.1+1.21.1.jar, it does not contain dependency information.
[20Jul2026 16:47:33.327] [main/TRACE] [net.neoforged.fml.loading.moddiscovery.locators.JarInJarDependencyLocator/]: Failed to load resource META-INF/jarjar/metadata.json from kubejs-bridge-1.12.1+1.21.1.jar, it does not contain dependency information.
[20Jul2026 16:47:33.327] [main/TRACE] [net.neoforged.fml.loading.moddiscovery.locators.JarInJarDependencyLocator/]: Failed to load resource META-INF/jarjar/metadata.json from terrablender-bridge-1.12.1+1.21.1.jar, it does not contain dependency information.
[20Jul2026 16:47:33.327] [main/TRACE] [net.neoforged.fml.loading.moddiscovery.locators.JarInJarDependencyLocator/]: Failed to load resource META-INF/jarjar/metadata.json from fabric-api-base-0.4.42+d1308ded19.jar, it does not contain dependency information.
[20Jul2026 16:47:33.327] [main/TRACE] [net.neoforged.fml.loading.moddiscovery.locators.JarInJarDependencyLocator/]: Failed to load resource META-INF/jarjar/metadata.json from percale-neoforge-1.0.0-beta.1.jar, it does not contain dependency information.
[20Jul2026 16:47:33.328] [main/DEBUG] [net.neoforged.fml.loading.moddiscovery.readers.JarModsDotTomlModFileReader/SCAN]: Found META-INF/neoforge.mods.toml mod of type null: 
[20Jul2026 16:47:33.328] [main/DEBUG] [net.neoforged.fml.loading.moddiscovery.ModFileParser/LOADING]: Considering mod file candidate 
[20Jul2026 16:47:33.328] [main/DEBUG] [net.neoforged.fml.loading.moddiscovery.ModFileInfo/LOADING]: Found valid mod file pridelib-1.2.4+1.21.1-mojmap.jar with {pride} mods - versions {1.2.4+1.21.1}
[20Jul2026 16:47:33.330] [main/DEBUG] [net.neoforged.fml.loading.moddiscovery.readers.JarModsDotTomlModFileReader/SCAN]: Found META-INF/neoforge.mods.toml mod of type null: 
[20Jul2026 16:47:33.330] [main/DEBUG] [net.neoforged.fml.loading.moddiscovery.ModFileParser/LOADING]: Considering mod file candidate 
[20Jul2026 16:47:33.330] [main/DEBUG] [net.neoforged.fml.loading.moddiscovery.ModFileInfo/LOADING]: Found valid mod file lambdynamiclights-api-4.8.8+1.21.1-mojmap.jar with {lambdynlights_api} mods - versions {4.8.8+1.21.1}
[20Jul2026 16:47:33.332] [main/DEBUG] [net.neoforged.fml.loading.moddiscovery.readers.JarModsDotTomlModFileReader/SCAN]: Found META-INF/neoforge.mods.toml mod of type null: 
[20Jul2026 16:47:33.332] [main/DEBUG] [net.neoforged.fml.loading.moddiscovery.ModFileParser/LOADING]: Considering mod file candidate 
[20Jul2026 16:47:33.332] [main/DEBUG] [net.neoforged.fml.loading.moddiscovery.ModFileInfo/LOADING]: Found valid mod file spruceui-6.2.5+1.21.1-mojmap.jar with {spruceui} mods - versions {6.2.5+1.21.1}
[20Jul2026 16:47:33.334] [main/DEBUG] [net.neoforged.fml.loading.moddiscovery.readers.JarModsDotTomlModFileReader/SCAN]: Found META-INF/neoforge.mods.toml mod of type null: 
[20Jul2026 16:47:33.334] [main/DEBUG] [net.neoforged.fml.loading.moddiscovery.ModFileParser/LOADING]: Considering mod file candidate 
[20Jul2026 16:47:33.334] [main/DEBUG] [net.neoforged.fml.loading.moddiscovery.ModFileInfo/LOADING]: Found valid mod file yumi-mc-foundation-1.0.0-beta.1+1.21.1-mojmap.jar with {yumi_mc_core} mods - versions {1.0.0-beta.1+1.21.1}
[20Jul2026 16:47:33.334] [main/TRACE] [net.neoforged.fml.loading.moddiscovery.locators.JarInJarDependencyLocator/]: Failed to load resource META-INF/jarjar/metadata.json from sable-companion-common-1.21.1-1.6.0.jar, it does not contain dependency information.
[20Jul2026 16:47:33.334] [main/TRACE] [net.neoforged.fml.loading.moddiscovery.locators.JarInJarDependencyLocator/]: Failed to load resource META-INF/jarjar/metadata.json from sable-companion-common-1.21.1-1.6.0.jar, it does not contain dependency information.
[20Jul2026 16:47:33.334] [main/TRACE] [net.neoforged.fml.loading.moddiscovery.locators.JarInJarDependencyLocator/]: Failed to load resource META-INF/jarjar/metadata.json from dev.ryanhcode.sable.sable-sable_rapier-1.21.1-2.0.3.jar, it does not contain dependency information.
[20Jul2026 16:47:33.338] [main/TRACE] [net.neoforged.fml.loading.moddiscovery.locators.JarInJarDependencyLocator/]: Failed to load resource META-INF/jarjar/metadata.json from sable-companion-common-1.21.1-1.6.0.jar, it does not contain dependency information.
[20Jul2026 16:47:33.338] [main/TRACE] [net.neoforged.fml.loading.moddiscovery.locators.JarInJarDependencyLocator/]: Failed to load resource META-INF/jarjar/metadata.json from com.kneelawk.extra-mod-integrations.extra-mod-integrations-actually-additions-neoforge-1.0.3+1.21.1.jar, it does not contain dependency information.
[20Jul2026 16:47:33.338] [main/TRACE] [net.neoforged.fml.loading.moddiscovery.locators.JarInJarDependencyLocator/]: Failed to load resource META-INF/jarjar/metadata.json from com.kneelawk.extra-mod-integrations.extra-mod-integrations-chipped-neoforge-1.0.3+1.21.1.jar, it does not contain dependency information.
[20Jul2026 16:47:33.338] [main/TRACE] [net.neoforged.fml.loading.moddiscovery.locators.JarInJarDependencyLocator/]: Failed to load resource META-INF/jarjar/metadata.json from com.kneelawk.extra-mod-integrations.extra-mod-integrations-core-neoforge-1.0.3+1.21.1.jar, it does not contain dependency information.
[20Jul2026 16:47:33.338] [main/TRACE] [net.neoforged.fml.loading.moddiscovery.locators.JarInJarDependencyLocator/]: Failed to load resource META-INF/jarjar/metadata.json from com.kneelawk.extra-mod-integrations.extra-mod-integrations-farmers-delight-neoforge-1.0.3+1.21.1.jar, it does not contain dependency information.
[20Jul2026 16:47:33.338] [main/TRACE] [net.neoforged.fml.loading.moddiscovery.locators.JarInJarDependencyLocator/]: Failed to load resource META-INF/jarjar/metadata.json from com.kneelawk.extra-mod-integrations.extra-mod-integrations-isns-neoforge-1.0.3+1.21.1.jar, it does not contain dependency information.
[20Jul2026 16:47:33.338] [main/TRACE] [net.neoforged.fml.loading.moddiscovery.locators.JarInJarDependencyLocator/]: Failed to load resource META-INF/jarjar/metadata.json from com.kneelawk.extra-mod-integrations.extra-mod-integrations-pneumaticcraft-neoforge-1.0.3+1.21.1.jar, it does not contain dependency information.
[20Jul2026 16:47:33.338] [main/TRACE] [net.neoforged.fml.loading.moddiscovery.locators.JarInJarDependencyLocator/]: Failed to load resource META-INF/jarjar/metadata.json from com.kneelawk.extra-mod-integrations.extra-mod-integrations-rechiseled-neoforge-1.0.3+1.21.1.jar, it does not contain dependency information.
[20Jul2026 16:47:33.338] [main/TRACE] [net.neoforged.fml.loading.moddiscovery.locators.JarInJarDependencyLocator/]: Failed to load resource META-INF/jarjar/metadata.json from com.kneelawk.extra-mod-integrations.extra-mod-integrations-reliquary-neoforge-1.0.3+1.21.1.jar, it does not contain dependency information.
[20Jul2026 16:47:33.338] [main/TRACE] [net.neoforged.fml.loading.moddiscovery.locators.JarInJarDependencyLocator/]: Failed to load resource META-INF/jarjar/metadata.json from xaerolib-neoforge-1.21-1.0.42.jar, it does not contain dependency information.
[20Jul2026 16:47:33.338] [main/TRACE] [net.neoforged.fml.loading.moddiscovery.locators.JarInJarDependencyLocator/]: Failed to load resource META-INF/jarjar/metadata.json from statuemenus-neoforge-21.1.0.jar, it does not contain dependency information.
[20Jul2026 16:47:33.338] [main/TRACE] [net.neoforged.fml.loading.moddiscovery.locators.JarInJarDependencyLocator/]: Failed to load resource META-INF/jarjar/metadata.json from mixinextras-neoforge-0.5.0.jar, it does not contain dependency information.
[20Jul2026 16:47:33.338] [main/TRACE] [net.neoforged.fml.loading.moddiscovery.locators.JarInJarDependencyLocator/]: Failed to load resource META-INF/jarjar/metadata.json from json5-java-3.0.0.jar, it does not contain dependency information.
[20Jul2026 16:47:33.338] [main/TRACE] [net.neoforged.fml.loading.moddiscovery.locators.JarInJarDependencyLocator/]: Failed to load resource META-INF/jarjar/metadata.json from common-image-3.12.0.jar, it does not contain dependency information.
[20Jul2026 16:47:33.338] [main/TRACE] [net.neoforged.fml.loading.moddiscovery.locators.JarInJarDependencyLocator/]: Failed to load resource META-INF/jarjar/metadata.json from common-io-3.12.0.jar, it does not contain dependency information.
[20Jul2026 16:47:33.338] [main/TRACE] [net.neoforged.fml.loading.moddiscovery.locators.JarInJarDependencyLocator/]: Failed to load resource META-INF/jarjar/metadata.json from common-lang-3.12.0.jar, it does not contain dependency information.
[20Jul2026 16:47:33.338] [main/TRACE] [net.neoforged.fml.loading.moddiscovery.locators.JarInJarDependencyLocator/]: Failed to load resource META-INF/jarjar/metadata.json from imageio-core-3.12.0.jar, it does not contain dependency information.
[20Jul2026 16:47:33.338] [main/TRACE] [net.neoforged.fml.loading.moddiscovery.locators.JarInJarDependencyLocator/]: Failed to load resource META-INF/jarjar/metadata.json from imageio-metadata-3.12.0.jar, it does not contain dependency information.
[20Jul2026 16:47:33.338] [main/TRACE] [net.neoforged.fml.loading.moddiscovery.locators.JarInJarDependencyLocator/]: Failed to load resource META-INF/jarjar/metadata.json from imageio-webp-3.12.0.jar, it does not contain dependency information.
[20Jul2026 16:47:33.338] [main/TRACE] [net.neoforged.fml.loading.moddiscovery.locators.JarInJarDependencyLocator/]: Failed to load resource META-INF/jarjar/metadata.json from gson-0.2.1.jar, it does not contain dependency information.
[20Jul2026 16:47:33.338] [main/TRACE] [net.neoforged.fml.loading.moddiscovery.locators.JarInJarDependencyLocator/]: Failed to load resource META-INF/jarjar/metadata.json from json-0.2.1.jar, it does not contain dependency information.
[20Jul2026 16:47:33.338] [main/TRACE] [net.neoforged.fml.loading.moddiscovery.locators.JarInJarDependencyLocator/]: Failed to load resource META-INF/jarjar/metadata.json from midnightlib-1.6.9+1.21-neoforge.jar, it does not contain dependency information.
[20Jul2026 16:47:33.338] [main/TRACE] [net.neoforged.fml.loading.moddiscovery.locators.JarInJarDependencyLocator/]: Failed to load resource META-INF/jarjar/metadata.json from jlayer-1.0.1.4.jar, it does not contain dependency information.
[20Jul2026 16:47:33.338] [main/TRACE] [net.neoforged.fml.loading.moddiscovery.locators.JarInJarDependencyLocator/]: Failed to load resource META-INF/jarjar/metadata.json from mp3spi-1.9.5.4.jar, it does not contain dependency information.
[20Jul2026 16:47:33.338] [main/TRACE] [net.neoforged.fml.loading.moddiscovery.locators.JarInJarDependencyLocator/]: Failed to load resource META-INF/jarjar/metadata.json from tritonus-share-0.3.7.4.jar, it does not contain dependency information.
[20Jul2026 16:47:33.338] [main/TRACE] [net.neoforged.fml.loading.moddiscovery.locators.JarInJarDependencyLocator/]: Failed to load resource META-INF/jarjar/metadata.json from kuma-api-neoforge-21.0.8+1.21.jar, it does not contain dependency information.
[20Jul2026 16:47:33.338] [main/TRACE] [net.neoforged.fml.loading.moddiscovery.locators.JarInJarDependencyLocator/]: Failed to load resource META-INF/jarjar/metadata.json from sable-companion-common-1.21.1-1.5.0.jar, it does not contain dependency information.
[20Jul2026 16:47:33.338] [main/TRACE] [net.neoforged.fml.loading.moddiscovery.locators.JarInJarDependencyLocator/]: Failed to load resource META-INF/jarjar/metadata.json from mixinextras-neoforge-0.4.1.jar, it does not contain dependency information.
[20Jul2026 16:47:33.338] [main/TRACE] [net.neoforged.fml.loading.moddiscovery.locators.JarInJarDependencyLocator/]: Failed to load resource META-INF/jarjar/metadata.json from fabric-resource-loader-v0-1.3.1+4ea8954419.jar, it does not contain dependency information.
[20Jul2026 16:47:33.338] [main/TRACE] [net.neoforged.fml.loading.moddiscovery.locators.JarInJarDependencyLocator/]: Failed to load resource META-INF/jarjar/metadata.json from fabric-rendering-data-attachment-v1-0.3.49+73761d2e19.jar, it does not contain dependency information.
[20Jul2026 16:47:33.338] [main/TRACE] [net.neoforged.fml.loading.moddiscovery.locators.JarInJarDependencyLocator/]: Failed to load resource META-INF/jarjar/metadata.json from fabric-object-builder-api-v1-15.2.1+cc242efd19.jar, it does not contain dependency information.
[20Jul2026 16:47:33.339] [main/TRACE] [net.neoforged.fml.loading.moddiscovery.locators.JarInJarDependencyLocator/]: Failed to load resource META-INF/jarjar/metadata.json from fabric-lifecycle-events-v1-2.6.0+e40d8add19.jar, it does not contain dependency information.
[20Jul2026 16:47:33.339] [main/TRACE] [net.neoforged.fml.loading.moddiscovery.locators.JarInJarDependencyLocator/]: Failed to load resource META-INF/jarjar/metadata.json from fabric-rendering-fluids-v1-3.1.6+a51883b219.jar, it does not contain dependency information.
[20Jul2026 16:47:33.339] [main/TRACE] [net.neoforged.fml.loading.moddiscovery.locators.JarInJarDependencyLocator/]: Failed to load resource META-INF/jarjar/metadata.json from fabric-screen-handler-api-v1-1.3.90+8dbc56dd19.jar, it does not contain dependency information.
[20Jul2026 16:47:33.339] [main/TRACE] [net.neoforged.fml.loading.moddiscovery.locators.JarInJarDependencyLocator/]: Failed to load resource META-INF/jarjar/metadata.json from fabric-gametest-api-v1-2.0.5+29f188ce19.jar, it does not contain dependency information.
[20Jul2026 16:47:33.339] [main/TRACE] [net.neoforged.fml.loading.moddiscovery.locators.JarInJarDependencyLocator/]: Failed to load resource META-INF/jarjar/metadata.json from fabric-particles-v1-4.0.2+824f924c19.jar, it does not contain dependency information.
[20Jul2026 16:47:33.339] [main/TRACE] [net.neoforged.fml.loading.moddiscovery.locators.JarInJarDependencyLocator/]: Failed to load resource META-INF/jarjar/metadata.json from fabric-loot-api-v2-3.0.15+a3ee712d19.jar, it does not contain dependency information.
[20Jul2026 16:47:33.339] [main/TRACE] [net.neoforged.fml.loading.moddiscovery.locators.JarInJarDependencyLocator/]: Failed to load resource META-INF/jarjar/metadata.json from fabric-client-tags-api-v1-1.1.15+e053909619.jar, it does not contain dependency information.
[20Jul2026 16:47:33.339] [main/TRACE] [net.neoforged.fml.loading.moddiscovery.locators.JarInJarDependencyLocator/]: Failed to load resource META-INF/jarjar/metadata.json from fabric-model-loading-api-v1-2.1.0+6e8f52c719.jar, it does not contain dependency information.
[20Jul2026 16:47:33.339] [main/TRACE] [net.neoforged.fml.loading.moddiscovery.locators.JarInJarDependencyLocator/]: Failed to load resource META-INF/jarjar/metadata.json from fabric-api-lookup-api-v1-1.6.71+c290471319.jar, it does not contain dependency information.
[20Jul2026 16:47:33.339] [main/TRACE] [net.neoforged.fml.loading.moddiscovery.locators.JarInJarDependencyLocator/]: Failed to load resource META-INF/jarjar/metadata.json from fabric-game-rule-api-v1-1.0.53+36d727be19.jar, it does not contain dependency information.
[20Jul2026 16:47:33.339] [main/TRACE] [net.neoforged.fml.loading.moddiscovery.locators.JarInJarDependencyLocator/]: Failed to load resource META-INF/jarjar/metadata.json from fabric-message-api-v1-6.0.14+6a754fce19.jar, it does not contain dependency information.
[20Jul2026 16:47:33.339] [main/TRACE] [net.neoforged.fml.loading.moddiscovery.locators.JarInJarDependencyLocator/]: Failed to load resource META-INF/jarjar/metadata.json from fabric-block-view-api-v2-1.0.11+e9036fd419.jar, it does not contain dependency information.
[20Jul2026 16:47:33.339] [main/TRACE] [net.neoforged.fml.loading.moddiscovery.locators.JarInJarDependencyLocator/]: Failed to load resource META-INF/jarjar/metadata.json from fabric-rendering-v1-5.1.0+1a09bd5a19.jar, it does not contain dependency information.
[20Jul2026 16:47:33.339] [main/TRACE] [net.neoforged.fml.loading.moddiscovery.locators.JarInJarDependencyLocator/]: Failed to load resource META-INF/jarjar/metadata.json from fabric-blockrenderlayer-v1-1.1.52+c290471319.jar, it does not contain dependency information.
[20Jul2026 16:47:33.339] [main/TRACE] [net.neoforged.fml.loading.moddiscovery.locators.JarInJarDependencyLocator/]: Failed to load resource META-INF/jarjar/metadata.json from fabric-networking-api-v1-4.3.0+30a980d919.jar, it does not contain dependency information.
[20Jul2026 16:47:33.339] [main/TRACE] [net.neoforged.fml.loading.moddiscovery.locators.JarInJarDependencyLocator/]: Failed to load resource META-INF/jarjar/metadata.json from fabric-convention-tags-v2-2.11.1+87e5848019.jar, it does not contain dependency information.
[20Jul2026 16:47:33.339] [main/TRACE] [net.neoforged.fml.loading.moddiscovery.locators.JarInJarDependencyLocator/]: Failed to load resource META-INF/jarjar/metadata.json from fabric-registry-sync-v0-5.3.1+f9aace1619.jar, it does not contain dependency information.
[20Jul2026 16:47:33.339] [main/TRACE] [net.neoforged.fml.loading.moddiscovery.locators.JarInJarDependencyLocator/]: Failed to load resource META-INF/jarjar/metadata.json from fabric-entity-events-v1-1.8.0+5ede667619.jar, it does not contain dependency information.
[20Jul2026 16:47:33.339] [main/TRACE] [net.neoforged.fml.loading.moddiscovery.locators.JarInJarDependencyLocator/]: Failed to load resource META-INF/jarjar/metadata.json from fabric-data-generation-api-v1-20.2.34+a4c3605619.jar, it does not contain dependency information.
[20Jul2026 16:47:33.339] [main/TRACE] [net.neoforged.fml.loading.moddiscovery.locators.JarInJarDependencyLocator/]: Failed to load resource META-INF/jarjar/metadata.json from forgified-fabric-loader-2.5.68+0.18.4+1.21.1-full.jar, it does not contain dependency information.
[20Jul2026 16:47:33.339] [main/TRACE] [net.neoforged.fml.loading.moddiscovery.locators.JarInJarDependencyLocator/]: Failed to load resource META-INF/jarjar/metadata.json from fabric-sound-api-v1-1.0.23+10b84f8419.jar, it does not contain dependency information.
[20Jul2026 16:47:33.339] [main/TRACE] [net.neoforged.fml.loading.moddiscovery.locators.JarInJarDependencyLocator/]: Failed to load resource META-INF/jarjar/metadata.json from fabric-command-api-v2-2.2.28+36d727be19.jar, it does not contain dependency information.
[20Jul2026 16:47:33.339] [main/TRACE] [net.neoforged.fml.loading.moddiscovery.locators.JarInJarDependencyLocator/]: Failed to load resource META-INF/jarjar/metadata.json from fabric-content-registries-v0-8.0.19+5e0d320019.jar, it does not contain dependency information.
[20Jul2026 16:47:33.339] [main/TRACE] [net.neoforged.fml.loading.moddiscovery.locators.JarInJarDependencyLocator/]: Failed to load resource META-INF/jarjar/metadata.json from fabric-screen-api-v1-2.0.25+0ae1214819.jar, it does not contain dependency information.
[20Jul2026 16:47:33.339] [main/TRACE] [net.neoforged.fml.loading.moddiscovery.locators.JarInJarDependencyLocator/]: Failed to load resource META-INF/jarjar/metadata.json from fabric-key-binding-api-v1-1.0.47+62cc7ce119.jar, it does not contain dependency information.
[20Jul2026 16:47:33.339] [main/TRACE] [net.neoforged.fml.loading.moddiscovery.locators.JarInJarDependencyLocator/]: Failed to load resource META-INF/jarjar/metadata.json from fabric-renderer-api-v1-3.4.1+9125b6dc19.jar, it does not contain dependency information.
[20Jul2026 16:47:33.339] [main/TRACE] [net.neoforged.fml.loading.moddiscovery.locators.JarInJarDependencyLocator/]: Failed to load resource META-INF/jarjar/metadata.json from fabric-transfer-api-v1-5.4.3+a25cb45619.jar, it does not contain dependency information.
[20Jul2026 16:47:33.339] [main/TRACE] [net.neoforged.fml.loading.moddiscovery.locators.JarInJarDependencyLocator/]: Failed to load resource META-INF/jarjar/metadata.json from fabric-resource-conditions-api-v1-4.3.0+5bdd099819.jar, it does not contain dependency information.
[20Jul2026 16:47:33.339] [main/TRACE] [net.neoforged.fml.loading.moddiscovery.locators.JarInJarDependencyLocator/]: Failed to load resource META-INF/jarjar/metadata.json from fabric-data-attachment-api-v1-1.4.5+26d408aa19.jar, it does not contain dependency information.
[20Jul2026 16:47:33.339] [main/TRACE] [net.neoforged.fml.loading.moddiscovery.locators.JarInJarDependencyLocator/]: Failed to load resource META-INF/jarjar/metadata.json from fabric-loot-api-v3-1.0.3+333dfad919.jar, it does not contain dependency information.
[20Jul2026 16:47:33.339] [main/TRACE] [net.neoforged.fml.loading.moddiscovery.locators.JarInJarDependencyLocator/]: Failed to load resource META-INF/jarjar/metadata.json from fabric-events-interaction-v0-0.7.13+86e0887119.jar, it does not contain dependency information.
[20Jul2026 16:47:33.339] [main/TRACE] [net.neoforged.fml.loading.moddiscovery.locators.JarInJarDependencyLocator/]: Failed to load resource META-INF/jarjar/metadata.json from fabric-item-group-api-v1-4.1.7+e324903319.jar, it does not contain dependency information.
[20Jul2026 16:47:33.339] [main/TRACE] [net.neoforged.fml.loading.moddiscovery.locators.JarInJarDependencyLocator/]: Failed to load resource META-INF/jarjar/metadata.json from fabric-convention-tags-v1-2.1.5+7f945d5b19.jar, it does not contain dependency information.
[20Jul2026 16:47:33.339] [main/TRACE] [net.neoforged.fml.loading.moddiscovery.locators.JarInJarDependencyLocator/]: Failed to load resource META-INF/jarjar/metadata.json from fabric-biome-api-v1-13.0.31+1e62d33c19.jar, it does not contain dependency information.
[20Jul2026 16:47:33.339] [main/TRACE] [net.neoforged.fml.loading.moddiscovery.locators.JarInJarDependencyLocator/]: Failed to load resource META-INF/jarjar/metadata.json from fabric-api-base-0.4.42+d1308ded19.jar, it does not contain dependency information.
[20Jul2026 16:47:33.339] [main/TRACE] [net.neoforged.fml.loading.moddiscovery.locators.JarInJarDependencyLocator/]: Failed to load resource META-INF/jarjar/metadata.json from fabric-recipe-api-v1-5.0.15+59440bcc19.jar, it does not contain dependency information.
[20Jul2026 16:47:33.339] [main/TRACE] [net.neoforged.fml.loading.moddiscovery.locators.JarInJarDependencyLocator/]: Failed to load resource META-INF/jarjar/metadata.json from fabric-renderer-indigo-1.7.1+9125b6dc19.jar, it does not contain dependency information.
[20Jul2026 16:47:33.339] [main/TRACE] [net.neoforged.fml.loading.moddiscovery.locators.JarInJarDependencyLocator/]: Failed to load resource META-INF/jarjar/metadata.json from fabric-transitive-access-wideners-v1-6.2.0+6c854b6f19.jar, it does not contain dependency information.
[20Jul2026 16:47:33.339] [main/TRACE] [net.neoforged.fml.loading.moddiscovery.locators.JarInJarDependencyLocator/]: Failed to load resource META-INF/jarjar/metadata.json from fabric-item-api-v1-11.2.0+0c57911319.jar, it does not contain dependency information.
[20Jul2026 16:47:33.339] [main/TRACE] [net.neoforged.fml.loading.moddiscovery.locators.JarInJarDependencyLocator/]: Failed to load resource META-INF/jarjar/metadata.json from fabric-block-api-v1-1.1.0+b0c22bb819.jar, it does not contain dependency information.
[20Jul2026 16:47:33.339] [main/TRACE] [net.neoforged.fml.loading.moddiscovery.locators.JarInJarDependencyLocator/]: Failed to load resource META-INF/jarjar/metadata.json from yabn-1.0.3.jar, it does not contain dependency information.
[20Jul2026 16:47:33.339] [main/TRACE] [net.neoforged.fml.loading.moddiscovery.locators.JarInJarDependencyLocator/]: Failed to load resource META-INF/jarjar/metadata.json from bytecodecs-1.1.2.jar, it does not contain dependency information.
[20Jul2026 16:47:33.339] [main/TRACE] [net.neoforged.fml.loading.moddiscovery.locators.JarInJarDependencyLocator/]: Failed to load resource META-INF/jarjar/metadata.json from kaleido-config-0.3.3+1.3.2.jar, it does not contain dependency information.
[20Jul2026 16:47:33.339] [main/TRACE] [net.neoforged.fml.loading.moddiscovery.locators.JarInJarDependencyLocator/]: Failed to load resource META-INF/jarjar/metadata.json from conditional-mixin-neoforge-0.6.4.jar, it does not contain dependency information.
[20Jul2026 16:47:33.339] [main/TRACE] [net.neoforged.fml.loading.moddiscovery.locators.JarInJarDependencyLocator/]: Failed to load resource META-INF/jarjar/metadata.json from xaerolib-neoforge-1.21-1.0.42.jar, it does not contain dependency information.
[20Jul2026 16:47:33.339] [main/TRACE] [net.neoforged.fml.loading.moddiscovery.locators.JarInJarDependencyLocator/]: Failed to load resource META-INF/jarjar/metadata.json from c2me-opts-allocs-mc1.21.1-0.3.0+alpha.0.93.jar, it does not contain dependency information.
[20Jul2026 16:47:33.339] [main/TRACE] [net.neoforged.fml.loading.moddiscovery.locators.JarInJarDependencyLocator/]: Failed to load resource META-INF/jarjar/metadata.json from c2me-fixes-worldgen-vanilla-bugs-mc1.21.1-0.3.0+alpha.0.93.jar, it does not contain dependency information.
[20Jul2026 16:47:33.339] [main/TRACE] [net.neoforged.fml.loading.moddiscovery.locators.JarInJarDependencyLocator/]: Failed to load resource META-INF/jarjar/metadata.json from c2me-opts-worldgen-vanilla-mc1.21.1-0.3.0+alpha.0.93.jar, it does not contain dependency information.
[20Jul2026 16:47:33.339] [main/TRACE] [net.neoforged.fml.loading.moddiscovery.locators.JarInJarDependencyLocator/]: Failed to load resource META-INF/jarjar/metadata.json from c2me-server-utils-mc1.21.1-0.3.0+alpha.0.93.jar, it does not contain dependency information.
[20Jul2026 16:47:33.339] [main/TRACE] [net.neoforged.fml.loading.moddiscovery.locators.JarInJarDependencyLocator/]: Failed to load resource META-INF/jarjar/metadata.json from exp4j-0.4.8.jar, it does not contain dependency information.
[20Jul2026 16:47:33.339] [main/TRACE] [net.neoforged.fml.loading.moddiscovery.locators.JarInJarDependencyLocator/]: Failed to load resource META-INF/jarjar/metadata.json from c2me-fixes-chunkio-threading-issues-mc1.21.1-0.3.0+alpha.0.93.jar, it does not contain dependency information.
[20Jul2026 16:47:33.339] [main/TRACE] [net.neoforged.fml.loading.moddiscovery.locators.JarInJarDependencyLocator/]: Failed to load resource META-INF/jarjar/metadata.json from c2me-threading-lighting-mc1.21.1-0.3.0+alpha.0.93.jar, it does not contain dependency information.
[20Jul2026 16:47:33.339] [main/TRACE] [net.neoforged.fml.loading.moddiscovery.locators.JarInJarDependencyLocator/]: Failed to load resource META-INF/jarjar/metadata.json from c2me-opts-math-mc1.21.1-0.3.0+alpha.0.93.jar, it does not contain dependency information.
[20Jul2026 16:47:33.339] [main/TRACE] [net.neoforged.fml.loading.moddiscovery.locators.JarInJarDependencyLocator/]: Failed to load resource META-INF/jarjar/metadata.json from c2me-client-uncapvd-mc1.21.1-0.3.0+alpha.0.93.jar, it does not contain dependency information.
[20Jul2026 16:47:33.339] [main/TRACE] [net.neoforged.fml.loading.moddiscovery.locators.JarInJarDependencyLocator/]: Failed to load resource META-INF/jarjar/metadata.json from c2me-opts-worldgen-general-mc1.21.1-0.3.0+alpha.0.93.jar, it does not contain dependency information.
[20Jul2026 16:47:33.339] [main/TRACE] [net.neoforged.fml.loading.moddiscovery.locators.JarInJarDependencyLocator/]: Failed to load resource META-INF/jarjar/metadata.json from c2me-opts-scheduling-mc1.21.1-0.3.0+alpha.0.93.jar, it does not contain dependency information.
[20Jul2026 16:47:33.339] [main/TRACE] [net.neoforged.fml.loading.moddiscovery.locators.JarInJarDependencyLocator/]: Failed to load resource META-INF/jarjar/metadata.json from c2me-rewrites-chunk-serializer-mc1.21.1-0.3.0+alpha.0.93.jar, it does not contain dependency information.
[20Jul2026 16:47:33.339] [main/TRACE] [net.neoforged.fml.loading.moddiscovery.locators.JarInJarDependencyLocator/]: Failed to load resource META-INF/jarjar/metadata.json from c2me-opts-natives-math-mc1.21.1-0.3.0+alpha.0.93.jar, it does not contain dependency information.
[20Jul2026 16:47:33.339] [main/TRACE] [net.neoforged.fml.loading.moddiscovery.locators.JarInJarDependencyLocator/]: Failed to load resource META-INF/jarjar/metadata.json from asyncutil-0.1.0.jar, it does not contain dependency information.
[20Jul2026 16:47:33.339] [main/TRACE] [net.neoforged.fml.loading.moddiscovery.locators.JarInJarDependencyLocator/]: Failed to load resource META-INF/jarjar/metadata.json from c2me-fixes-worldgen-threading-issues-mc1.21.1-0.3.0+alpha.0.93.jar, it does not contain dependency information.
[20Jul2026 16:47:33.339] [main/TRACE] [net.neoforged.fml.loading.moddiscovery.locators.JarInJarDependencyLocator/]: Failed to load resource META-INF/jarjar/metadata.json from c2me-rewrites-chunkio-mc1.21.1-0.3.0+alpha.0.93.jar, it does not contain dependency information.
[20Jul2026 16:47:33.339] [main/TRACE] [net.neoforged.fml.loading.moddiscovery.locators.JarInJarDependencyLocator/]: Failed to load resource META-INF/jarjar/metadata.json from reactive-streams-1.0.4.jar, it does not contain dependency information.
[20Jul2026 16:47:33.339] [main/TRACE] [net.neoforged.fml.loading.moddiscovery.locators.JarInJarDependencyLocator/]: Failed to load resource META-INF/jarjar/metadata.json from c2me-opts-chunkio-mc1.21.1-0.3.0+alpha.0.93.jar, it does not contain dependency information.
[20Jul2026 16:47:33.339] [main/TRACE] [net.neoforged.fml.loading.moddiscovery.locators.JarInJarDependencyLocator/]: Failed to load resource META-INF/jarjar/metadata.json from c2me-base-mc1.21.1-0.3.0+alpha.0.93-all.jar, it does not contain dependency information.
[20Jul2026 16:47:33.339] [main/TRACE] [net.neoforged.fml.loading.moddiscovery.locators.JarInJarDependencyLocator/]: Failed to load resource META-INF/jarjar/metadata.json from c2me-rewrites-chunk-system-mc1.21.1-0.3.0+alpha.0.93.jar, it does not contain dependency information.
[20Jul2026 16:47:33.339] [main/TRACE] [net.neoforged.fml.loading.moddiscovery.locators.JarInJarDependencyLocator/]: Failed to load resource META-INF/jarjar/metadata.json from c2me-opts-dfc-mc1.21.1-0.3.0+alpha.0.93.jar, it does not contain dependency information.
[20Jul2026 16:47:33.339] [main/TRACE] [net.neoforged.fml.loading.moddiscovery.locators.JarInJarDependencyLocator/]: Failed to load resource META-INF/jarjar/metadata.json from c2me-notickvd-mc1.21.1-0.3.0+alpha.0.93.jar, it does not contain dependency information.
[20Jul2026 16:47:33.339] [main/TRACE] [net.neoforged.fml.loading.moddiscovery.locators.JarInJarDependencyLocator/]: Failed to load resource META-INF/jarjar/metadata.json from c2me-fixes-general-threading-issues-mc1.21.1-0.3.0+alpha.0.93.jar, it does not contain dependency information.
[20Jul2026 16:47:33.339] [main/TRACE] [net.neoforged.fml.loading.moddiscovery.locators.JarInJarDependencyLocator/]: Failed to load resource META-INF/jarjar/metadata.json from rxjava-3.1.12.jar, it does not contain dependency information.
[20Jul2026 16:47:33.341] [main/TRACE] [net.neoforged.fml.loading.moddiscovery.locators.JarInJarDependencyLocator/]: Failed to load resource META-INF/jarjar/metadata.json from jctools-core-4.0.5.jar, it does not contain dependency information.
[20Jul2026 16:47:33.341] [main/TRACE] [net.neoforged.fml.loading.moddiscovery.locators.JarInJarDependencyLocator/]: Failed to load resource META-INF/jarjar/metadata.json from mixinextras-neoforge-0.5.3.jar, it does not contain dependency information.
[20Jul2026 16:47:33.341] [main/TRACE] [net.neoforged.fml.loading.moddiscovery.locators.JarInJarDependencyLocator/]: Failed to load resource META-INF/jarjar/metadata.json from net.neoforged.neoforge-coremods-21.1.233.jar, it does not contain dependency information.
[20Jul2026 16:47:33.341] [main/TRACE] [net.neoforged.fml.loading.moddiscovery.locators.JarInJarDependencyLocator/]: Failed to load resource META-INF/jarjar/metadata.json from kotlin-reflect-2.3.0.jar, it does not contain dependency information.
[20Jul2026 16:47:33.341] [main/TRACE] [net.neoforged.fml.loading.moddiscovery.locators.JarInJarDependencyLocator/]: Failed to load resource META-INF/jarjar/metadata.json from kotlin-stdlib-2.3.0.jar, it does not contain dependency information.
[20Jul2026 16:47:33.341] [main/TRACE] [net.neoforged.fml.loading.moddiscovery.locators.JarInJarDependencyLocator/]: Failed to load resource META-INF/jarjar/metadata.json from kotlin-stdlib-jdk7-2.3.0.jar, it does not contain dependency information.
[20Jul2026 16:47:33.341] [main/TRACE] [net.neoforged.fml.loading.moddiscovery.locators.JarInJarDependencyLocator/]: Failed to load resource META-INF/jarjar/metadata.json from kotlin-stdlib-jdk8-2.3.0.jar, it does not contain dependency information.
[20Jul2026 16:47:33.341] [main/TRACE] [net.neoforged.fml.loading.moddiscovery.locators.JarInJarDependencyLocator/]: Failed to load resource META-INF/jarjar/metadata.json from kotlinx-coroutines-core-jvm-1.10.2.jar, it does not contain dependency information.
[20Jul2026 16:47:33.341] [main/TRACE] [net.neoforged.fml.loading.moddiscovery.locators.JarInJarDependencyLocator/]: Failed to load resource META-INF/jarjar/metadata.json from kotlinx-coroutines-jdk8-1.10.2.jar, it does not contain dependency information.
[20Jul2026 16:47:33.341] [main/TRACE] [net.neoforged.fml.loading.moddiscovery.locators.JarInJarDependencyLocator/]: Failed to load resource META-INF/jarjar/metadata.json from thedarkcolour.kfflang-5.11.0.jar, it does not contain dependency information.
[20Jul2026 16:47:33.341] [main/TRACE] [net.neoforged.fml.loading.moddiscovery.locators.JarInJarDependencyLocator/]: Failed to load resource META-INF/jarjar/metadata.json from thedarkcolour.kfflib-5.11.0.jar, it does not contain dependency information.
[20Jul2026 16:47:33.341] [main/TRACE] [net.neoforged.fml.loading.moddiscovery.locators.JarInJarDependencyLocator/]: Failed to load resource META-INF/jarjar/metadata.json from thedarkcolour.kffmod-5.11.0.jar, it does not contain dependency information.
[20Jul2026 16:47:33.341] [main/TRACE] [net.neoforged.fml.loading.moddiscovery.locators.JarInJarDependencyLocator/]: Failed to load resource META-INF/jarjar/metadata.json from kotlinx-serialization-core-jvm-1.9.0.jar, it does not contain dependency information.
[20Jul2026 16:47:33.341] [main/TRACE] [net.neoforged.fml.loading.moddiscovery.locators.JarInJarDependencyLocator/]: Failed to load resource META-INF/jarjar/metadata.json from kotlinx-serialization-json-jvm-1.9.0.jar, it does not contain dependency information.
[20Jul2026 16:47:33.341] [main/TRACE] [net.neoforged.fml.loading.moddiscovery.locators.JarInJarDependencyLocator/]: Failed to load resource META-INF/jarjar/metadata.json from snakeyaml-2.2.jar, it does not contain dependency information.
[20Jul2026 16:47:33.341] [main/TRACE] [net.neoforged.fml.loading.moddiscovery.locators.JarInJarDependencyLocator/]: Failed to load resource META-INF/jarjar/metadata.json from mixinextras-neoforge-0.5.0-rc.2.jar, it does not contain dependency information.
[20Jul2026 16:47:33.341] [main/TRACE] [net.neoforged.fml.loading.moddiscovery.locators.JarInJarDependencyLocator/]: Failed to load resource META-INF/jarjar/metadata.json from conditional-mixin-neoforge-0.6.4.jar, it does not contain dependency information.
[20Jul2026 16:47:33.342] [main/TRACE] [net.neoforged.fml.loading.moddiscovery.locators.JarInJarDependencyLocator/]: Failed to load resource META-INF/jarjar/metadata.json from sable-companion-common-1.21.1-1.6.0.jar, it does not contain dependency information.
[20Jul2026 16:47:33.342] [main/TRACE] [net.neoforged.fml.loading.moddiscovery.locators.JarInJarDependencyLocator/]: Failed to load resource META-INF/jarjar/metadata.json from dazzleconf-core-1.3.0-M2.jar, it does not contain dependency information.
[20Jul2026 16:47:33.342] [main/TRACE] [net.neoforged.fml.loading.moddiscovery.locators.JarInJarDependencyLocator/]: Failed to load resource META-INF/jarjar/metadata.json from snakeyaml-2.6.jar, it does not contain dependency information.
[20Jul2026 16:47:33.342] [main/TRACE] [net.neoforged.fml.loading.moddiscovery.locators.JarInJarDependencyLocator/]: Failed to load resource META-INF/jarjar/metadata.json from dazzleconf-ext-snakeyaml-1.3.0-M2.jar, it does not contain dependency information.
[20Jul2026 16:47:33.342] [main/TRACE] [net.neoforged.fml.loading.moddiscovery.locators.JarInJarDependencyLocator/]: Failed to load resource META-INF/jarjar/metadata.json from jankson-1.2.3.jar, it does not contain dependency information.
[20Jul2026 16:47:33.342] [main/TRACE] [net.neoforged.fml.loading.moddiscovery.locators.JarInJarDependencyLocator/]: Failed to load resource META-INF/jarjar/metadata.json from dev.eriksonn.aeronautics.aeronautics-neoforge-1.21.1-1.3.0.jar, it does not contain dependency information.
[20Jul2026 16:47:33.342] [main/TRACE] [net.neoforged.fml.loading.moddiscovery.locators.JarInJarDependencyLocator/]: Failed to load resource META-INF/jarjar/metadata.json from dev.ryanhcode.offroad.offroad-neoforge-1.21.1-1.3.0.jar, it does not contain dependency information.
[20Jul2026 16:47:33.342] [main/TRACE] [net.neoforged.fml.loading.moddiscovery.locators.JarInJarDependencyLocator/]: Failed to load resource META-INF/jarjar/metadata.json from dev.simulated_team.simulated.simulated-neoforge-1.21.1-1.3.0.jar, it does not contain dependency information.
[20Jul2026 16:47:33.342] [main/TRACE] [net.neoforged.fml.loading.moddiscovery.locators.JarInJarDependencyLocator/]: Failed to load resource META-INF/jarjar/metadata.json from Registrate-MC1.21-1.3.0+67.jar, it does not contain dependency information.
[20Jul2026 16:47:33.342] [main/TRACE] [net.neoforged.fml.loading.moddiscovery.locators.JarInJarDependencyLocator/]: Failed to load resource META-INF/jarjar/metadata.json from flywheel-neoforge-1.21.1-1.0.6.jar, it does not contain dependency information.
[20Jul2026 16:47:33.342] [main/TRACE] [net.neoforged.fml.loading.moddiscovery.locators.JarInJarDependencyLocator/]: Failed to load resource META-INF/jarjar/metadata.json from ponder-neoforge-1.0.82+mc1.21.1.jar, it does not contain dependency information.
[20Jul2026 16:47:33.342] [main/TRACE] [net.neoforged.fml.loading.moddiscovery.locators.JarInJarDependencyLocator/]: Failed to load resource META-INF/jarjar/metadata.json from sable-companion-common-1.21.1-1.5.0.jar, it does not contain dependency information.
[20Jul2026 16:47:33.342] [main/TRACE] [net.neoforged.fml.loading.moddiscovery.locators.JarInJarDependencyLocator/]: Failed to load resource META-INF/jarjar/metadata.json from core-3.4.0.jar, it does not contain dependency information.
[20Jul2026 16:47:33.342] [main/TRACE] [net.neoforged.fml.loading.moddiscovery.locators.JarInJarDependencyLocator/]: Failed to load resource META-INF/jarjar/metadata.json from javase-3.4.0.jar, it does not contain dependency information.
[20Jul2026 16:47:33.342] [main/TRACE] [net.neoforged.fml.loading.moddiscovery.locators.JarInJarDependencyLocator/]: Failed to load resource META-INF/jarjar/metadata.json from commons-codec-1.13.jar, it does not contain dependency information.
[20Jul2026 16:47:33.342] [main/TRACE] [net.neoforged.fml.loading.moddiscovery.locators.JarInJarDependencyLocator/]: Failed to load resource META-INF/jarjar/metadata.json from dev.mcstatus.watchtower.watchtower-core-2.0.6.jar, it does not contain dependency information.
[20Jul2026 16:47:33.342] [main/TRACE] [net.neoforged.fml.loading.moddiscovery.locators.JarInJarDependencyLocator/]: Failed to load resource META-INF/jarjar/metadata.json from dev.mcstatus.watchtower.watchtower-neoforge-common-1.1.0.jar, it does not contain dependency information.
[20Jul2026 16:47:33.342] [main/TRACE] [net.neoforged.fml.loading.moddiscovery.locators.JarInJarDependencyLocator/]: Failed to load resource META-INF/jarjar/metadata.json from totp-1.7.1.jar, it does not contain dependency information.
[20Jul2026 16:47:33.342] [main/TRACE] [net.neoforged.fml.loading.moddiscovery.locators.JarInJarDependencyLocator/]: Failed to load resource META-INF/jarjar/metadata.json from jankson-1.2.3.jar, it does not contain dependency information.
[20Jul2026 16:47:33.343] [main/DEBUG] [net.neoforged.fml.loading.moddiscovery.readers.JarModsDotTomlModFileReader/SCAN]: Found META-INF/MANIFEST.MF mod of type LIBRARY: 
[20Jul2026 16:47:33.343] [main/DEBUG] [net.neoforged.fml.loading.moddiscovery.readers.JarModsDotTomlModFileReader/SCAN]: Found META-INF/MANIFEST.MF mod of type LIBRARY: 
[20Jul2026 16:47:33.343] [main/DEBUG] [net.neoforged.fml.loading.moddiscovery.readers.JarModsDotTomlModFileReader/SCAN]: Found META-INF/MANIFEST.MF mod of type LIBRARY: 
[20Jul2026 16:47:33.346] [main/DEBUG] [net.neoforged.fml.loading.moddiscovery.readers.JarModsDotTomlModFileReader/SCAN]: Found META-INF/MANIFEST.MF mod of type LIBRARY: 
[20Jul2026 16:47:33.348] [main/DEBUG] [net.neoforged.fml.loading.moddiscovery.readers.JarModsDotTomlModFileReader/SCAN]: Found META-INF/MANIFEST.MF mod of type LIBRARY: 
[20Jul2026 16:47:33.350] [main/DEBUG] [net.neoforged.fml.loading.moddiscovery.readers.JarModsDotTomlModFileReader/SCAN]: Found META-INF/MANIFEST.MF mod of type LIBRARY: 
[20Jul2026 16:47:33.352] [main/DEBUG] [net.neoforged.fml.loading.moddiscovery.readers.JarModsDotTomlModFileReader/SCAN]: Found META-INF/MANIFEST.MF mod of type LIBRARY: 
[20Jul2026 16:47:33.352] [main/DEBUG] [net.neoforged.fml.loading.moddiscovery.readers.JarModsDotTomlModFileReader/SCAN]: Found META-INF/MANIFEST.MF mod of type LIBRARY: 
[20Jul2026 16:47:33.352] [main/DEBUG] [net.neoforged.fml.loading.moddiscovery.readers.JarModsDotTomlModFileReader/SCAN]: Found META-INF/MANIFEST.MF mod of type LIBRARY: 
[20Jul2026 16:47:33.353] [main/DEBUG] [net.neoforged.fml.loading.moddiscovery.readers.JarModsDotTomlModFileReader/SCAN]: Found META-INF/MANIFEST.MF mod of type LIBRARY: 
[20Jul2026 16:47:33.354] [main/DEBUG] [net.neoforged.fml.loading.moddiscovery.readers.JarModsDotTomlModFileReader/SCAN]: Found META-INF/MANIFEST.MF mod of type LIBRARY: 
[20Jul2026 16:47:33.355] [main/DEBUG] [net.neoforged.fml.loading.moddiscovery.readers.JarModsDotTomlModFileReader/SCAN]: Found META-INF/MANIFEST.MF mod of type LIBRARY: 
[20Jul2026 16:47:33.357] [main/DEBUG] [net.neoforged.fml.loading.moddiscovery.readers.JarModsDotTomlModFileReader/SCAN]: Found META-INF/MANIFEST.MF mod of type LIBRARY: 
[20Jul2026 16:47:33.432] [main/DEBUG] [net.neoforged.fml.loading.moddiscovery.readers.JarModsDotTomlModFileReader/SCAN]: Found META-INF/MANIFEST.MF mod of type LIBRARY: 
[20Jul2026 16:47:33.433] [main/DEBUG] [net.neoforged.fml.loading.moddiscovery.readers.JarModsDotTomlModFileReader/SCAN]: Found META-INF/MANIFEST.MF mod of type LIBRARY: 
[20Jul2026 16:47:33.433] [main/DEBUG] [net.neoforged.fml.loading.moddiscovery.readers.JarModsDotTomlModFileReader/SCAN]: Found META-INF/MANIFEST.MF mod of type LIBRARY: 
[20Jul2026 16:47:33.435] [main/DEBUG] [net.neoforged.fml.loading.moddiscovery.readers.JarModsDotTomlModFileReader/SCAN]: Found META-INF/MANIFEST.MF mod of type LIBRARY: 
[20Jul2026 16:47:33.435] [main/DEBUG] [net.neoforged.fml.loading.moddiscovery.readers.JarModsDotTomlModFileReader/SCAN]: Found META-INF/MANIFEST.MF mod of type LIBRARY: 
[20Jul2026 16:47:33.453] [main/DEBUG] [net.neoforged.fml.loading.moddiscovery.readers.JarModsDotTomlModFileReader/SCAN]: Found META-INF/MANIFEST.MF mod of type LIBRARY: 
[20Jul2026 16:47:33.460] [main/DEBUG] [net.neoforged.fml.loading.moddiscovery.readers.JarModsDotTomlModFileReader/SCAN]: Found META-INF/MANIFEST.MF mod of type LIBRARY: 
[20Jul2026 16:47:33.460] [main/TRACE] [net.neoforged.fml.loading.moddiscovery.locators.JarInJarDependencyLocator/]: Failed to load resource META-INF/jarjar/metadata.json from fabric-particles-v1-4.0.2+824f924c19.jar, it does not contain dependency information.
[20Jul2026 16:47:33.460] [main/TRACE] [net.neoforged.fml.loading.moddiscovery.locators.JarInJarDependencyLocator/]: Failed to load resource META-INF/jarjar/metadata.json from fabric-screen-api-v1-2.0.25+4228281319.jar, it does not contain dependency information.
[20Jul2026 16:47:33.460] [main/TRACE] [net.neoforged.fml.loading.moddiscovery.locators.JarInJarDependencyLocator/]: Failed to load resource META-INF/jarjar/metadata.json from fabric-game-rule-api-v1-1.0.53+36d727be19.jar, it does not contain dependency information.
[20Jul2026 16:47:33.460] [main/TRACE] [net.neoforged.fml.loading.moddiscovery.locators.JarInJarDependencyLocator/]: Failed to load resource META-INF/jarjar/metadata.json from fabric-renderer-indigo-1.7.0+4198af7119.jar, it does not contain dependency information.
[20Jul2026 16:47:33.460] [main/TRACE] [net.neoforged.fml.loading.moddiscovery.locators.JarInJarDependencyLocator/]: Failed to load resource META-INF/jarjar/metadata.json from fabric-command-api-v2-2.2.28+36d727be19.jar, it does not contain dependency information.
[20Jul2026 16:47:33.460] [main/TRACE] [net.neoforged.fml.loading.moddiscovery.locators.JarInJarDependencyLocator/]: Failed to load resource META-INF/jarjar/metadata.json from fabric-key-binding-api-v1-1.0.47+62cc7ce119.jar, it does not contain dependency information.
[20Jul2026 16:47:33.460] [main/TRACE] [net.neoforged.fml.loading.moddiscovery.locators.JarInJarDependencyLocator/]: Failed to load resource META-INF/jarjar/metadata.json from fabric-screen-handler-api-v1-1.3.88+8dbc56dd19.jar, it does not contain dependency information.
[20Jul2026 16:47:33.460] [main/TRACE] [net.neoforged.fml.loading.moddiscovery.locators.JarInJarDependencyLocator/]: Failed to load resource META-INF/jarjar/metadata.json from fabric-item-group-api-v1-4.1.7+e324903319.jar, it does not contain dependency information.
[20Jul2026 16:47:33.460] [main/TRACE] [net.neoforged.fml.loading.moddiscovery.locators.JarInJarDependencyLocator/]: Failed to load resource META-INF/jarjar/metadata.json from fabric-entity-events-v1-1.7.0+1af6e62419.jar, it does not contain dependency information.
[20Jul2026 16:47:33.460] [main/TRACE] [net.neoforged.fml.loading.moddiscovery.locators.JarInJarDependencyLocator/]: Failed to load resource META-INF/jarjar/metadata.json from fabric-object-builder-api-v1-15.2.1+cc242efd19.jar, it does not contain dependency information.
[20Jul2026 16:47:33.460] [main/TRACE] [net.neoforged.fml.loading.moddiscovery.locators.JarInJarDependencyLocator/]: Failed to load resource META-INF/jarjar/metadata.json from fabric-data-attachment-api-v1-1.4.3+58235da019.jar, it does not contain dependency information.
[20Jul2026 16:47:33.460] [main/TRACE] [net.neoforged.fml.loading.moddiscovery.locators.JarInJarDependencyLocator/]: Failed to load resource META-INF/jarjar/metadata.json from fabric-resource-loader-v0-1.3.1+4ea8954419.jar, it does not contain dependency information.
[20Jul2026 16:47:33.460] [main/TRACE] [net.neoforged.fml.loading.moddiscovery.locators.JarInJarDependencyLocator/]: Failed to load resource META-INF/jarjar/metadata.json from fabric-renderer-api-v1-3.4.0+9c40919e19.jar, it does not contain dependency information.
[20Jul2026 16:47:33.460] [main/TRACE] [net.neoforged.fml.loading.moddiscovery.locators.JarInJarDependencyLocator/]: Failed to load resource META-INF/jarjar/metadata.json from fabric-api-base-0.4.42+d1308ded19.jar, it does not contain dependency information.
[20Jul2026 16:47:33.460] [main/TRACE] [net.neoforged.fml.loading.moddiscovery.locators.JarInJarDependencyLocator/]: Failed to load resource META-INF/jarjar/metadata.json from fabric-data-generation-api-v1-20.2.28+2d91a6db19.jar, it does not contain dependency information.
[20Jul2026 16:47:33.460] [main/TRACE] [net.neoforged.fml.loading.moddiscovery.locators.JarInJarDependencyLocator/]: Failed to load resource META-INF/jarjar/metadata.json from fabric-item-api-v1-11.1.1+57cdfa8219.jar, it does not contain dependency information.
[20Jul2026 16:47:33.460] [main/TRACE] [net.neoforged.fml.loading.moddiscovery.locators.JarInJarDependencyLocator/]: Failed to load resource META-INF/jarjar/metadata.json from fabric-convention-tags-v2-2.11.0+87e5848019.jar, it does not contain dependency information.
[20Jul2026 16:47:33.460] [main/TRACE] [net.neoforged.fml.loading.moddiscovery.locators.JarInJarDependencyLocator/]: Failed to load resource META-INF/jarjar/metadata.json from fabric-networking-api-v1-4.3.0+4f690eb619.jar, it does not contain dependency information.
[20Jul2026 16:47:33.460] [main/TRACE] [net.neoforged.fml.loading.moddiscovery.locators.JarInJarDependencyLocator/]: Failed to load resource META-INF/jarjar/metadata.json from fabric-resource-conditions-api-v1-4.3.0+5bdd099819.jar, it does not contain dependency information.
[20Jul2026 16:47:33.460] [main/TRACE] [net.neoforged.fml.loading.moddiscovery.locators.JarInJarDependencyLocator/]: Failed to load resource META-INF/jarjar/metadata.json from fabric-events-interaction-v0-0.7.13+7b71cc1619.jar, it does not contain dependency information.
[20Jul2026 16:47:33.460] [main/TRACE] [net.neoforged.fml.loading.moddiscovery.locators.JarInJarDependencyLocator/]: Failed to load resource META-INF/jarjar/metadata.json from fabric-convention-tags-v1-2.1.4+7f945d5b19.jar, it does not contain dependency information.
[20Jul2026 16:47:33.460] [main/TRACE] [net.neoforged.fml.loading.moddiscovery.locators.JarInJarDependencyLocator/]: Failed to load resource META-INF/jarjar/metadata.json from fabric-rendering-fluids-v1-3.1.6+857185bc19.jar, it does not contain dependency information.
[20Jul2026 16:47:33.460] [main/TRACE] [net.neoforged.fml.loading.moddiscovery.locators.JarInJarDependencyLocator/]: Failed to load resource META-INF/jarjar/metadata.json from fabric-blockrenderlayer-v1-1.1.52+b089b4bd19.jar, it does not contain dependency information.
[20Jul2026 16:47:33.460] [main/TRACE] [net.neoforged.fml.loading.moddiscovery.locators.JarInJarDependencyLocator/]: Failed to load resource META-INF/jarjar/metadata.json from fabric-transfer-api-v1-5.4.2+a25cb45619.jar, it does not contain dependency information.
[20Jul2026 16:47:33.460] [main/TRACE] [net.neoforged.fml.loading.moddiscovery.locators.JarInJarDependencyLocator/]: Failed to load resource META-INF/jarjar/metadata.json from fabric-lifecycle-events-v1-2.5.0+a2ee258a19.jar, it does not contain dependency information.
[20Jul2026 16:47:33.460] [main/TRACE] [net.neoforged.fml.loading.moddiscovery.locators.JarInJarDependencyLocator/]: Failed to load resource META-INF/jarjar/metadata.json from fabric-model-loading-api-v1-2.0.0+986ae77219.jar, it does not contain dependency information.
[20Jul2026 16:47:33.460] [main/TRACE] [net.neoforged.fml.loading.moddiscovery.locators.JarInJarDependencyLocator/]: Failed to load resource META-INF/jarjar/metadata.json from fabric-gametest-api-v1-2.0.5+29f188ce19.jar, it does not contain dependency information.
[20Jul2026 16:47:33.460] [main/TRACE] [net.neoforged.fml.loading.moddiscovery.locators.JarInJarDependencyLocator/]: Failed to load resource META-INF/jarjar/metadata.json from fabric-registry-sync-v0-5.2.0+867470b919.jar, it does not contain dependency information.
[20Jul2026 16:47:33.460] [main/TRACE] [net.neoforged.fml.loading.moddiscovery.locators.JarInJarDependencyLocator/]: Failed to load resource META-INF/jarjar/metadata.json from fabric-loot-api-v3-1.0.3+333dfad919.jar, it does not contain dependency information.
[20Jul2026 16:47:33.460] [main/TRACE] [net.neoforged.fml.loading.moddiscovery.locators.JarInJarDependencyLocator/]: Failed to load resource META-INF/jarjar/metadata.json from fabric-sound-api-v1-1.0.23+10b84f8419.jar, it does not contain dependency information.
[20Jul2026 16:47:33.460] [main/TRACE] [net.neoforged.fml.loading.moddiscovery.locators.JarInJarDependencyLocator/]: Failed to load resource META-INF/jarjar/metadata.json from fabric-transitive-access-wideners-v1-6.2.0+6c854b6f19.jar, it does not contain dependency information.
[20Jul2026 16:47:33.460] [main/TRACE] [net.neoforged.fml.loading.moddiscovery.locators.JarInJarDependencyLocator/]: Failed to load resource META-INF/jarjar/metadata.json from fabric-content-registries-v0-8.0.18+0a0c14ff19.jar, it does not contain dependency information.
[20Jul2026 16:47:33.460] [main/TRACE] [net.neoforged.fml.loading.moddiscovery.locators.JarInJarDependencyLocator/]: Failed to load resource META-INF/jarjar/metadata.json from fabric-client-tags-api-v1-1.1.15+e053909619.jar, it does not contain dependency information.
[20Jul2026 16:47:33.460] [main/TRACE] [net.neoforged.fml.loading.moddiscovery.locators.JarInJarDependencyLocator/]: Failed to load resource META-INF/jarjar/metadata.json from fabric-rendering-data-attachment-v1-0.3.49+73761d2e19.jar, it does not contain dependency information.
[20Jul2026 16:47:33.460] [main/TRACE] [net.neoforged.fml.loading.moddiscovery.locators.JarInJarDependencyLocator/]: Failed to load resource META-INF/jarjar/metadata.json from fabric-recipe-api-v1-5.0.14+59440bcc19.jar, it does not contain dependency information.
[20Jul2026 16:47:33.460] [main/TRACE] [net.neoforged.fml.loading.moddiscovery.locators.JarInJarDependencyLocator/]: Failed to load resource META-INF/jarjar/metadata.json from forgified-fabric-loader-2.5.29+0.16.0+1.21-full.jar, it does not contain dependency information.
[20Jul2026 16:47:33.460] [main/TRACE] [net.neoforged.fml.loading.moddiscovery.locators.JarInJarDependencyLocator/]: Failed to load resource META-INF/jarjar/metadata.json from fabric-block-view-api-v2-1.0.11+e9036fd419.jar, it does not contain dependency information.
[20Jul2026 16:47:33.460] [main/TRACE] [net.neoforged.fml.loading.moddiscovery.locators.JarInJarDependencyLocator/]: Failed to load resource META-INF/jarjar/metadata.json from fabric-api-lookup-api-v1-1.6.70+c21168c319.jar, it does not contain dependency information.
[20Jul2026 16:47:33.460] [main/TRACE] [net.neoforged.fml.loading.moddiscovery.locators.JarInJarDependencyLocator/]: Failed to load resource META-INF/jarjar/metadata.json from fabric-biome-api-v1-13.0.31+1e62d33c19.jar, it does not contain dependency information.
[20Jul2026 16:47:33.460] [main/TRACE] [net.neoforged.fml.loading.moddiscovery.locators.JarInJarDependencyLocator/]: Failed to load resource META-INF/jarjar/metadata.json from fabric-rendering-v1-5.0.5+077ba95f19.jar, it does not contain dependency information.
[20Jul2026 16:47:33.460] [main/TRACE] [net.neoforged.fml.loading.moddiscovery.locators.JarInJarDependencyLocator/]: Failed to load resource META-INF/jarjar/metadata.json from fabric-message-api-v1-6.0.13+e053909619.jar, it does not contain dependency information.
[20Jul2026 16:47:33.460] [main/TRACE] [net.neoforged.fml.loading.moddiscovery.locators.JarInJarDependencyLocator/]: Failed to load resource META-INF/jarjar/metadata.json from fabric-block-api-v1-1.0.22+a6e994cd19.jar, it does not contain dependency information.
[20Jul2026 16:47:33.460] [main/TRACE] [net.neoforged.fml.loading.moddiscovery.locators.JarInJarDependencyLocator/]: Failed to load resource META-INF/jarjar/metadata.json from fabric-loot-api-v2-3.0.15+a3ee712d19.jar, it does not contain dependency information.
[20Jul2026 16:47:33.460] [main/TRACE] [net.neoforged.fml.loading.moddiscovery.locators.JarInJarDependencyLocator/]: Failed to load resource META-INF/jarjar/metadata.json from pridelib-1.2.4+1.21.1-mojmap.jar, it does not contain dependency information.
[20Jul2026 16:47:33.461] [main/DEBUG] [net.neoforged.fml.loading.moddiscovery.readers.JarModsDotTomlModFileReader/SCAN]: Found META-INF/MANIFEST.MF mod of type GAMELIBRARY: 
[20Jul2026 16:47:33.461] [main/DEBUG] [net.neoforged.fml.loading.moddiscovery.readers.JarModsDotTomlModFileReader/SCAN]: Found META-INF/MANIFEST.MF mod of type GAMELIBRARY: 
[20Jul2026 16:47:33.462] [main/DEBUG] [net.neoforged.fml.loading.moddiscovery.readers.JarModsDotTomlModFileReader/SCAN]: Found META-INF/MANIFEST.MF mod of type GAMELIBRARY: 
[20Jul2026 16:47:33.462] [main/TRACE] [net.neoforged.fml.loading.moddiscovery.locators.JarInJarDependencyLocator/]: Failed to load resource META-INF/jarjar/metadata.json from spruceui-6.2.5+1.21.1-mojmap.jar, it does not contain dependency information.
[20Jul2026 16:47:33.462] [main/DEBUG] [net.neoforged.fml.loading.moddiscovery.readers.JarModsDotTomlModFileReader/SCAN]: Found META-INF/MANIFEST.MF mod of type GAMELIBRARY: 
[20Jul2026 16:47:33.463] [main/DEBUG] [net.neoforged.fml.loading.moddiscovery.readers.JarModsDotTomlModFileReader/SCAN]: Found META-INF/MANIFEST.MF mod of type GAMELIBRARY: 
[20Jul2026 16:47:33.463] [main/DEBUG] [net.neoforged.fml.loading.moddiscovery.readers.JarModsDotTomlModFileReader/SCAN]: Found META-INF/MANIFEST.MF mod of type GAMELIBRARY: 
[20Jul2026 16:47:33.463] [main/TRACE] [net.neoforged.fml.loading.moddiscovery.locators.JarInJarDependencyLocator/]: Failed to load resource META-INF/jarjar/metadata.json from molang-compiler-3.1.1.19.jar, it does not contain dependency information.
[20Jul2026 16:47:33.463] [main/TRACE] [net.neoforged.fml.loading.moddiscovery.locators.JarInJarDependencyLocator/]: Failed to load resource META-INF/jarjar/metadata.json from glsl-processor-0.2.3.jar, it does not contain dependency information.
[20Jul2026 16:47:33.463] [main/TRACE] [net.neoforged.fml.loading.moddiscovery.locators.JarInJarDependencyLocator/]: Failed to load resource META-INF/jarjar/metadata.json from MixinSquared-0.2.0-beta.6.jar, it does not contain dependency information.
[20Jul2026 16:47:33.464] [main/TRACE] [net.neoforged.fml.loading.moddiscovery.locators.JarInJarDependencyLocator/]: Failed to load resource META-INF/jarjar/metadata.json from MixinSquared-0.3.3.jar, it does not contain dependency information.
[20Jul2026 16:47:33.464] [main/TRACE] [net.neoforged.fml.loading.moddiscovery.locators.JarInJarDependencyLocator/]: Failed to load resource META-INF/jarjar/metadata.json from groovy-datetime-4.0.24.jar, it does not contain dependency information.
[20Jul2026 16:47:33.464] [main/TRACE] [net.neoforged.fml.loading.moddiscovery.locators.JarInJarDependencyLocator/]: Failed to load resource META-INF/jarjar/metadata.json from groovy-nio-4.0.24.jar, it does not contain dependency information.
[20Jul2026 16:47:33.464] [main/TRACE] [net.neoforged.fml.loading.moddiscovery.locators.JarInJarDependencyLocator/]: Failed to load resource META-INF/jarjar/metadata.json from groovy-macro-library-4.0.24.jar, it does not contain dependency information.
[20Jul2026 16:47:33.464] [main/TRACE] [net.neoforged.fml.loading.moddiscovery.locators.JarInJarDependencyLocator/]: Failed to load resource META-INF/jarjar/metadata.json from groovy-ginq-4.0.24.jar, it does not contain dependency information.
[20Jul2026 16:47:33.464] [main/TRACE] [net.neoforged.fml.loading.moddiscovery.locators.JarInJarDependencyLocator/]: Failed to load resource META-INF/jarjar/metadata.json from groovy-macro-4.0.24.jar, it does not contain dependency information.
[20Jul2026 16:47:33.464] [main/TRACE] [net.neoforged.fml.loading.moddiscovery.locators.JarInJarDependencyLocator/]: Failed to load resource META-INF/jarjar/metadata.json from groovy-templates-4.0.24.jar, it does not contain dependency information.
[20Jul2026 16:47:33.464] [main/TRACE] [net.neoforged.fml.loading.moddiscovery.locators.JarInJarDependencyLocator/]: Failed to load resource META-INF/jarjar/metadata.json from groovy-xml-4.0.24.jar, it does not contain dependency information.
[20Jul2026 16:47:33.464] [main/TRACE] [net.neoforged.fml.loading.moddiscovery.locators.JarInJarDependencyLocator/]: Failed to load resource META-INF/jarjar/metadata.json from groovy-typecheckers-4.0.24.jar, it does not contain dependency information.
[20Jul2026 16:47:33.464] [main/TRACE] [net.neoforged.fml.loading.moddiscovery.locators.JarInJarDependencyLocator/]: Failed to load resource META-INF/jarjar/metadata.json from groovy-dateutil-4.0.24.jar, it does not contain dependency information.
[20Jul2026 16:47:33.464] [main/TRACE] [net.neoforged.fml.loading.moddiscovery.locators.JarInJarDependencyLocator/]: Failed to load resource META-INF/jarjar/metadata.json from groovy-toml-4.0.24.jar, it does not contain dependency information.
[20Jul2026 16:47:33.464] [main/TRACE] [net.neoforged.fml.loading.moddiscovery.locators.JarInJarDependencyLocator/]: Failed to load resource META-INF/jarjar/metadata.json from groovy-json-4.0.24.jar, it does not contain dependency information.
[20Jul2026 16:47:33.464] [main/TRACE] [net.neoforged.fml.loading.moddiscovery.locators.JarInJarDependencyLocator/]: Failed to load resource META-INF/jarjar/metadata.json from groovy-contracts-4.0.24.jar, it does not contain dependency information.
[20Jul2026 16:47:33.464] [main/TRACE] [net.neoforged.fml.loading.moddiscovery.locators.JarInJarDependencyLocator/]: Failed to load resource META-INF/jarjar/metadata.json from opensesame-groovy-0.5.13.jar, it does not contain dependency information.
[20Jul2026 16:47:33.464] [main/TRACE] [net.neoforged.fml.loading.moddiscovery.locators.JarInJarDependencyLocator/]: Failed to load resource META-INF/jarjar/metadata.json from groovy-4.0.24.jar, it does not contain dependency information.
[20Jul2026 16:47:33.464] [main/TRACE] [net.neoforged.fml.loading.moddiscovery.locators.JarInJarDependencyLocator/]: Failed to load resource META-INF/jarjar/metadata.json from opensesame-compile-0.5.13.jar, it does not contain dependency information.
[20Jul2026 16:47:33.464] [main/TRACE] [net.neoforged.fml.loading.moddiscovery.locators.JarInJarDependencyLocator/]: Failed to load resource META-INF/jarjar/metadata.json from opensesame-core-0.5.13.jar, it does not contain dependency information.
[20Jul2026 16:47:33.464] [main/TRACE] [net.neoforged.fml.loading.moddiscovery.locators.JarInJarDependencyLocator/]: Failed to load resource META-INF/jarjar/metadata.json from jackson-annotations-2.18.1.jar, it does not contain dependency information.
[20Jul2026 16:47:33.464] [main/TRACE] [net.neoforged.fml.loading.moddiscovery.locators.JarInJarDependencyLocator/]: Failed to load resource META-INF/jarjar/metadata.json from jackson-dataformat-toml-2.18.1.jar, it does not contain dependency information.
[20Jul2026 16:47:33.464] [main/TRACE] [net.neoforged.fml.loading.moddiscovery.locators.JarInJarDependencyLocator/]: Failed to load resource META-INF/jarjar/metadata.json from jackson-databind-2.18.1.jar, it does not contain dependency information.
[20Jul2026 16:47:33.464] [main/TRACE] [net.neoforged.fml.loading.moddiscovery.locators.JarInJarDependencyLocator/]: Failed to load resource META-INF/jarjar/metadata.json from jackson-core-2.18.1.jar, it does not contain dependency information.
[20Jul2026 16:47:33.464] [main/TRACE] [net.neoforged.fml.loading.moddiscovery.locators.JarInJarDependencyLocator/]: Failed to load resource META-INF/jarjar/metadata.json from yumi-commons-core-1.0.0.jar, it does not contain dependency information.
[20Jul2026 16:47:33.464] [main/TRACE] [net.neoforged.fml.loading.moddiscovery.locators.JarInJarDependencyLocator/]: Failed to load resource META-INF/jarjar/metadata.json from yumi-commons-collections-1.0.0.jar, it does not contain dependency information.
[20Jul2026 16:47:33.464] [main/TRACE] [net.neoforged.fml.loading.moddiscovery.locators.JarInJarDependencyLocator/]: Failed to load resource META-INF/jarjar/metadata.json from yumi-commons-event-1.0.0.jar, it does not contain dependency information.
[20Jul2026 16:47:33.464] [main/TRACE] [net.neoforged.fml.loading.moddiscovery.locators.JarInJarDependencyLocator/]: Failed to load resource META-INF/jarjar/metadata.json from yumi-commons-core-1.0.0.jar, it does not contain dependency information.
[20Jul2026 16:47:33.464] [main/TRACE] [net.neoforged.fml.loading.moddiscovery.locators.JarInJarDependencyLocator/]: Failed to load resource META-INF/jarjar/metadata.json from yumi-commons-collections-1.0.0.jar, it does not contain dependency information.
[20Jul2026 16:47:33.464] [main/TRACE] [net.neoforged.fml.loading.moddiscovery.locators.JarInJarDependencyLocator/]: Failed to load resource META-INF/jarjar/metadata.json from yumi-commons-event-1.0.0.jar, it does not contain dependency information.
[20Jul2026 16:47:33.475] [main/DEBUG] [net.neoforged.fml.loading.moddiscovery.readers.JarModsDotTomlModFileReader/SCAN]: Found META-INF/neoforge.mods.toml mod of type null: 
[20Jul2026 16:47:33.475] [main/DEBUG] [net.neoforged.fml.loading.moddiscovery.ModFileParser/LOADING]: Considering mod file candidate 
[20Jul2026 16:47:33.475] [main/DEBUG] [net.neoforged.fml.loading.moddiscovery.ModFileInfo/LOADING]: Found valid mod file fabric-item-api-v1-11.2.0+0c57911319.jar with {fabric_item_api_v1} mods - versions {11.2.0+0c57911319}
[20Jul2026 16:47:33.476] [main/DEBUG] [net.neoforged.fml.loading.moddiscovery.readers.JarModsDotTomlModFileReader/SCAN]: Found META-INF/neoforge.mods.toml mod of type null: 
[20Jul2026 16:47:33.476] [main/DEBUG] [net.neoforged.fml.loading.moddiscovery.ModFileParser/LOADING]: Considering mod file candidate 
[20Jul2026 16:47:33.476] [main/DEBUG] [net.neoforged.fml.loading.moddiscovery.ModFileInfo/LOADING]: Found valid mod file fabric-entity-events-v1-1.8.0+5ede667619.jar with {fabric_entity_events_v1} mods - versions {1.8.0+5ede667619}
[20Jul2026 16:47:33.477] [main/DEBUG] [net.neoforged.fml.loading.moddiscovery.readers.JarModsDotTomlModFileReader/SCAN]: Found META-INF/neoforge.mods.toml mod of type null: 
[20Jul2026 16:47:33.477] [main/DEBUG] [net.neoforged.fml.loading.moddiscovery.ModFileParser/LOADING]: Considering mod file candidate 
[20Jul2026 16:47:33.477] [main/DEBUG] [net.neoforged.fml.loading.moddiscovery.ModFileInfo/LOADING]: Found valid mod file fabric-lifecycle-events-v1-2.6.0+e40d8add19.jar with {fabric_lifecycle_events_v1} mods - versions {2.6.0+e40d8add19}
[20Jul2026 16:47:33.489] [main/DEBUG] [net.neoforged.fml.loading.moddiscovery.readers.JarModsDotTomlModFileReader/SCAN]: Found META-INF/neoforge.mods.toml mod of type null: 
[20Jul2026 16:47:33.489] [main/DEBUG] [net.neoforged.fml.loading.moddiscovery.ModFileParser/LOADING]: Considering mod file candidate 
[20Jul2026 16:47:33.490] [main/DEBUG] [net.neoforged.fml.loading.moddiscovery.ModFileInfo/LOADING]: Found valid mod file fabric-api-base-0.4.42+d1308ded19.jar with {fabric_api_base} mods - versions {0.4.42+d1308ded19}
[20Jul2026 16:47:33.490] [main/DEBUG] [net.neoforged.fml.loading.moddiscovery.readers.JarModsDotTomlModFileReader/SCAN]: Found META-INF/neoforge.mods.toml mod of type null: 
[20Jul2026 16:47:33.490] [main/DEBUG] [net.neoforged.fml.loading.moddiscovery.ModFileParser/LOADING]: Considering mod file candidate 
[20Jul2026 16:47:33.490] [main/DEBUG] [net.neoforged.fml.loading.moddiscovery.ModFileInfo/LOADING]: Found valid mod file fabric-gametest-api-v1-2.0.5+29f188ce19.jar with {fabric_gametest_api_v1} mods - versions {2.0.5+29f188ce19}
[20Jul2026 16:47:33.490] [main/DEBUG] [net.neoforged.fml.loading.moddiscovery.readers.JarModsDotTomlModFileReader/SCAN]: Found META-INF/MANIFEST.MF mod of type LIBRARY: 
[20Jul2026 16:47:33.492] [main/DEBUG] [net.neoforged.fml.loading.moddiscovery.readers.JarModsDotTomlModFileReader/SCAN]: Found META-INF/neoforge.mods.toml mod of type null: 
[20Jul2026 16:47:33.492] [main/DEBUG] [net.neoforged.fml.loading.moddiscovery.ModFileParser/LOADING]: Considering mod file candidate 
[20Jul2026 16:47:33.492] [main/DEBUG] [net.neoforged.fml.loading.moddiscovery.ModFileInfo/LOADING]: Found valid mod file fabric-transfer-api-v1-5.4.3+a25cb45619.jar with {fabric_transfer_api_v1} mods - versions {5.4.3+a25cb45619}
[20Jul2026 16:47:33.493] [main/DEBUG] [net.neoforged.fml.loading.moddiscovery.readers.JarModsDotTomlModFileReader/SCAN]: Found META-INF/neoforge.mods.toml mod of type null: 
[20Jul2026 16:47:33.493] [main/DEBUG] [net.neoforged.fml.loading.moddiscovery.ModFileParser/LOADING]: Considering mod file candidate 
[20Jul2026 16:47:33.493] [main/DEBUG] [net.neoforged.fml.loading.moddiscovery.ModFileInfo/LOADING]: Found valid mod file fabric-recipe-api-v1-5.0.15+59440bcc19.jar with {fabric_recipe_api_v1} mods - versions {5.0.15+59440bcc19}
[20Jul2026 16:47:33.493] [main/DEBUG] [net.neoforged.fml.loading.moddiscovery.readers.JarModsDotTomlModFileReader/SCAN]: Found META-INF/MANIFEST.MF mod of type GAMELIBRARY: 
[20Jul2026 16:47:33.494] [main/DEBUG] [net.neoforged.fml.loading.moddiscovery.readers.JarModsDotTomlModFileReader/SCAN]: Found META-INF/MANIFEST.MF mod of type LIBRARY: 
[20Jul2026 16:47:33.499] [main/DEBUG] [net.neoforged.fml.loading.moddiscovery.readers.JarModsDotTomlModFileReader/SCAN]: Found META-INF/MANIFEST.MF mod of type LIBRARY: 
[20Jul2026 16:47:33.500] [main/DEBUG] [net.neoforged.fml.loading.moddiscovery.readers.JarModsDotTomlModFileReader/SCAN]: Found META-INF/neoforge.mods.toml mod of type null: 
[20Jul2026 16:47:33.500] [main/DEBUG] [net.neoforged.fml.loading.moddiscovery.ModFileParser/LOADING]: Considering mod file candidate 
[20Jul2026 16:47:33.500] [main/DEBUG] [net.neoforged.fml.loading.moddiscovery.ModFileInfo/LOADING]: Found valid mod file fabric-key-binding-api-v1-1.0.47+62cc7ce119.jar with {fabric_key_binding_api_v1} mods - versions {1.0.47+62cc7ce119}
[20Jul2026 16:47:33.500] [main/DEBUG] [net.neoforged.fml.loading.moddiscovery.readers.JarModsDotTomlModFileReader/SCAN]: Found META-INF/neoforge.mods.toml mod of type null: 
[20Jul2026 16:47:33.500] [main/DEBUG] [net.neoforged.fml.loading.moddiscovery.ModFileParser/LOADING]: Considering mod file candidate 
[20Jul2026 16:47:33.500] [main/DEBUG] [net.neoforged.fml.loading.moddiscovery.ModFileInfo/LOADING]: Found valid mod file fabric-screen-handler-api-v1-1.3.90+8dbc56dd19.jar with {fabric_screen_handler_api_v1} mods - versions {1.3.90+8dbc56dd19}
[20Jul2026 16:47:33.501] [main/DEBUG] [net.neoforged.fml.loading.moddiscovery.readers.JarModsDotTomlModFileReader/SCAN]: Found META-INF/neoforge.mods.toml mod of type null: 
[20Jul2026 16:47:33.501] [main/DEBUG] [net.neoforged.fml.loading.moddiscovery.ModFileParser/LOADING]: Considering mod file candidate 
[20Jul2026 16:47:33.501] [main/DEBUG] [net.neoforged.fml.loading.moddiscovery.ModFileInfo/LOADING]: Found valid mod file c2me-fixes-chunkio-threading-issues-mc1.21.1-0.3.0+alpha.0.93.jar with {c2me_fixes_chunkio_threading_issues} mods - versions {0.3.0+alpha.0.93+1.21.1}
[20Jul2026 16:47:33.502] [main/DEBUG] [net.neoforged.fml.loading.moddiscovery.readers.JarModsDotTomlModFileReader/SCAN]: Found META-INF/neoforge.mods.toml mod of type null: 
[20Jul2026 16:47:33.502] [main/DEBUG] [net.neoforged.fml.loading.moddiscovery.ModFileParser/LOADING]: Considering mod file candidate 
[20Jul2026 16:47:33.502] [main/DEBUG] [net.neoforged.fml.loading.moddiscovery.ModFileInfo/LOADING]: Found valid mod file fabric-model-loading-api-v1-2.1.0+6e8f52c719.jar with {fabric_model_loading_api_v1} mods - versions {2.1.0+6e8f52c719}
[20Jul2026 16:47:33.502] [main/DEBUG] [net.neoforged.fml.loading.moddiscovery.readers.JarModsDotTomlModFileReader/SCAN]: Found META-INF/neoforge.mods.toml mod of type null: 
[20Jul2026 16:47:33.502] [main/DEBUG] [net.neoforged.fml.loading.moddiscovery.ModFileParser/LOADING]: Considering mod file candidate 
[20Jul2026 16:47:33.502] [main/DEBUG] [net.neoforged.fml.loading.moddiscovery.ModFileInfo/LOADING]: Found valid mod file c2me-server-utils-mc1.21.1-0.3.0+alpha.0.93.jar with {c2me_server_utils} mods - versions {0.3.0+alpha.0.93+1.21.1}
[20Jul2026 16:47:33.502] [main/DEBUG] [net.neoforged.fml.loading.moddiscovery.readers.JarModsDotTomlModFileReader/SCAN]: Found META-INF/neoforge.mods.toml mod of type null: 
[20Jul2026 16:47:33.502] [main/DEBUG] [net.neoforged.fml.loading.moddiscovery.ModFileParser/LOADING]: Considering mod file candidate 
[20Jul2026 16:47:33.503] [main/DEBUG] [net.neoforged.fml.loading.moddiscovery.ModFileInfo/LOADING]: Found valid mod file pridelib-1.2.4+1.21.1-mojmap.jar with {pride} mods - versions {1.2.4+1.21.1}
[20Jul2026 16:47:33.503] [main/DEBUG] [net.neoforged.fml.loading.moddiscovery.readers.JarModsDotTomlModFileReader/SCAN]: Found META-INF/neoforge.mods.toml mod of type null: 
[20Jul2026 16:47:33.504] [main/DEBUG] [net.neoforged.fml.loading.moddiscovery.ModFileParser/LOADING]: Considering mod file candidate 
[20Jul2026 16:47:33.504] [main/DEBUG] [net.neoforged.fml.loading.moddiscovery.ModFileInfo/LOADING]: Found valid mod file fabric-game-rule-api-v1-1.0.53+36d727be19.jar with {fabric_game_rule_api_v1} mods - versions {1.0.53+36d727be19}
[20Jul2026 16:47:33.510] [main/DEBUG] [net.neoforged.fml.loading.moddiscovery.readers.JarModsDotTomlModFileReader/SCAN]: Found META-INF/neoforge.mods.toml mod of type null: 
[20Jul2026 16:47:33.510] [main/DEBUG] [net.neoforged.fml.loading.moddiscovery.ModFileParser/LOADING]: Considering mod file candidate 
[20Jul2026 16:47:33.510] [main/DEBUG] [net.neoforged.fml.loading.moddiscovery.ModFileInfo/LOADING]: Found valid mod file flywheel-neoforge-1.21.1-1.0.6.jar with {flywheel} mods - versions {1.0.6}
[20Jul2026 16:47:33.511] [main/DEBUG] [net.neoforged.fml.loading.moddiscovery.readers.JarModsDotTomlModFileReader/SCAN]: Found META-INF/neoforge.mods.toml mod of type null: 
[20Jul2026 16:47:33.511] [main/DEBUG] [net.neoforged.fml.loading.moddiscovery.ModFileParser/LOADING]: Considering mod file candidate 
[20Jul2026 16:47:33.511] [main/DEBUG] [net.neoforged.fml.loading.moddiscovery.ModFileInfo/LOADING]: Found valid mod file fabric-convention-tags-v1-2.1.5+7f945d5b19.jar with {fabric_convention_tags_v1} mods - versions {2.1.5+7f945d5b19}
[20Jul2026 16:47:33.512] [main/DEBUG] [net.neoforged.fml.loading.moddiscovery.readers.JarModsDotTomlModFileReader/SCAN]: Found META-INF/MANIFEST.MF mod of type GAMELIBRARY: 
[20Jul2026 16:47:33.512] [main/DEBUG] [net.neoforged.fml.loading.moddiscovery.readers.JarModsDotTomlModFileReader/SCAN]: Found META-INF/MANIFEST.MF mod of type GAMELIBRARY: 
[20Jul2026 16:47:33.527] [main/DEBUG] [net.neoforged.fml.loading.moddiscovery.readers.JarModsDotTomlModFileReader/SCAN]: Found META-INF/neoforge.mods.toml mod of type null: 
[20Jul2026 16:47:33.527] [main/DEBUG] [net.neoforged.fml.loading.moddiscovery.ModFileParser/LOADING]: Considering mod file candidate 
[20Jul2026 16:47:33.528] [main/DEBUG] [net.neoforged.fml.loading.moddiscovery.ModFileInfo/LOADING]: Found valid mod file statuemenus-neoforge-21.1.0.jar with {statuemenus} mods - versions {21.1.0}
[20Jul2026 16:47:33.528] [main/DEBUG] [net.neoforged.fml.loading.moddiscovery.readers.JarModsDotTomlModFileReader/SCAN]: Found META-INF/neoforge.mods.toml mod of type null: 
[20Jul2026 16:47:33.528] [main/DEBUG] [net.neoforged.fml.loading.moddiscovery.ModFileParser/LOADING]: Considering mod file candidate 
[20Jul2026 16:47:33.528] [main/DEBUG] [net.neoforged.fml.loading.moddiscovery.ModFileInfo/LOADING]: Found valid mod file fabric-loot-api-v3-1.0.3+333dfad919.jar with {fabric_loot_api_v3} mods - versions {1.0.3+333dfad919}
[20Jul2026 16:47:33.529] [main/DEBUG] [net.neoforged.fml.loading.moddiscovery.readers.JarModsDotTomlModFileReader/SCAN]: Found META-INF/neoforge.mods.toml mod of type null: 
[20Jul2026 16:47:33.529] [main/DEBUG] [net.neoforged.fml.loading.moddiscovery.ModFileParser/LOADING]: Considering mod file candidate 
[20Jul2026 16:47:33.530] [main/DEBUG] [net.neoforged.fml.loading.moddiscovery.ModFileInfo/LOADING]: Found valid mod file percale-neoforge-1.0.0-beta.1.jar with {percale} mods - versions {1.0.0-beta.1}
[20Jul2026 16:47:33.530] [main/DEBUG] [net.neoforged.fml.loading.moddiscovery.readers.JarModsDotTomlModFileReader/SCAN]: Found META-INF/neoforge.mods.toml mod of type null: 
[20Jul2026 16:47:33.530] [main/DEBUG] [net.neoforged.fml.loading.moddiscovery.ModFileParser/LOADING]: Considering mod file candidate 
[20Jul2026 16:47:33.530] [main/DEBUG] [net.neoforged.fml.loading.moddiscovery.ModFileInfo/LOADING]: Found valid mod file thedarkcolour.kffmod-5.11.0.jar with {kotlinforforge} mods - versions {5.11.0}
[20Jul2026 16:47:33.581] [main/DEBUG] [net.neoforged.fml.loading.moddiscovery.readers.JarModsDotTomlModFileReader/SCAN]: Found META-INF/MANIFEST.MF mod of type LIBRARY: 
[20Jul2026 16:47:33.582] [main/DEBUG] [net.neoforged.fml.loading.moddiscovery.readers.JarModsDotTomlModFileReader/SCAN]: Found META-INF/neoforge.mods.toml mod of type null: 
[20Jul2026 16:47:33.582] [main/DEBUG] [net.neoforged.fml.loading.moddiscovery.ModFileParser/LOADING]: Considering mod file candidate 
[20Jul2026 16:47:33.582] [main/DEBUG] [net.neoforged.fml.loading.moddiscovery.ModFileInfo/LOADING]: Found valid mod file rei-bridge-1.12.1+1.21.1.jar with {connectorextras_rei_bridge} mods - versions {1.12.1+1.21.1}
[20Jul2026 16:47:33.585] [main/DEBUG] [net.neoforged.fml.loading.moddiscovery.readers.JarModsDotTomlModFileReader/SCAN]: Found META-INF/neoforge.mods.toml mod of type null: 
[20Jul2026 16:47:33.585] [main/DEBUG] [net.neoforged.fml.loading.moddiscovery.ModFileParser/LOADING]: Considering mod file candidate 
[20Jul2026 16:47:33.585] [main/DEBUG] [net.neoforged.fml.loading.moddiscovery.ModFileInfo/LOADING]: Found valid mod file fabric-object-builder-api-v1-15.2.1+cc242efd19.jar with {fabric_object_builder_api_v1} mods - versions {15.2.1+cc242efd19}
[20Jul2026 16:47:33.588] [main/DEBUG] [net.neoforged.fml.loading.moddiscovery.readers.JarModsDotTomlModFileReader/SCAN]: Found META-INF/neoforge.mods.toml mod of type null: 
[20Jul2026 16:47:33.588] [main/DEBUG] [net.neoforged.fml.loading.moddiscovery.ModFileParser/LOADING]: Considering mod file candidate 
[20Jul2026 16:47:33.588] [main/DEBUG] [net.neoforged.fml.loading.moddiscovery.ModFileInfo/LOADING]: Found valid mod file lambdynamiclights-4.8.8+1.21.1-neoforge.jar with {lambdynlights_runtime} mods - versions {4.8.8+1.21.1}
[20Jul2026 16:47:33.589] [main/DEBUG] [net.neoforged.fml.loading.moddiscovery.readers.JarModsDotTomlModFileReader/SCAN]: Found META-INF/neoforge.mods.toml mod of type null: 
[20Jul2026 16:47:33.589] [main/DEBUG] [net.neoforged.fml.loading.moddiscovery.ModFileParser/LOADING]: Considering mod file candidate 
[20Jul2026 16:47:33.590] [main/DEBUG] [net.neoforged.fml.loading.moddiscovery.ModFileInfo/LOADING]: Found valid mod file fabric-convention-tags-v2-2.11.1+87e5848019.jar with {fabric_convention_tags_v2} mods - versions {2.11.1+87e5848019}
[20Jul2026 16:47:33.590] [main/DEBUG] [net.neoforged.fml.loading.moddiscovery.readers.JarModsDotTomlModFileReader/SCAN]: Found META-INF/neoforge.mods.toml mod of type null: 
[20Jul2026 16:47:33.590] [main/DEBUG] [net.neoforged.fml.loading.moddiscovery.ModFileParser/LOADING]: Considering mod file candidate 
[20Jul2026 16:47:33.590] [main/DEBUG] [net.neoforged.fml.loading.moddiscovery.ModFileInfo/LOADING]: Found valid mod file fabric-command-api-v2-2.2.28+36d727be19.jar with {fabric_command_api_v2} mods - versions {2.2.28+36d727be19}
[20Jul2026 16:47:33.598] [main/DEBUG] [net.neoforged.fml.loading.moddiscovery.readers.JarModsDotTomlModFileReader/SCAN]: Found META-INF/MANIFEST.MF mod of type GAMELIBRARY: 
[20Jul2026 16:47:33.599] [main/DEBUG] [net.neoforged.fml.loading.moddiscovery.readers.JarModsDotTomlModFileReader/SCAN]: Found META-INF/neoforge.mods.toml mod of type null: 
[20Jul2026 16:47:33.599] [main/DEBUG] [net.neoforged.fml.loading.moddiscovery.ModFileParser/LOADING]: Considering mod file candidate 
[20Jul2026 16:47:33.600] [main/DEBUG] [net.neoforged.fml.loading.moddiscovery.ModFileInfo/LOADING]: Found valid mod file spruceui-6.2.5+1.21.1-mojmap.jar with {spruceui} mods - versions {6.2.5+1.21.1}
[20Jul2026 16:47:33.600] [main/DEBUG] [net.neoforged.fml.loading.moddiscovery.readers.JarModsDotTomlModFileReader/SCAN]: Found META-INF/neoforge.mods.toml mod of type null: 
[20Jul2026 16:47:33.600] [main/DEBUG] [net.neoforged.fml.loading.moddiscovery.ModFileParser/LOADING]: Considering mod file candidate 
[20Jul2026 16:47:33.600] [main/DEBUG] [net.neoforged.fml.loading.moddiscovery.ModFileInfo/LOADING]: Found valid mod file c2me-rewrites-chunkio-mc1.21.1-0.3.0+alpha.0.93.jar with {c2me_rewrites_chunkio} mods - versions {0.3.0+alpha.0.93+1.21.1}
[20Jul2026 16:47:33.601] [main/DEBUG] [net.neoforged.fml.loading.moddiscovery.readers.JarModsDotTomlModFileReader/SCAN]: Found META-INF/neoforge.mods.toml mod of type null: 
[20Jul2026 16:47:33.601] [main/DEBUG] [net.neoforged.fml.loading.moddiscovery.ModFileParser/LOADING]: Considering mod file candidate 
[20Jul2026 16:47:33.601] [main/DEBUG] [net.neoforged.fml.loading.moddiscovery.ModFileInfo/LOADING]: Found valid mod file c2me-opts-worldgen-vanilla-mc1.21.1-0.3.0+alpha.0.93.jar with {c2me_opts_worldgen_vanilla} mods - versions {0.3.0+alpha.0.93+1.21.1}
[20Jul2026 16:47:33.605] [main/DEBUG] [net.neoforged.fml.loading.moddiscovery.readers.JarModsDotTomlModFileReader/SCAN]: Found META-INF/neoforge.mods.toml mod of type null: 
[20Jul2026 16:47:33.605] [main/DEBUG] [net.neoforged.fml.loading.moddiscovery.ModFileParser/LOADING]: Considering mod file candidate 
[20Jul2026 16:47:33.605] [main/DEBUG] [net.neoforged.fml.loading.moddiscovery.ModFileInfo/LOADING]: Found valid mod file cgl-1.21-neoforge-0.5.1.jar with {commongroovylibrary} mods - versions {0.5.1}
[20Jul2026 16:47:33.607] [main/DEBUG] [net.neoforged.fml.loading.moddiscovery.readers.JarModsDotTomlModFileReader/SCAN]: Found META-INF/neoforge.mods.toml mod of type null: 
[20Jul2026 16:47:33.607] [main/DEBUG] [net.neoforged.fml.loading.moddiscovery.ModFileParser/LOADING]: Considering mod file candidate 
[20Jul2026 16:47:33.607] [main/DEBUG] [net.neoforged.fml.loading.moddiscovery.ModFileInfo/LOADING]: Found valid mod file lambdynamiclights-api-4.8.8+1.21.1-mojmap.jar with {lambdynlights_api} mods - versions {4.8.8+1.21.1}
[20Jul2026 16:47:33.607] [main/DEBUG] [net.neoforged.fml.loading.moddiscovery.readers.JarModsDotTomlModFileReader/SCAN]: Found META-INF/neoforge.mods.toml mod of type null: 
[20Jul2026 16:47:33.607] [main/DEBUG] [net.neoforged.fml.loading.moddiscovery.ModFileParser/LOADING]: Considering mod file candidate 
[20Jul2026 16:47:33.608] [main/DEBUG] [net.neoforged.fml.loading.moddiscovery.ModFileInfo/LOADING]: Found valid mod file kubejs-bridge-1.12.1+1.21.1.jar with {connectorextras_kubejs_bridge} mods - versions {1.12.1+1.21.1}
[20Jul2026 16:47:33.608] [main/DEBUG] [net.neoforged.fml.loading.moddiscovery.readers.JarModsDotTomlModFileReader/SCAN]: Found META-INF/MANIFEST.MF mod of type LIBRARY: 
[20Jul2026 16:47:33.611] [main/DEBUG] [net.neoforged.fml.loading.moddiscovery.readers.JarModsDotTomlModFileReader/SCAN]: Found META-INF/MANIFEST.MF mod of type GAMELIBRARY: 
[20Jul2026 16:47:33.612] [main/DEBUG] [net.neoforged.fml.loading.moddiscovery.readers.JarModsDotTomlModFileReader/SCAN]: Found META-INF/neoforge.mods.toml mod of type null: 
[20Jul2026 16:47:33.612] [main/DEBUG] [net.neoforged.fml.loading.moddiscovery.ModFileParser/LOADING]: Considering mod file candidate 
[20Jul2026 16:47:33.612] [main/DEBUG] [net.neoforged.fml.loading.moddiscovery.ModFileInfo/LOADING]: Found valid mod file yumi-mc-foundation-1.0.0-beta.1+1.21.1-mojmap.jar with {yumi_mc_core} mods - versions {1.0.0-beta.1+1.21.1}
[20Jul2026 16:47:33.613] [main/DEBUG] [net.neoforged.fml.loading.moddiscovery.readers.JarModsDotTomlModFileReader/SCAN]: Found META-INF/neoforge.mods.toml mod of type null: 
[20Jul2026 16:47:33.613] [main/DEBUG] [net.neoforged.fml.loading.moddiscovery.ModFileParser/LOADING]: Considering mod file candidate 
[20Jul2026 16:47:33.613] [main/DEBUG] [net.neoforged.fml.loading.moddiscovery.ModFileInfo/LOADING]: Found valid mod file com.kneelawk.extra-mod-integrations.extra-mod-integrations-farmers-delight-neoforge-1.0.3+1.21.1.jar with {extra_mod_integrations_farmers_delight} mods - versions {1.0.3+1.21.1}
[20Jul2026 16:47:33.613] [main/DEBUG] [net.neoforged.fml.loading.moddiscovery.readers.JarModsDotTomlModFileReader/SCAN]: Found META-INF/neoforge.mods.toml mod of type null: 
[20Jul2026 16:47:33.613] [main/DEBUG] [net.neoforged.fml.loading.moddiscovery.ModFileParser/LOADING]: Considering mod file candidate 
[20Jul2026 16:47:33.613] [main/DEBUG] [net.neoforged.fml.loading.moddiscovery.ModFileInfo/LOADING]: Found valid mod file c2me-opts-chunkio-mc1.21.1-0.3.0+alpha.0.93.jar with {c2me_opts_chunkio} mods - versions {0.3.0+alpha.0.93+1.21.1}
[20Jul2026 16:47:33.615] [main/DEBUG] [net.neoforged.fml.loading.moddiscovery.readers.JarModsDotTomlModFileReader/SCAN]: Found META-INF/MANIFEST.MF mod of type LIBRARY: 
[20Jul2026 16:47:33.616] [main/DEBUG] [net.neoforged.fml.loading.moddiscovery.readers.JarModsDotTomlModFileReader/SCAN]: Found META-INF/neoforge.mods.toml mod of type null: 
[20Jul2026 16:47:33.616] [main/DEBUG] [net.neoforged.fml.loading.moddiscovery.ModFileParser/LOADING]: Considering mod file candidate 
[20Jul2026 16:47:33.616] [main/DEBUG] [net.neoforged.fml.loading.moddiscovery.ModFileInfo/LOADING]: Found valid mod file fabric-particles-v1-4.0.2+824f924c19.jar with {fabric_particles_v1} mods - versions {4.0.2+824f924c19}
[20Jul2026 16:47:33.617] [main/DEBUG] [net.neoforged.fml.loading.moddiscovery.readers.JarModsDotTomlModFileReader/SCAN]: Found META-INF/MANIFEST.MF mod of type LIBRARY: 
[20Jul2026 16:47:33.621] [main/DEBUG] [net.neoforged.fml.loading.moddiscovery.readers.JarModsDotTomlModFileReader/SCAN]: Found META-INF/MANIFEST.MF mod of type LIBRARY: 
[20Jul2026 16:47:33.647] [main/DEBUG] [net.neoforged.fml.loading.moddiscovery.readers.JarModsDotTomlModFileReader/SCAN]: Found META-INF/neoforge.mods.toml mod of type null: 
[20Jul2026 16:47:33.647] [main/DEBUG] [net.neoforged.fml.loading.moddiscovery.ModFileParser/LOADING]: Considering mod file candidate 
[20Jul2026 16:47:33.647] [main/DEBUG] [net.neoforged.fml.loading.moddiscovery.ModFileInfo/LOADING]: Found valid mod file c2me-opts-dfc-mc1.21.1-0.3.0+alpha.0.93.jar with {c2me_opts_dfc} mods - versions {0.3.0+alpha.0.93+1.21.1}
[20Jul2026 16:47:33.649] [main/DEBUG] [net.neoforged.fml.loading.moddiscovery.readers.JarModsDotTomlModFileReader/SCAN]: Found META-INF/neoforge.mods.toml mod of type null: 
[20Jul2026 16:47:33.649] [main/DEBUG] [net.neoforged.fml.loading.moddiscovery.ModFileParser/LOADING]: Considering mod file candidate 
[20Jul2026 16:47:33.649] [main/DEBUG] [net.neoforged.fml.loading.moddiscovery.ModFileInfo/LOADING]: Found valid mod file fabric-networking-api-v1-4.3.0+30a980d919.jar with {fabric_networking_api_v1} mods - versions {4.3.0+30a980d919}
[20Jul2026 16:47:33.651] [main/DEBUG] [net.neoforged.fml.loading.moddiscovery.readers.JarModsDotTomlModFileReader/SCAN]: Found META-INF/MANIFEST.MF mod of type GAMELIBRARY: 
[20Jul2026 16:47:33.651] [main/DEBUG] [net.neoforged.fml.loading.moddiscovery.readers.JarModsDotTomlModFileReader/SCAN]: Found META-INF/neoforge.mods.toml mod of type null: 
[20Jul2026 16:47:33.651] [main/DEBUG] [net.neoforged.fml.loading.moddiscovery.ModFileParser/LOADING]: Considering mod file candidate 
[20Jul2026 16:47:33.651] [main/DEBUG] [net.neoforged.fml.loading.moddiscovery.ModFileInfo/LOADING]: Found valid mod file pehkui-bridge-1.12.1+1.21.1.jar with {connectorextras_pehkui_bridge} mods - versions {1.12.1+1.21.1}
[20Jul2026 16:47:33.651] [main/DEBUG] [net.neoforged.fml.loading.moddiscovery.readers.JarModsDotTomlModFileReader/SCAN]: Found META-INF/neoforge.mods.toml mod of type null: 
[20Jul2026 16:47:33.651] [main/DEBUG] [net.neoforged.fml.loading.moddiscovery.ModFileParser/LOADING]: Considering mod file candidate 
[20Jul2026 16:47:33.652] [main/DEBUG] [net.neoforged.fml.loading.moddiscovery.ModFileInfo/LOADING]: Found valid mod file kuma-api-neoforge-21.0.8+1.21.jar with {kuma_api} mods - versions {21.0.8}
[20Jul2026 16:47:33.652] [main/DEBUG] [net.neoforged.fml.loading.moddiscovery.readers.JarModsDotTomlModFileReader/SCAN]: Found META-INF/MANIFEST.MF mod of type LIBRARY: 
[20Jul2026 16:47:33.681] [main/DEBUG] [net.neoforged.fml.loading.moddiscovery.readers.JarModsDotTomlModFileReader/SCAN]: Found META-INF/neoforge.mods.toml mod of type null: 
[20Jul2026 16:47:33.681] [main/DEBUG] [net.neoforged.fml.loading.moddiscovery.ModFileParser/LOADING]: Considering mod file candidate 
[20Jul2026 16:47:33.682] [main/DEBUG] [net.neoforged.fml.loading.moddiscovery.ModFileInfo/LOADING]: Found valid mod file dev.eriksonn.aeronautics.aeronautics-neoforge-1.21.1-1.3.0.jar with {aeronautics} mods - versions {1.3.0}
[20Jul2026 16:47:33.682] [main/DEBUG] [net.neoforged.fml.loading.moddiscovery.readers.JarModsDotTomlModFileReader/SCAN]: Found META-INF/neoforge.mods.toml mod of type null: 
[20Jul2026 16:47:33.682] [main/DEBUG] [net.neoforged.fml.loading.moddiscovery.ModFileParser/LOADING]: Considering mod file candidate 
[20Jul2026 16:47:33.682] [main/DEBUG] [net.neoforged.fml.loading.moddiscovery.ModFileInfo/LOADING]: Found valid mod file com.kneelawk.extra-mod-integrations.extra-mod-integrations-chipped-neoforge-1.0.3+1.21.1.jar with {extra_mod_integrations_chipped} mods - versions {1.0.3+1.21.1}
[20Jul2026 16:47:33.683] [main/DEBUG] [net.neoforged.fml.loading.moddiscovery.readers.JarModsDotTomlModFileReader/SCAN]: Found META-INF/neoforge.mods.toml mod of type null: 
[20Jul2026 16:47:33.683] [main/DEBUG] [net.neoforged.fml.loading.moddiscovery.ModFileParser/LOADING]: Considering mod file candidate 
[20Jul2026 16:47:33.684] [main/DEBUG] [net.neoforged.fml.loading.moddiscovery.ModFileInfo/LOADING]: Found valid mod file c2me-opts-scheduling-mc1.21.1-0.3.0+alpha.0.93.jar with {c2me_opts_scheduling} mods - versions {0.3.0+alpha.0.93+1.21.1}
[20Jul2026 16:47:33.684] [main/DEBUG] [net.neoforged.fml.loading.moddiscovery.readers.JarModsDotTomlModFileReader/SCAN]: Found META-INF/neoforge.mods.toml mod of type null: 
[20Jul2026 16:47:33.684] [main/DEBUG] [net.neoforged.fml.loading.moddiscovery.ModFileParser/LOADING]: Considering mod file candidate 
[20Jul2026 16:47:33.684] [main/DEBUG] [net.neoforged.fml.loading.moddiscovery.ModFileInfo/LOADING]: Found valid mod file fabric-block-api-v1-1.1.0+b0c22bb819.jar with {fabric_block_api_v1} mods - versions {1.1.0+b0c22bb819}
[20Jul2026 16:47:33.686] [main/DEBUG] [net.neoforged.fml.loading.moddiscovery.readers.JarModsDotTomlModFileReader/SCAN]: Found META-INF/MANIFEST.MF mod of type LIBRARY: 
[20Jul2026 16:47:33.687] [main/DEBUG] [net.neoforged.fml.loading.moddiscovery.readers.JarModsDotTomlModFileReader/SCAN]: Found META-INF/neoforge.mods.toml mod of type null: 
[20Jul2026 16:47:33.687] [main/DEBUG] [net.neoforged.fml.loading.moddiscovery.ModFileParser/LOADING]: Considering mod file candidate 
[20Jul2026 16:47:33.687] [main/DEBUG] [net.neoforged.fml.loading.moddiscovery.ModFileInfo/LOADING]: Found valid mod file fabric-rendering-fluids-v1-3.1.6+a51883b219.jar with {fabric_rendering_fluids_v1} mods - versions {3.1.6+a51883b219}
[20Jul2026 16:47:33.693] [main/DEBUG] [net.neoforged.fml.loading.moddiscovery.readers.JarModsDotTomlModFileReader/SCAN]: Found META-INF/MANIFEST.MF mod of type LIBRARY: 
[20Jul2026 16:47:33.694] [main/DEBUG] [net.neoforged.fml.loading.moddiscovery.readers.JarModsDotTomlModFileReader/SCAN]: Found META-INF/neoforge.mods.toml mod of type null: 
[20Jul2026 16:47:33.694] [main/DEBUG] [net.neoforged.fml.loading.moddiscovery.ModFileParser/LOADING]: Considering mod file candidate 
[20Jul2026 16:47:33.694] [main/DEBUG] [net.neoforged.fml.loading.moddiscovery.ModFileInfo/LOADING]: Found valid mod file fabric-resource-conditions-api-v1-4.3.0+5bdd099819.jar with {fabric_resource_conditions_api_v1} mods - versions {4.3.0+5bdd099819}
[20Jul2026 16:47:33.694] [main/DEBUG] [net.neoforged.fml.loading.moddiscovery.readers.JarModsDotTomlModFileReader/SCAN]: Found META-INF/neoforge.mods.toml mod of type null: 
[20Jul2026 16:47:33.694] [main/DEBUG] [net.neoforged.fml.loading.moddiscovery.ModFileParser/LOADING]: Considering mod file candidate 
[20Jul2026 16:47:33.695] [main/DEBUG] [net.neoforged.fml.loading.moddiscovery.ModFileInfo/LOADING]: Found valid mod file com.kneelawk.extra-mod-integrations.extra-mod-integrations-rechiseled-neoforge-1.0.3+1.21.1.jar with {extra_mod_integrations_rechiseled} mods - versions {1.0.3+1.21.1}
[20Jul2026 16:47:33.696] [main/DEBUG] [net.neoforged.fml.loading.moddiscovery.readers.JarModsDotTomlModFileReader/SCAN]: Found META-INF/neoforge.mods.toml mod of type null: 
[20Jul2026 16:47:33.696] [main/DEBUG] [net.neoforged.fml.loading.moddiscovery.ModFileParser/LOADING]: Considering mod file candidate 
[20Jul2026 16:47:33.696] [main/DEBUG] [net.neoforged.fml.loading.moddiscovery.ModFileInfo/LOADING]: Found valid mod file c2me-base-mc1.21.1-0.3.0+alpha.0.93-all.jar with {c2me_base} mods - versions {0.3.0+alpha.0.93+1.21.1}
[20Jul2026 16:47:33.700] [main/DEBUG] [net.neoforged.fml.loading.moddiscovery.readers.JarModsDotTomlModFileReader/SCAN]: Found META-INF/neoforge.mods.toml mod of type null: 
[20Jul2026 16:47:33.700] [main/DEBUG] [net.neoforged.fml.loading.moddiscovery.ModFileParser/LOADING]: Considering mod file candidate 
[20Jul2026 16:47:33.700] [main/DEBUG] [net.neoforged.fml.loading.moddiscovery.ModFileInfo/LOADING]: Found valid mod file c2me-opts-natives-math-mc1.21.1-0.3.0+alpha.0.93.jar with {c2me_opts_natives_math} mods - versions {0.3.0+alpha.0.93+1.21.1}
[20Jul2026 16:47:33.706] [main/DEBUG] [net.neoforged.fml.loading.moddiscovery.readers.JarModsDotTomlModFileReader/SCAN]: Found META-INF/neoforge.mods.toml mod of type null: 
[20Jul2026 16:47:33.706] [main/DEBUG] [net.neoforged.fml.loading.moddiscovery.ModFileParser/LOADING]: Considering mod file candidate 
[20Jul2026 16:47:33.706] [main/DEBUG] [net.neoforged.fml.loading.moddiscovery.ModFileInfo/LOADING]: Found valid mod file ponder-neoforge-1.0.82+mc1.21.1.jar with {ponder} mods - versions {1.0.82+mc1.21.1}
[20Jul2026 16:47:33.707] [main/DEBUG] [net.neoforged.fml.loading.moddiscovery.readers.JarModsDotTomlModFileReader/SCAN]: Found META-INF/neoforge.mods.toml mod of type null: 
[20Jul2026 16:47:33.707] [main/DEBUG] [net.neoforged.fml.loading.moddiscovery.ModFileParser/LOADING]: Considering mod file candidate 
[20Jul2026 16:47:33.707] [main/DEBUG] [net.neoforged.fml.loading.moddiscovery.ModFileInfo/LOADING]: Found valid mod file fabric-rendering-v1-5.1.0+1a09bd5a19.jar with {fabric_rendering_v1} mods - versions {5.1.0+1a09bd5a19}
[20Jul2026 16:47:33.708] [main/DEBUG] [net.neoforged.fml.loading.moddiscovery.readers.JarModsDotTomlModFileReader/SCAN]: Found META-INF/neoforge.mods.toml mod of type null: 
[20Jul2026 16:47:33.708] [main/DEBUG] [net.neoforged.fml.loading.moddiscovery.ModFileParser/LOADING]: Considering mod file candidate 
[20Jul2026 16:47:33.708] [main/DEBUG] [net.neoforged.fml.loading.moddiscovery.ModFileInfo/LOADING]: Found valid mod file fabric-resource-loader-v0-1.3.1+4ea8954419.jar with {fabric_resource_loader_v0} mods - versions {1.3.1+4ea8954419}
[20Jul2026 16:47:33.709] [main/DEBUG] [net.neoforged.fml.loading.moddiscovery.readers.JarModsDotTomlModFileReader/SCAN]: Found META-INF/neoforge.mods.toml mod of type null: 
[20Jul2026 16:47:33.709] [main/DEBUG] [net.neoforged.fml.loading.moddiscovery.ModFileParser/LOADING]: Considering mod file candidate 
[20Jul2026 16:47:33.709] [main/DEBUG] [net.neoforged.fml.loading.moddiscovery.ModFileInfo/LOADING]: Found valid mod file fabric-item-group-api-v1-4.1.7+e324903319.jar with {fabric_item_group_api_v1} mods - versions {4.1.7+e324903319}
[20Jul2026 16:47:33.710] [main/DEBUG] [net.neoforged.fml.loading.moddiscovery.readers.JarModsDotTomlModFileReader/SCAN]: Found META-INF/MANIFEST.MF mod of type LIBRARY: 
[20Jul2026 16:47:33.711] [main/DEBUG] [net.neoforged.fml.loading.moddiscovery.readers.JarModsDotTomlModFileReader/SCAN]: Found META-INF/MANIFEST.MF mod of type LIBRARY: 
[20Jul2026 16:47:33.714] [main/DEBUG] [net.neoforged.fml.loading.moddiscovery.readers.JarModsDotTomlModFileReader/SCAN]: Found META-INF/neoforge.mods.toml mod of type null: 
[20Jul2026 16:47:33.714] [main/DEBUG] [net.neoforged.fml.loading.moddiscovery.ModFileParser/LOADING]: Considering mod file candidate 
[20Jul2026 16:47:33.714] [main/DEBUG] [net.neoforged.fml.loading.moddiscovery.ModFileInfo/LOADING]: Found valid mod file fabric-events-interaction-v0-0.7.13+86e0887119.jar with {fabric_events_interaction_v0} mods - versions {0.7.13+86e0887119}
[20Jul2026 16:47:33.714] [main/DEBUG] [net.neoforged.fml.loading.moddiscovery.readers.JarModsDotTomlModFileReader/SCAN]: Found META-INF/neoforge.mods.toml mod of type null: 
[20Jul2026 16:47:33.714] [main/DEBUG] [net.neoforged.fml.loading.moddiscovery.ModFileParser/LOADING]: Considering mod file candidate 
[20Jul2026 16:47:33.714] [main/DEBUG] [net.neoforged.fml.loading.moddiscovery.ModFileInfo/LOADING]: Found valid mod file c2me-notickvd-mc1.21.1-0.3.0+alpha.0.93.jar with {c2me_notickvd} mods - versions {0.3.0+alpha.0.93+1.21.1}
[20Jul2026 16:47:33.715] [main/DEBUG] [net.neoforged.fml.loading.moddiscovery.readers.JarModsDotTomlModFileReader/SCAN]: Found META-INF/neoforge.mods.toml mod of type null: 
[20Jul2026 16:47:33.715] [main/DEBUG] [net.neoforged.fml.loading.moddiscovery.ModFileParser/LOADING]: Considering mod file candidate 
[20Jul2026 16:47:33.715] [main/DEBUG] [net.neoforged.fml.loading.moddiscovery.ModFileInfo/LOADING]: Found valid mod file conditional-mixin-neoforge-0.6.4.jar with {conditional_mixin} mods - versions {0.6.4}
[20Jul2026 16:47:33.715] [main/DEBUG] [net.neoforged.fml.loading.moddiscovery.readers.JarModsDotTomlModFileReader/SCAN]: Found META-INF/neoforge.mods.toml mod of type null: 
[20Jul2026 16:47:33.715] [main/DEBUG] [net.neoforged.fml.loading.moddiscovery.ModFileParser/LOADING]: Considering mod file candidate 
[20Jul2026 16:47:33.715] [main/DEBUG] [net.neoforged.fml.loading.moddiscovery.ModFileInfo/LOADING]: Found valid mod file fabric-loot-api-v2-3.0.15+a3ee712d19.jar with {fabric_loot_api_v2} mods - versions {3.0.15+a3ee712d19}
[20Jul2026 16:47:33.716] [main/DEBUG] [net.neoforged.fml.loading.moddiscovery.readers.JarModsDotTomlModFileReader/SCAN]: Found META-INF/MANIFEST.MF mod of type LIBRARY: 
[20Jul2026 16:47:33.717] [main/DEBUG] [net.neoforged.fml.loading.moddiscovery.readers.JarModsDotTomlModFileReader/SCAN]: Found META-INF/neoforge.mods.toml mod of type null: 
[20Jul2026 16:47:33.717] [main/DEBUG] [net.neoforged.fml.loading.moddiscovery.ModFileParser/LOADING]: Considering mod file candidate 
[20Jul2026 16:47:33.717] [main/DEBUG] [net.neoforged.fml.loading.moddiscovery.ModFileInfo/LOADING]: Found valid mod file com.kneelawk.extra-mod-integrations.extra-mod-integrations-pneumaticcraft-neoforge-1.0.3+1.21.1.jar with {extra_mod_integrations_pneumaticcraft} mods - versions {1.0.3+1.21.1}
[20Jul2026 16:47:33.729] [main/DEBUG] [net.neoforged.fml.loading.moddiscovery.readers.JarModsDotTomlModFileReader/SCAN]: Found META-INF/MANIFEST.MF mod of type LIBRARY: 
[20Jul2026 16:47:33.734] [main/DEBUG] [net.neoforged.fml.loading.moddiscovery.readers.JarModsDotTomlModFileReader/SCAN]: Found META-INF/MANIFEST.MF mod of type GAMELIBRARY: 
[20Jul2026 16:47:33.734] [main/DEBUG] [net.neoforged.fml.loading.moddiscovery.readers.JarModsDotTomlModFileReader/SCAN]: Found META-INF/MANIFEST.MF mod of type LIBRARY: 
[20Jul2026 16:47:33.736] [main/DEBUG] [net.neoforged.fml.loading.moddiscovery.readers.JarModsDotTomlModFileReader/SCAN]: Found META-INF/MANIFEST.MF mod of type GAMELIBRARY: 
[20Jul2026 16:47:33.740] [main/DEBUG] [net.neoforged.fml.loading.moddiscovery.readers.JarModsDotTomlModFileReader/SCAN]: Found META-INF/neoforge.mods.toml mod of type null: 
[20Jul2026 16:47:33.740] [main/DEBUG] [net.neoforged.fml.loading.moddiscovery.ModFileParser/LOADING]: Considering mod file candidate 
[20Jul2026 16:47:33.740] [main/DEBUG] [net.neoforged.fml.loading.moddiscovery.ModFileInfo/LOADING]: Found valid mod file xaerolib-neoforge-1.21-1.0.42.jar with {xaerolib} mods - versions {1.0.42}
[20Jul2026 16:47:33.741] [main/DEBUG] [net.neoforged.fml.loading.moddiscovery.readers.JarModsDotTomlModFileReader/SCAN]: Found META-INF/MANIFEST.MF mod of type LIBRARY: 
[20Jul2026 16:47:33.742] [main/DEBUG] [net.neoforged.fml.loading.moddiscovery.readers.JarModsDotTomlModFileReader/SCAN]: Found META-INF/neoforge.mods.toml mod of type null: 
[20Jul2026 16:47:33.742] [main/DEBUG] [net.neoforged.fml.loading.moddiscovery.ModFileParser/LOADING]: Considering mod file candidate 
[20Jul2026 16:47:33.742] [main/DEBUG] [net.neoforged.fml.loading.moddiscovery.ModFileInfo/LOADING]: Found valid mod file midnightlib-1.6.9+1.21-neoforge.jar with {midnightlib} mods - versions {1.6.9}
[20Jul2026 16:47:33.745] [main/DEBUG] [net.neoforged.fml.loading.moddiscovery.readers.JarModsDotTomlModFileReader/SCAN]: Found META-INF/neoforge.mods.toml mod of type null: 
[20Jul2026 16:47:33.745] [main/DEBUG] [net.neoforged.fml.loading.moddiscovery.ModFileParser/LOADING]: Considering mod file candidate 
[20Jul2026 16:47:33.745] [main/DEBUG] [net.neoforged.fml.loading.moddiscovery.ModFileInfo/LOADING]: Found valid mod file fabric-data-generation-api-v1-20.2.34+a4c3605619.jar with {fabric_data_generation_api_v1} mods - versions {20.2.34+a4c3605619}
[20Jul2026 16:47:33.745] [main/DEBUG] [net.neoforged.fml.loading.moddiscovery.readers.JarModsDotTomlModFileReader/SCAN]: Found META-INF/neoforge.mods.toml mod of type null: 
[20Jul2026 16:47:33.745] [main/DEBUG] [net.neoforged.fml.loading.moddiscovery.ModFileParser/LOADING]: Considering mod file candidate 
[20Jul2026 16:47:33.746] [main/DEBUG] [net.neoforged.fml.loading.moddiscovery.ModFileInfo/LOADING]: Found valid mod file emi-bridge-1.12.1+1.21.1.jar with {connectorextras_emi_bridge} mods - versions {1.12.1+1.21.1}
[20Jul2026 16:47:33.747] [main/DEBUG] [net.neoforged.fml.loading.moddiscovery.readers.JarModsDotTomlModFileReader/SCAN]: Found META-INF/MANIFEST.MF mod of type LIBRARY: 
[20Jul2026 16:47:33.747] [main/DEBUG] [net.neoforged.fml.loading.moddiscovery.readers.JarModsDotTomlModFileReader/SCAN]: Found META-INF/neoforge.mods.toml mod of type null: 
[20Jul2026 16:47:33.747] [main/DEBUG] [net.neoforged.fml.loading.moddiscovery.ModFileParser/LOADING]: Considering mod file candidate 
[20Jul2026 16:47:33.748] [main/DEBUG] [net.neoforged.fml.loading.moddiscovery.ModFileInfo/LOADING]: Found valid mod file fabric-sound-api-v1-1.0.23+10b84f8419.jar with {fabric_sound_api_v1} mods - versions {1.0.23+10b84f8419}
[20Jul2026 16:47:33.749] [main/DEBUG] [net.neoforged.fml.loading.moddiscovery.readers.JarModsDotTomlModFileReader/SCAN]: Found META-INF/neoforge.mods.toml mod of type null: 
[20Jul2026 16:47:33.749] [main/DEBUG] [net.neoforged.fml.loading.moddiscovery.ModFileParser/LOADING]: Considering mod file candidate 
[20Jul2026 16:47:33.749] [main/DEBUG] [net.neoforged.fml.loading.moddiscovery.ModFileInfo/LOADING]: Found valid mod file biolith-neoforge-3.0.10.jar with {biolith} mods - versions {3.0.10}
[20Jul2026 16:47:33.750] [main/DEBUG] [net.neoforged.fml.loading.moddiscovery.readers.JarModsDotTomlModFileReader/SCAN]: Found META-INF/neoforge.mods.toml mod of type null: 
[20Jul2026 16:47:33.750] [main/DEBUG] [net.neoforged.fml.loading.moddiscovery.ModFileParser/LOADING]: Considering mod file candidate 
[20Jul2026 16:47:33.750] [main/DEBUG] [net.neoforged.fml.loading.moddiscovery.ModFileInfo/LOADING]: Found valid mod file com.kneelawk.extra-mod-integrations.extra-mod-integrations-reliquary-neoforge-1.0.3+1.21.1.jar with {extra_mod_integrations_reliquary} mods - versions {1.0.3+1.21.1}
[20Jul2026 16:47:33.778] [main/DEBUG] [net.neoforged.fml.loading.moddiscovery.readers.JarModsDotTomlModFileReader/SCAN]: Found META-INF/neoforge.mods.toml mod of type null: 
[20Jul2026 16:47:33.778] [main/DEBUG] [net.neoforged.fml.loading.moddiscovery.ModFileParser/LOADING]: Considering mod file candidate 
[20Jul2026 16:47:33.778] [main/DEBUG] [net.neoforged.fml.loading.moddiscovery.ModFileInfo/LOADING]: Found valid mod file dev.simulated_team.simulated.simulated-neoforge-1.21.1-1.3.0.jar with {simulated} mods - versions {1.3.0}
[20Jul2026 16:47:33.780] [main/DEBUG] [net.neoforged.fml.loading.moddiscovery.readers.JarModsDotTomlModFileReader/SCAN]: Found META-INF/MANIFEST.MF mod of type LIBRARY: 
[20Jul2026 16:47:33.795] [main/DEBUG] [net.neoforged.fml.loading.moddiscovery.readers.JarModsDotTomlModFileReader/SCAN]: Found META-INF/neoforge.mods.toml mod of type null: 
[20Jul2026 16:47:33.795] [main/DEBUG] [net.neoforged.fml.loading.moddiscovery.ModFileParser/LOADING]: Considering mod file candidate 
[20Jul2026 16:47:33.795] [main/DEBUG] [net.neoforged.fml.loading.moddiscovery.ModFileInfo/LOADING]: Found valid mod file veil-neoforge-1.21.1-4.1.4.jar with {veil} mods - versions {4.1.4}
[20Jul2026 16:47:33.795] [main/DEBUG] [net.neoforged.fml.loading.moddiscovery.readers.JarModsDotTomlModFileReader/SCAN]: Found META-INF/MANIFEST.MF mod of type LIBRARY: 
[20Jul2026 16:47:33.796] [main/DEBUG] [net.neoforged.fml.loading.moddiscovery.readers.JarModsDotTomlModFileReader/SCAN]: Found META-INF/neoforge.mods.toml mod of type null: 
[20Jul2026 16:47:33.796] [main/DEBUG] [net.neoforged.fml.loading.moddiscovery.ModFileParser/LOADING]: Considering mod file candidate 
[20Jul2026 16:47:33.796] [main/DEBUG] [net.neoforged.fml.loading.moddiscovery.ModFileInfo/LOADING]: Found valid mod file fabric-screen-api-v1-2.0.25+4228281319.jar with {fabric_screen_api_v1} mods - versions {2.0.25+4228281319}
[20Jul2026 16:47:33.797] [main/DEBUG] [net.neoforged.fml.loading.moddiscovery.readers.JarModsDotTomlModFileReader/SCAN]: Found META-INF/neoforge.mods.toml mod of type null: 
[20Jul2026 16:47:33.797] [main/DEBUG] [net.neoforged.fml.loading.moddiscovery.ModFileParser/LOADING]: Considering mod file candidate 
[20Jul2026 16:47:33.797] [main/DEBUG] [net.neoforged.fml.loading.moddiscovery.ModFileInfo/LOADING]: Found valid mod file fabric-blockrenderlayer-v1-1.1.52+c290471319.jar with {fabric_blockrenderlayer_v1} mods - versions {1.1.52+c290471319}
[20Jul2026 16:47:33.800] [main/DEBUG] [net.neoforged.fml.loading.moddiscovery.readers.JarModsDotTomlModFileReader/SCAN]: Found META-INF/neoforge.mods.toml mod of type null: 
[20Jul2026 16:47:33.800] [main/DEBUG] [net.neoforged.fml.loading.moddiscovery.ModFileParser/LOADING]: Considering mod file candidate 
[20Jul2026 16:47:33.800] [main/DEBUG] [net.neoforged.fml.loading.moddiscovery.ModFileInfo/LOADING]: Found valid mod file dev.ryanhcode.offroad.offroad-neoforge-1.21.1-1.3.0.jar with {offroad} mods - versions {1.3.0}
[20Jul2026 16:47:33.801] [main/DEBUG] [net.neoforged.fml.loading.moddiscovery.readers.JarModsDotTomlModFileReader/SCAN]: Found META-INF/neoforge.mods.toml mod of type null: 
[20Jul2026 16:47:33.801] [main/DEBUG] [net.neoforged.fml.loading.moddiscovery.ModFileParser/LOADING]: Considering mod file candidate 
[20Jul2026 16:47:33.801] [main/DEBUG] [net.neoforged.fml.loading.moddiscovery.ModFileInfo/LOADING]: Found valid mod file c2me-fixes-worldgen-vanilla-bugs-mc1.21.1-0.3.0+alpha.0.93.jar with {c2me_fixes_worldgen_vanilla_bugs} mods - versions {0.3.0+alpha.0.93+1.21.1}
[20Jul2026 16:47:33.801] [main/DEBUG] [net.neoforged.fml.loading.moddiscovery.readers.JarModsDotTomlModFileReader/SCAN]: Found META-INF/neoforge.mods.toml mod of type null: 
[20Jul2026 16:47:33.801] [main/DEBUG] [net.neoforged.fml.loading.moddiscovery.ModFileParser/LOADING]: Considering mod file candidate 
[20Jul2026 16:47:33.801] [main/DEBUG] [net.neoforged.fml.loading.moddiscovery.ModFileInfo/LOADING]: Found valid mod file jei-bridge-1.12.1+1.21.1.jar with {connectorextras_jei_bridge} mods - versions {1.12.1+1.21.1}
[20Jul2026 16:47:33.809] [main/DEBUG] [net.neoforged.fml.loading.moddiscovery.readers.JarModsDotTomlModFileReader/SCAN]: Found META-INF/MANIFEST.MF mod of type LIBRARY: 
[20Jul2026 16:47:33.810] [main/DEBUG] [net.neoforged.fml.loading.moddiscovery.readers.JarModsDotTomlModFileReader/SCAN]: Found META-INF/neoforge.mods.toml mod of type null: 
[20Jul2026 16:47:33.810] [main/DEBUG] [net.neoforged.fml.loading.moddiscovery.ModFileParser/LOADING]: Considering mod file candidate 
[20Jul2026 16:47:33.810] [main/DEBUG] [net.neoforged.fml.loading.moddiscovery.ModFileInfo/LOADING]: Found valid mod file c2me-threading-lighting-mc1.21.1-0.3.0+alpha.0.93.jar with {c2me_threading_lighting} mods - versions {0.3.0+alpha.0.93+1.21.1}
[20Jul2026 16:47:33.810] [main/DEBUG] [net.neoforged.fml.loading.moddiscovery.readers.JarModsDotTomlModFileReader/SCAN]: Found META-INF/neoforge.mods.toml mod of type null: 
[20Jul2026 16:47:33.810] [main/DEBUG] [net.neoforged.fml.loading.moddiscovery.ModFileParser/LOADING]: Considering mod file candidate 
[20Jul2026 16:47:33.810] [main/DEBUG] [net.neoforged.fml.loading.moddiscovery.ModFileInfo/LOADING]: Found valid mod file modmenu-bridge-1.12.1+1.21.1.jar with {connectorextras_modmenu_bridge,modmenu} mods - versions {1.12.1+1.21.1,11.0.1}
[20Jul2026 16:47:33.811] [main/DEBUG] [net.neoforged.fml.loading.moddiscovery.readers.JarModsDotTomlModFileReader/SCAN]: Found META-INF/neoforge.mods.toml mod of type null: 
[20Jul2026 16:47:33.811] [main/DEBUG] [net.neoforged.fml.loading.moddiscovery.ModFileParser/LOADING]: Considering mod file candidate 
[20Jul2026 16:47:33.811] [main/DEBUG] [net.neoforged.fml.loading.moddiscovery.ModFileInfo/LOADING]: Found valid mod file fabric-rendering-data-attachment-v1-0.3.49+73761d2e19.jar with {fabric_rendering_data_attachment_v1} mods - versions {0.3.49+73761d2e19}
[20Jul2026 16:47:33.811] [main/DEBUG] [net.neoforged.fml.loading.moddiscovery.readers.JarModsDotTomlModFileReader/SCAN]: Found META-INF/neoforge.mods.toml mod of type null: 
[20Jul2026 16:47:33.811] [main/DEBUG] [net.neoforged.fml.loading.moddiscovery.ModFileParser/LOADING]: Considering mod file candidate 
[20Jul2026 16:47:33.811] [main/DEBUG] [net.neoforged.fml.loading.moddiscovery.ModFileInfo/LOADING]: Found valid mod file c2me-opts-allocs-mc1.21.1-0.3.0+alpha.0.93.jar with {c2me_opts_allocs} mods - versions {0.3.0+alpha.0.93+1.21.1}
[20Jul2026 16:47:33.812] [main/DEBUG] [net.neoforged.fml.loading.moddiscovery.readers.JarModsDotTomlModFileReader/SCAN]: Found META-INF/neoforge.mods.toml mod of type null: 
[20Jul2026 16:47:33.812] [main/DEBUG] [net.neoforged.fml.loading.moddiscovery.ModFileParser/LOADING]: Considering mod file candidate 
[20Jul2026 16:47:33.812] [main/DEBUG] [net.neoforged.fml.loading.moddiscovery.ModFileInfo/LOADING]: Found valid mod file fabric-registry-sync-v0-5.3.1+f9aace1619.jar with {fabric_registry_sync_v0} mods - versions {5.3.1+f9aace1619}
[20Jul2026 16:47:33.814] [main/DEBUG] [net.neoforged.fml.loading.moddiscovery.readers.JarModsDotTomlModFileReader/SCAN]: Found META-INF/MANIFEST.MF mod of type LIBRARY: 
[20Jul2026 16:47:33.815] [main/DEBUG] [net.neoforged.fml.loading.moddiscovery.readers.JarModsDotTomlModFileReader/SCAN]: Found META-INF/neoforge.mods.toml mod of type null: 
[20Jul2026 16:47:33.815] [main/DEBUG] [net.neoforged.fml.loading.moddiscovery.ModFileParser/LOADING]: Considering mod file candidate 
[20Jul2026 16:47:33.815] [main/DEBUG] [net.neoforged.fml.loading.moddiscovery.ModFileInfo/LOADING]: Found valid mod file fabric-renderer-indigo-1.7.1+9125b6dc19.jar with {fabric_renderer_indigo} mods - versions {1.7.1+9125b6dc19}
[20Jul2026 16:47:33.816] [main/DEBUG] [net.neoforged.fml.loading.moddiscovery.readers.JarModsDotTomlModFileReader/SCAN]: Found META-INF/neoforge.mods.toml mod of type null: 
[20Jul2026 16:47:33.816] [main/DEBUG] [net.neoforged.fml.loading.moddiscovery.ModFileParser/LOADING]: Considering mod file candidate 
[20Jul2026 16:47:33.816] [main/DEBUG] [net.neoforged.fml.loading.moddiscovery.ModFileInfo/LOADING]: Found valid mod file c2me-rewrites-chunk-system-mc1.21.1-0.3.0+alpha.0.93.jar with {c2me_rewrites_chunk_system} mods - versions {0.3.0+alpha.0.93+1.21.1}
[20Jul2026 16:47:33.820] [main/DEBUG] [net.neoforged.fml.loading.moddiscovery.readers.JarModsDotTomlModFileReader/SCAN]: Found META-INF/neoforge.mods.toml mod of type null: 
[20Jul2026 16:47:33.820] [main/DEBUG] [net.neoforged.fml.loading.moddiscovery.ModFileParser/LOADING]: Considering mod file candidate 
[20Jul2026 16:47:33.820] [main/DEBUG] [net.neoforged.fml.loading.moddiscovery.ModFileInfo/LOADING]: Found valid mod file com.kneelawk.extra-mod-integrations.extra-mod-integrations-actually-additions-neoforge-1.0.3+1.21.1.jar with {extra_mod_integrations_actually_additions} mods - versions {1.0.3+1.21.1}
[20Jul2026 16:47:33.820] [main/DEBUG] [net.neoforged.fml.loading.moddiscovery.readers.JarModsDotTomlModFileReader/SCAN]: Found META-INF/neoforge.mods.toml mod of type null: 
[20Jul2026 16:47:33.820] [main/DEBUG] [net.neoforged.fml.loading.moddiscovery.ModFileParser/LOADING]: Considering mod file candidate 
[20Jul2026 16:47:33.820] [main/DEBUG] [net.neoforged.fml.loading.moddiscovery.ModFileInfo/LOADING]: Found valid mod file fabric-client-tags-api-v1-1.1.15+e053909619.jar with {fabric_client_tags_api_v1} mods - versions {1.1.15+e053909619}
[20Jul2026 16:47:33.838] [main/DEBUG] [net.neoforged.fml.loading.moddiscovery.readers.JarModsDotTomlModFileReader/SCAN]: Found META-INF/MANIFEST.MF mod of type LIBRARY: 
[20Jul2026 16:47:33.839] [main/DEBUG] [net.neoforged.fml.loading.moddiscovery.readers.JarModsDotTomlModFileReader/SCAN]: Found META-INF/MANIFEST.MF mod of type LIBRARY: 
[20Jul2026 16:47:33.839] [main/DEBUG] [net.neoforged.fml.loading.moddiscovery.readers.JarModsDotTomlModFileReader/SCAN]: Found META-INF/MANIFEST.MF mod of type LIBRARY: 
[20Jul2026 16:47:33.840] [main/DEBUG] [net.neoforged.fml.loading.moddiscovery.readers.JarModsDotTomlModFileReader/SCAN]: Found META-INF/neoforge.mods.toml mod of type null: 
[20Jul2026 16:47:33.840] [main/DEBUG] [net.neoforged.fml.loading.moddiscovery.ModFileParser/LOADING]: Considering mod file candidate 
[20Jul2026 16:47:33.840] [main/DEBUG] [net.neoforged.fml.loading.moddiscovery.ModFileInfo/LOADING]: Found valid mod file fabric-biome-api-v1-13.0.31+1e62d33c19.jar with {fabric_biome_api_v1} mods - versions {13.0.31+1e62d33c19}
[20Jul2026 16:47:33.841] [main/DEBUG] [net.neoforged.fml.loading.moddiscovery.readers.JarModsDotTomlModFileReader/SCAN]: Found META-INF/neoforge.mods.toml mod of type null: 
[20Jul2026 16:47:33.841] [main/DEBUG] [net.neoforged.fml.loading.moddiscovery.ModFileParser/LOADING]: Considering mod file candidate 
[20Jul2026 16:47:33.841] [main/DEBUG] [net.neoforged.fml.loading.moddiscovery.ModFileInfo/LOADING]: Found valid mod file fabric-data-attachment-api-v1-1.4.5+26d408aa19.jar with {fabric_data_attachment_api_v1} mods - versions {1.4.5+26d408aa19}
[20Jul2026 16:47:33.842] [main/DEBUG] [net.neoforged.fml.loading.moddiscovery.readers.JarModsDotTomlModFileReader/SCAN]: Found META-INF/neoforge.mods.toml mod of type null: 
[20Jul2026 16:47:33.842] [main/DEBUG] [net.neoforged.fml.loading.moddiscovery.ModFileParser/LOADING]: Considering mod file candidate 
[20Jul2026 16:47:33.842] [main/DEBUG] [net.neoforged.fml.loading.moddiscovery.ModFileInfo/LOADING]: Found valid mod file fabric-transitive-access-wideners-v1-6.2.0+6c854b6f19.jar with {fabric_transitive_access_wideners_v1} mods - versions {6.2.0+6c854b6f19}
[20Jul2026 16:47:33.843] [main/DEBUG] [net.neoforged.fml.loading.moddiscovery.readers.JarModsDotTomlModFileReader/SCAN]: Found META-INF/neoforge.mods.toml mod of type null: 
[20Jul2026 16:47:33.843] [main/DEBUG] [net.neoforged.fml.loading.moddiscovery.ModFileParser/LOADING]: Considering mod file candidate 
[20Jul2026 16:47:33.843] [main/DEBUG] [net.neoforged.fml.loading.moddiscovery.ModFileInfo/LOADING]: Found valid mod file com.kneelawk.extra-mod-integrations.extra-mod-integrations-core-neoforge-1.0.3+1.21.1.jar with {extra_mod_integrations_core} mods - versions {1.0.3+1.21.1}
[20Jul2026 16:47:33.843] [main/DEBUG] [net.neoforged.fml.loading.moddiscovery.readers.JarModsDotTomlModFileReader/SCAN]: Found META-INF/neoforge.mods.toml mod of type null: 
[20Jul2026 16:47:33.843] [main/DEBUG] [net.neoforged.fml.loading.moddiscovery.ModFileParser/LOADING]: Considering mod file candidate 
[20Jul2026 16:47:33.843] [main/DEBUG] [net.neoforged.fml.loading.moddiscovery.ModFileInfo/LOADING]: Found valid mod file com.kneelawk.extra-mod-integrations.extra-mod-integrations-isns-neoforge-1.0.3+1.21.1.jar with {extra_mod_integrations_irons_spellbooks} mods - versions {1.0.3+1.21.1}
[20Jul2026 16:47:33.844] [main/DEBUG] [net.neoforged.fml.loading.moddiscovery.readers.JarModsDotTomlModFileReader/SCAN]: Found META-INF/MANIFEST.MF mod of type GAMELIBRARY: 
[20Jul2026 16:47:33.845] [main/DEBUG] [net.neoforged.fml.loading.moddiscovery.readers.JarModsDotTomlModFileReader/SCAN]: Found META-INF/neoforge.mods.toml mod of type null: 
[20Jul2026 16:47:33.845] [main/DEBUG] [net.neoforged.fml.loading.moddiscovery.ModFileParser/LOADING]: Considering mod file candidate 
[20Jul2026 16:47:33.845] [main/DEBUG] [net.neoforged.fml.loading.moddiscovery.ModFileInfo/LOADING]: Found valid mod file fabric-renderer-api-v1-3.4.1+9125b6dc19.jar with {fabric_renderer_api_v1} mods - versions {3.4.1+9125b6dc19}
[20Jul2026 16:47:33.849] [main/DEBUG] [net.neoforged.fml.loading.moddiscovery.readers.JarModsDotTomlModFileReader/SCAN]: Found META-INF/neoforge.mods.toml mod of type null: 
[20Jul2026 16:47:33.849] [main/DEBUG] [net.neoforged.fml.loading.moddiscovery.ModFileParser/LOADING]: Considering mod file candidate 
[20Jul2026 16:47:33.849] [main/DEBUG] [net.neoforged.fml.loading.moddiscovery.ModFileInfo/LOADING]: Found valid mod file fabric-api-lookup-api-v1-1.6.71+c290471319.jar with {fabric_api_lookup_api_v1} mods - versions {1.6.71+c290471319}
[20Jul2026 16:47:33.852] [main/DEBUG] [net.neoforged.fml.loading.moddiscovery.readers.JarModsDotTomlModFileReader/SCAN]: Found META-INF/neoforge.mods.toml mod of type null: 
[20Jul2026 16:47:33.852] [main/DEBUG] [net.neoforged.fml.loading.moddiscovery.ModFileParser/LOADING]: Considering mod file candidate 
[20Jul2026 16:47:33.853] [main/DEBUG] [net.neoforged.fml.loading.moddiscovery.ModFileInfo/LOADING]: Found valid mod file terrablender-bridge-1.12.1+1.21.1.jar with {connectorextras_terrablender_bridge} mods - versions {1.12.1+1.21.1}
[20Jul2026 16:47:33.882] [main/DEBUG] [net.neoforged.fml.loading.moddiscovery.readers.JarModsDotTomlModFileReader/SCAN]: Found META-INF/MANIFEST.MF mod of type LIBRARY: 
[20Jul2026 16:47:33.882] [main/DEBUG] [net.neoforged.fml.loading.moddiscovery.readers.JarModsDotTomlModFileReader/SCAN]: Found META-INF/neoforge.mods.toml mod of type null: 
[20Jul2026 16:47:33.882] [main/DEBUG] [net.neoforged.fml.loading.moddiscovery.ModFileParser/LOADING]: Considering mod file candidate 
[20Jul2026 16:47:33.883] [main/DEBUG] [net.neoforged.fml.loading.moddiscovery.ModFileInfo/LOADING]: Found valid mod file energy-bridge-1.12.1+1.21.1.jar with {connectorextras_energy_bridge} mods - versions {1.12.1+1.21.1}
[20Jul2026 16:47:33.889] [main/DEBUG] [net.neoforged.fml.loading.moddiscovery.readers.JarModsDotTomlModFileReader/SCAN]: Found META-INF/neoforge.mods.toml mod of type null: 
[20Jul2026 16:47:33.889] [main/DEBUG] [net.neoforged.fml.loading.moddiscovery.ModFileParser/LOADING]: Considering mod file candidate 
[20Jul2026 16:47:33.889] [main/DEBUG] [net.neoforged.fml.loading.moddiscovery.ModFileInfo/LOADING]: Found valid mod file forgified-fabric-api-0.115.6+2.1.0+1.21.1.jar with {fabric_api} mods - versions {0.115.6+2.1.0+1.21.1}
[20Jul2026 16:47:33.890] [main/DEBUG] [net.neoforged.fml.loading.moddiscovery.readers.JarModsDotTomlModFileReader/SCAN]: Found META-INF/neoforge.mods.toml mod of type null: 
[20Jul2026 16:47:33.890] [main/DEBUG] [net.neoforged.fml.loading.moddiscovery.ModFileParser/LOADING]: Considering mod file candidate 
[20Jul2026 16:47:33.890] [main/DEBUG] [net.neoforged.fml.loading.moddiscovery.ModFileInfo/LOADING]: Found valid mod file fabric-block-view-api-v2-1.0.11+e9036fd419.jar with {fabric_block_view_api_v2} mods - versions {1.0.11+e9036fd419}
[20Jul2026 16:47:33.899] [main/DEBUG] [net.neoforged.fml.loading.moddiscovery.readers.JarModsDotTomlModFileReader/SCAN]: Found META-INF/MANIFEST.MF mod of type LIBRARY: 
[20Jul2026 16:47:33.900] [main/DEBUG] [net.neoforged.fml.loading.moddiscovery.readers.JarModsDotTomlModFileReader/SCAN]: Found META-INF/neoforge.mods.toml mod of type null: 
[20Jul2026 16:47:33.900] [main/DEBUG] [net.neoforged.fml.loading.moddiscovery.ModFileParser/LOADING]: Considering mod file candidate 
[20Jul2026 16:47:33.900] [main/DEBUG] [net.neoforged.fml.loading.moddiscovery.ModFileInfo/LOADING]: Found valid mod file c2me-fixes-worldgen-threading-issues-mc1.21.1-0.3.0+alpha.0.93.jar with {c2me_fixes_worldgen_threading_issues} mods - versions {0.3.0+alpha.0.93+1.21.1}
[20Jul2026 16:47:33.900] [main/DEBUG] [net.neoforged.fml.loading.moddiscovery.readers.JarModsDotTomlModFileReader/SCAN]: Found META-INF/neoforge.mods.toml mod of type null: 
[20Jul2026 16:47:33.900] [main/DEBUG] [net.neoforged.fml.loading.moddiscovery.ModFileParser/LOADING]: Considering mod file candidate 
[20Jul2026 16:47:33.900] [main/DEBUG] [net.neoforged.fml.loading.moddiscovery.ModFileInfo/LOADING]: Found valid mod file c2me-fixes-general-threading-issues-mc1.21.1-0.3.0+alpha.0.93.jar with {c2me_fixes_general_threading_issues} mods - versions {0.3.0+alpha.0.93+1.21.1}
[20Jul2026 16:47:33.901] [main/DEBUG] [net.neoforged.fml.loading.moddiscovery.readers.JarModsDotTomlModFileReader/SCAN]: Found META-INF/neoforge.mods.toml mod of type null: 
[20Jul2026 16:47:33.901] [main/DEBUG] [net.neoforged.fml.loading.moddiscovery.ModFileParser/LOADING]: Considering mod file candidate 
[20Jul2026 16:47:33.901] [main/DEBUG] [net.neoforged.fml.loading.moddiscovery.ModFileInfo/LOADING]: Found valid mod file fabric-message-api-v1-6.0.14+6a754fce19.jar with {fabric_message_api_v1} mods - versions {6.0.14+6a754fce19}
[20Jul2026 16:47:33.901] [main/DEBUG] [net.neoforged.fml.loading.moddiscovery.readers.JarModsDotTomlModFileReader/SCAN]: Found META-INF/neoforge.mods.toml mod of type null: 
[20Jul2026 16:47:33.901] [main/DEBUG] [net.neoforged.fml.loading.moddiscovery.ModFileParser/LOADING]: Considering mod file candidate 
[20Jul2026 16:47:33.902] [main/DEBUG] [net.neoforged.fml.loading.moddiscovery.ModFileInfo/LOADING]: Found valid mod file c2me-rewrites-chunk-serializer-mc1.21.1-0.3.0+alpha.0.93.jar with {c2me_rewrites_chunk_serializer} mods - versions {0.3.0+alpha.0.93+1.21.1}
[20Jul2026 16:47:33.902] [main/DEBUG] [net.neoforged.fml.loading.moddiscovery.readers.JarModsDotTomlModFileReader/SCAN]: Found META-INF/neoforge.mods.toml mod of type null: 
[20Jul2026 16:47:33.902] [main/DEBUG] [net.neoforged.fml.loading.moddiscovery.ModFileParser/LOADING]: Considering mod file candidate 
[20Jul2026 16:47:33.903] [main/DEBUG] [net.neoforged.fml.loading.moddiscovery.ModFileInfo/LOADING]: Found valid mod file c2me-opts-worldgen-general-mc1.21.1-0.3.0+alpha.0.93.jar with {c2me_opts_worldgen_general} mods - versions {0.3.0+alpha.0.93+1.21.1}
[20Jul2026 16:47:33.903] [main/DEBUG] [net.neoforged.fml.loading.moddiscovery.readers.JarModsDotTomlModFileReader/SCAN]: Found META-INF/neoforge.mods.toml mod of type null: 
[20Jul2026 16:47:33.903] [main/DEBUG] [net.neoforged.fml.loading.moddiscovery.ModFileParser/LOADING]: Considering mod file candidate 
[20Jul2026 16:47:33.903] [main/DEBUG] [net.neoforged.fml.loading.moddiscovery.ModFileInfo/LOADING]: Found valid mod file c2me-opts-math-mc1.21.1-0.3.0+alpha.0.93.jar with {c2me_opts_math} mods - versions {0.3.0+alpha.0.93+1.21.1}
[20Jul2026 16:47:33.903] [main/DEBUG] [net.neoforged.fml.loading.moddiscovery.readers.JarModsDotTomlModFileReader/SCAN]: Found META-INF/neoforge.mods.toml mod of type null: 
[20Jul2026 16:47:33.903] [main/DEBUG] [net.neoforged.fml.loading.moddiscovery.ModFileParser/LOADING]: Considering mod file candidate 
[20Jul2026 16:47:33.904] [main/DEBUG] [net.neoforged.fml.loading.moddiscovery.ModFileInfo/LOADING]: Found valid mod file fabric-content-registries-v0-8.0.19+5e0d320019.jar with {fabric_content_registries_v0} mods - versions {8.0.19+5e0d320019}
[20Jul2026 16:47:33.904] [main/DEBUG] [net.neoforged.fml.loading.moddiscovery.readers.JarModsDotTomlModFileReader/SCAN]: Found META-INF/neoforge.mods.toml mod of type null: 
[20Jul2026 16:47:33.904] [main/DEBUG] [net.neoforged.fml.loading.moddiscovery.ModFileParser/LOADING]: Considering mod file candidate 
[20Jul2026 16:47:33.904] [main/DEBUG] [net.neoforged.fml.loading.moddiscovery.ModFileInfo/LOADING]: Found valid mod file c2me-client-uncapvd-mc1.21.1-0.3.0+alpha.0.93.jar with {c2me_client_uncapvd} mods - versions {0.3.0+alpha.0.93+1.21.1}
[20Jul2026 16:47:33.904] [main/DEBUG] [net.neoforged.fml.loading.moddiscovery.readers.JarModsDotTomlModFileReader/SCAN]: Found META-INF/neoforge.mods.toml mod of type null: 
[20Jul2026 16:47:33.904] [main/DEBUG] [net.neoforged.fml.loading.moddiscovery.ModFileParser/LOADING]: Considering mod file candidate 
[20Jul2026 16:47:33.904] [main/DEBUG] [net.neoforged.fml.loading.moddiscovery.ModFileInfo/LOADING]: Found valid mod file sable-companion-common-1.21.1-1.6.0.jar with {sablecompanion} mods - versions {1.6.0}
[20Jul2026 16:47:33.906] [main/WARN] [net.neoforged.jarjar.selection.JarSelector/]: Attempted to select a dependency jar for JarJar which was passed in as source: library:net.fabricmc.loader. Using Mod File: /~nonexistent
[20Jul2026 16:47:33.906] [main/INFO] [net.neoforged.fml.loading.moddiscovery.locators.JarInJarDependencyLocator/]: Found 177 dependencies adding them to mods collection
[20Jul2026 16:47:33.906] [main/INFO] [net.neoforged.fml.loading.moddiscovery.ModDiscoverer/SCAN]: Found mod file "c2me-fixes-worldgen-threading-issues-mc1.21.1-0.3.0+alpha.0.93.jar" [parent: c2me-neoforge-mc1.21.1-0.3.0+alpha.0.93.jar, locator: jarinjar, reader: mod manifest]
[20Jul2026 16:47:33.906] [main/INFO] [net.neoforged.fml.loading.moddiscovery.ModDiscoverer/SCAN]: Found mod file "kuma-api-neoforge-21.0.8+1.21.jar" [parent: balm-neoforge-1.21.1-21.0.58.jar, locator: jarinjar, reader: mod manifest]
[20Jul2026 16:47:33.906] [main/INFO] [net.neoforged.fml.loading.moddiscovery.ModDiscoverer/SCAN]: Found mod file "fabric-renderer-api-v1-3.4.1+9125b6dc19.jar" [parent: forgified-fabric-api-0.116.7+2.2.4+1.21.1.jar, locator: jarinjar, reader: mod manifest]
[20Jul2026 16:47:33.906] [main/INFO] [net.neoforged.fml.loading.moddiscovery.ModDiscoverer/SCAN]: Found library file "glsl-processor-0.2.3.jar" [parent: veil-neoforge-1.21.1-4.1.4.jar, locator: jarinjar]
[20Jul2026 16:47:33.906] [main/INFO] [net.neoforged.fml.loading.moddiscovery.ModDiscoverer/SCAN]: Found library file "mp3spi-1.9.5.4.jar" [parent: radiomod-1.0.2.jar, locator: jarinjar]
[20Jul2026 16:47:33.906] [main/INFO] [net.neoforged.fml.loading.moddiscovery.ModDiscoverer/SCAN]: Found mod file "ponder-neoforge-1.0.82+mc1.21.1.jar" [parent: create-1.21.1-6.0.10.jar, locator: jarinjar, reader: mod manifest]
[20Jul2026 16:47:33.906] [main/INFO] [net.neoforged.fml.loading.moddiscovery.ModDiscoverer/SCAN]: Found mod file "c2me-rewrites-chunk-serializer-mc1.21.1-0.3.0+alpha.0.93.jar" [parent: c2me-neoforge-mc1.21.1-0.3.0+alpha.0.93.jar, locator: jarinjar, reader: mod manifest]
[20Jul2026 16:47:33.906] [main/INFO] [net.neoforged.fml.loading.moddiscovery.ModDiscoverer/SCAN]: Found mod file "kubejs-bridge-1.12.1+1.21.1.jar" [parent: ConnectorExtras-1.12.1+1.21.1.jar, locator: jarinjar, reader: mod manifest]
[20Jul2026 16:47:33.906] [main/INFO] [net.neoforged.fml.loading.moddiscovery.ModDiscoverer/SCAN]: Found mod file "fabric-item-api-v1-11.2.0+0c57911319.jar" [parent: forgified-fabric-api-0.116.7+2.2.4+1.21.1.jar, locator: jarinjar, reader: mod manifest]
[20Jul2026 16:47:33.906] [main/INFO] [net.neoforged.fml.loading.moddiscovery.ModDiscoverer/SCAN]: Found mod file "modmenu-bridge-1.12.1+1.21.1.jar" [parent: ConnectorExtras-1.12.1+1.21.1.jar, locator: jarinjar, reader: mod manifest]
[20Jul2026 16:47:33.906] [main/INFO] [net.neoforged.fml.loading.moddiscovery.ModDiscoverer/SCAN]: Found mod file "fabric-rendering-fluids-v1-3.1.6+a51883b219.jar" [parent: forgified-fabric-api-0.116.7+2.2.4+1.21.1.jar, locator: jarinjar, reader: mod manifest]
[20Jul2026 16:47:33.906] [main/INFO] [net.neoforged.fml.loading.moddiscovery.ModDiscoverer/SCAN]: Found library file "opensesame-groovy-0.5.13.jar" [parent: groovybundler-2.1.7.jar, locator: jarinjar, reader: mod manifest]
[20Jul2026 16:47:33.906] [main/INFO] [net.neoforged.fml.loading.moddiscovery.ModDiscoverer/SCAN]: Found library file "MixinSquared-0.3.3.jar" [parent: mixinsquared-forge-0.3.3.jar, locator: jarinjar]
[20Jul2026 16:47:33.906] [main/INFO] [net.neoforged.fml.loading.moddiscovery.ModDiscoverer/SCAN]: Found mod file "c2me-opts-natives-math-mc1.21.1-0.3.0+alpha.0.93.jar" [parent: c2me-neoforge-mc1.21.1-0.3.0+alpha.0.93.jar, locator: jarinjar, reader: mod manifest]
[20Jul2026 16:47:33.906] [main/INFO] [net.neoforged.fml.loading.moddiscovery.ModDiscoverer/SCAN]: Found gamelibrary file "yumi-commons-collections-1.0.0.jar" [parent: lambdynamiclights-api-4.8.8+1.21.1-mojmap.jar, locator: jarinjar, reader: mod manifest]
[20Jul2026 16:47:33.906] [main/INFO] [net.neoforged.fml.loading.moddiscovery.ModDiscoverer/SCAN]: Found library file "gml-core-7.0.3.jar" [parent: gml-6.0.2.jar, locator: jarinjar, reader: mod manifest]
[20Jul2026 16:47:33.906] [main/INFO] [net.neoforged.fml.loading.moddiscovery.ModDiscoverer/SCAN]: Found mod file "c2me-fixes-general-threading-issues-mc1.21.1-0.3.0+alpha.0.93.jar" [parent: c2me-neoforge-mc1.21.1-0.3.0+alpha.0.93.jar, locator: jarinjar, reader: mod manifest]
[20Jul2026 16:47:33.906] [main/INFO] [net.neoforged.fml.loading.moddiscovery.ModDiscoverer/SCAN]: Found library file "groovybundler-2.1.7.jar" [parent: gml-core-7.0.3.jar, locator: jarinjar, reader: mod manifest]
[20Jul2026 16:47:33.906] [main/INFO] [net.neoforged.fml.loading.moddiscovery.ModDiscoverer/SCAN]: Found mod file "com.kneelawk.extra-mod-integrations.extra-mod-integrations-pneumaticcraft-neoforge-1.0.3+1.21.1.jar" [parent: extra-mod-integrations-all-neoforge-1.0.3+1.21.1.jar, locator: jarinjar, reader: mod manifest]
[20Jul2026 16:47:33.906] [main/INFO] [net.neoforged.fml.loading.moddiscovery.ModDiscoverer/SCAN]: Found mod file "fabric-convention-tags-v1-2.1.5+7f945d5b19.jar" [parent: forgified-fabric-api-0.116.7+2.2.4+1.21.1.jar, locator: jarinjar, reader: mod manifest]
[20Jul2026 16:47:33.906] [main/INFO] [net.neoforged.fml.loading.moddiscovery.ModDiscoverer/SCAN]: Found library file "kotlinx-coroutines-core-jvm-1.10.2.jar" [parent: kotlinforforge-5.11.0-all.jar, locator: jarinjar]
[20Jul2026 16:47:33.906] [main/INFO] [net.neoforged.fml.loading.moddiscovery.ModDiscoverer/SCAN]: Found mod file "fabric-block-view-api-v2-1.0.11+e9036fd419.jar" [parent: forgified-fabric-api-0.116.7+2.2.4+1.21.1.jar, locator: jarinjar, reader: mod manifest]
[20Jul2026 16:47:33.906] [main/INFO] [net.neoforged.fml.loading.moddiscovery.ModDiscoverer/SCAN]: Found mod file "fabric-command-api-v2-2.2.28+36d727be19.jar" [parent: forgified-fabric-api-0.116.7+2.2.4+1.21.1.jar, locator: jarinjar, reader: mod manifest]
[20Jul2026 16:47:33.906] [main/INFO] [net.neoforged.fml.loading.moddiscovery.ModDiscoverer/SCAN]: Found mod file "fabric-convention-tags-v2-2.11.1+87e5848019.jar" [parent: forgified-fabric-api-0.116.7+2.2.4+1.21.1.jar, locator: jarinjar, reader: mod manifest]
[20Jul2026 16:47:33.906] [main/INFO] [net.neoforged.fml.loading.moddiscovery.ModDiscoverer/SCAN]: Found mod file "fabric-data-attachment-api-v1-1.4.5+26d408aa19.jar" [parent: forgified-fabric-api-0.116.7+2.2.4+1.21.1.jar, locator: jarinjar, reader: mod manifest]
[20Jul2026 16:47:33.906] [main/INFO] [net.neoforged.fml.loading.moddiscovery.ModDiscoverer/SCAN]: Found library file "jctools-core-4.0.5.jar" [parent: c2me-neoforge-mc1.21.1-0.3.0+alpha.0.93.jar, locator: jarinjar]
[20Jul2026 16:47:33.906] [main/INFO] [net.neoforged.fml.loading.moddiscovery.ModDiscoverer/SCAN]: Found mod file "rei-bridge-1.12.1+1.21.1.jar" [parent: ConnectorExtras-1.12.1+1.21.1.jar, locator: jarinjar, reader: mod manifest]
[20Jul2026 16:47:33.906] [main/INFO] [net.neoforged.fml.loading.moddiscovery.ModDiscoverer/SCAN]: Found mod file "veil-neoforge-1.21.1-4.1.4.jar" [parent: sable-neoforge-1.21.1-2.0.3.jar, locator: jarinjar, reader: mod manifest]
[20Jul2026 16:47:33.906] [main/INFO] [net.neoforged.fml.loading.moddiscovery.ModDiscoverer/SCAN]: Found mod file "c2me-opts-math-mc1.21.1-0.3.0+alpha.0.93.jar" [parent: c2me-neoforge-mc1.21.1-0.3.0+alpha.0.93.jar, locator: jarinjar, reader: mod manifest]
[20Jul2026 16:47:33.906] [main/INFO] [net.neoforged.fml.loading.moddiscovery.ModDiscoverer/SCAN]: Found mod file "dev.simulated_team.simulated.simulated-neoforge-1.21.1-1.3.0.jar" [parent: create-aeronautics-bundled-1.21.1-1.3.0.jar, locator: jarinjar, reader: mod manifest]
[20Jul2026 16:47:33.906] [main/INFO] [net.neoforged.fml.loading.moddiscovery.ModDiscoverer/SCAN]: Found mod file "biolith-neoforge-3.0.10.jar" [parent: Quark-4.1-480.jar, locator: jarinjar, reader: mod manifest]
[20Jul2026 16:47:33.906] [main/INFO] [net.neoforged.fml.loading.moddiscovery.ModDiscoverer/SCAN]: Found library file "dev.mcstatus.watchtower.watchtower-neoforge-common-1.1.0.jar" [parent: watchtower-neoforge-1.1.0+mc1.21.jar, locator: jarinjar]
[20Jul2026 16:47:33.906] [main/INFO] [net.neoforged.fml.loading.moddiscovery.ModDiscoverer/SCAN]: Found gamelibrary file "yumi-commons-event-1.0.0.jar" [parent: lambdynamiclights-api-4.8.8+1.21.1-mojmap.jar, locator: jarinjar, reader: mod manifest]
[20Jul2026 16:47:33.906] [main/INFO] [net.neoforged.fml.loading.moddiscovery.ModDiscoverer/SCAN]: Found mod file "statuemenus-neoforge-21.1.0.jar" [parent: ArmorStatues-v21.1.0-1.21.1-NeoForge.jar, locator: jarinjar, reader: mod manifest]
[20Jul2026 16:47:33.906] [main/INFO] [net.neoforged.fml.loading.moddiscovery.ModDiscoverer/SCAN]: Found mod file "com.kneelawk.extra-mod-integrations.extra-mod-integrations-reliquary-neoforge-1.0.3+1.21.1.jar" [parent: extra-mod-integrations-all-neoforge-1.0.3+1.21.1.jar, locator: jarinjar, reader: mod manifest]
[20Jul2026 16:47:33.906] [main/INFO] [net.neoforged.fml.loading.moddiscovery.ModDiscoverer/SCAN]: Found library file "kotlin-stdlib-jdk7-2.3.0.jar" [parent: kotlinforforge-5.11.0-all.jar, locator: jarinjar]
[20Jul2026 16:47:33.906] [main/INFO] [net.neoforged.fml.loading.moddiscovery.ModDiscoverer/SCAN]: Found mod file "fabric-screen-api-v1-2.0.25+4228281319.jar" [parent: forgified-fabric-api-0.115.6+2.1.0+1.21.1.jar, locator: jarinjar, reader: mod manifest]
[20Jul2026 16:47:33.906] [main/INFO] [net.neoforged.fml.loading.moddiscovery.ModDiscoverer/SCAN]: Found library file "dazzleconf-core-1.3.0-M2.jar" [parent: servercore-neoforge-1.5.17+1.21.1.jar, locator: jarinjar]
[20Jul2026 16:47:33.906] [main/INFO] [net.neoforged.fml.loading.moddiscovery.ModDiscoverer/SCAN]: Found library file "reactive-streams-1.0.4.jar" [parent: c2me-neoforge-mc1.21.1-0.3.0+alpha.0.93.jar, locator: jarinjar]
[20Jul2026 16:47:33.906] [main/INFO] [net.neoforged.fml.loading.moddiscovery.ModDiscoverer/SCAN]: Found library file "kotlin-stdlib-jdk8-2.3.0.jar" [parent: kotlinforforge-5.11.0-all.jar, locator: jarinjar]
[20Jul2026 16:47:33.906] [main/INFO] [net.neoforged.fml.loading.moddiscovery.ModDiscoverer/SCAN]: Found mod file "c2me-base-mc1.21.1-0.3.0+alpha.0.93-all.jar" [parent: c2me-neoforge-mc1.21.1-0.3.0+alpha.0.93.jar, locator: jarinjar, reader: mod manifest]
[20Jul2026 16:47:33.906] [main/INFO] [net.neoforged.fml.loading.moddiscovery.ModDiscoverer/SCAN]: Found mod file "forgified-fabric-api-0.115.6+2.1.0+1.21.1.jar" [parent: txnilib-neoforge-1.0.24-1.21.1.jar, locator: jarinjar, reader: mod manifest]
[20Jul2026 16:47:33.906] [main/INFO] [net.neoforged.fml.loading.moddiscovery.ModDiscoverer/SCAN]: Found mod file "c2me-fixes-worldgen-vanilla-bugs-mc1.21.1-0.3.0+alpha.0.93.jar" [parent: c2me-neoforge-mc1.21.1-0.3.0+alpha.0.93.jar, locator: jarinjar, reader: mod manifest]
[20Jul2026 16:47:33.906] [main/INFO] [net.neoforged.fml.loading.moddiscovery.ModDiscoverer/SCAN]: Found mod file "pridelib-1.2.4+1.21.1-mojmap.jar" [parent: lambdynamiclights-4.8.8+1.21.1-neoforge.jar, locator: jarinjar, reader: mod manifest]
[20Jul2026 16:47:33.906] [main/INFO] [net.neoforged.fml.loading.moddiscovery.ModDiscoverer/SCAN]: Found mod file "fabric-content-registries-v0-8.0.19+5e0d320019.jar" [parent: forgified-fabric-api-0.116.7+2.2.4+1.21.1.jar, locator: jarinjar, reader: mod manifest]
[20Jul2026 16:47:33.906] [main/INFO] [net.neoforged.fml.loading.moddiscovery.ModDiscoverer/SCAN]: Found library file "kotlinx-serialization-json-jvm-1.9.0.jar" [parent: kotlinforforge-5.11.0-all.jar, locator: jarinjar]
[20Jul2026 16:47:33.906] [main/INFO] [net.neoforged.fml.loading.moddiscovery.ModDiscoverer/SCAN]: Found mod file "com.kneelawk.extra-mod-integrations.extra-mod-integrations-chipped-neoforge-1.0.3+1.21.1.jar" [parent: extra-mod-integrations-all-neoforge-1.0.3+1.21.1.jar, locator: jarinjar, reader: mod manifest]
[20Jul2026 16:47:33.906] [main/INFO] [net.neoforged.fml.loading.moddiscovery.ModDiscoverer/SCAN]: Found library file "bytecodecs-1.1.2.jar" [parent: resourcefullib-neoforge-1.21-3.0.12.jar, locator: jarinjar]
[20Jul2026 16:47:33.906] [main/INFO] [net.neoforged.fml.loading.moddiscovery.ModDiscoverer/SCAN]: Found mod file "terrablender-bridge-1.12.1+1.21.1.jar" [parent: ConnectorExtras-1.12.1+1.21.1.jar, locator: jarinjar, reader: mod manifest]
[20Jul2026 16:47:33.906] [main/INFO] [net.neoforged.fml.loading.moddiscovery.ModDiscoverer/SCAN]: Found library file "groovy-json-4.0.24.jar" [parent: groovybundler-2.1.7.jar, locator: jarinjar, reader: mod manifest]
[20Jul2026 16:47:33.906] [main/INFO] [net.neoforged.fml.loading.moddiscovery.ModDiscoverer/SCAN]: Found library file "exp4j-0.4.8.jar" [parent: c2me-neoforge-mc1.21.1-0.3.0+alpha.0.93.jar, locator: jarinjar]
[20Jul2026 16:47:33.906] [main/INFO] [net.neoforged.fml.loading.moddiscovery.ModDiscoverer/SCAN]: Found library file "snakeyaml-2.6.jar" [parent: servercore-neoforge-1.5.17+1.21.1.jar, locator: jarinjar]
[20Jul2026 16:47:33.906] [main/INFO] [net.neoforged.fml.loading.moddiscovery.ModDiscoverer/SCAN]: Found library file "dev.mcstatus.watchtower.watchtower-core-2.0.6.jar" [parent: watchtower-neoforge-1.1.0+mc1.21.jar, locator: jarinjar, reader: mod manifest]
[20Jul2026 16:47:33.906] [main/INFO] [net.neoforged.fml.loading.moddiscovery.ModDiscoverer/SCAN]: Found gamelibrary file "mixinextras-neoforge-0.5.3.jar" [parent: neoforge-21.1.233-universal.jar, locator: jarinjar, reader: mod manifest]
[20Jul2026 16:47:33.906] [main/INFO] [net.neoforged.fml.loading.moddiscovery.ModDiscoverer/SCAN]: Found library file "groovy-macro-4.0.24.jar" [parent: groovybundler-2.1.7.jar, locator: jarinjar, reader: mod manifest]
[20Jul2026 16:47:33.906] [main/INFO] [net.neoforged.fml.loading.moddiscovery.ModDiscoverer/SCAN]: Found gamelibrary file "yumi-commons-core-1.0.0.jar" [parent: yumi-mc-foundation-1.0.0-beta.1+1.21.1-mojmap.jar, locator: jarinjar, reader: mod manifest]
[20Jul2026 16:47:33.906] [main/INFO] [net.neoforged.fml.loading.moddiscovery.ModDiscoverer/SCAN]: Found mod file "fabric-game-rule-api-v1-1.0.53+36d727be19.jar" [parent: forgified-fabric-api-0.115.6+2.1.0+1.21.1.jar, locator: jarinjar, reader: mod manifest]
[20Jul2026 16:47:33.906] [main/INFO] [net.neoforged.fml.loading.moddiscovery.ModDiscoverer/SCAN]: Found mod file "fabric-api-lookup-api-v1-1.6.71+c290471319.jar" [parent: forgified-fabric-api-0.116.7+2.2.4+1.21.1.jar, locator: jarinjar, reader: mod manifest]
[20Jul2026 16:47:33.906] [main/INFO] [net.neoforged.fml.loading.moddiscovery.ModDiscoverer/SCAN]: Found mod file "c2me-fixes-chunkio-threading-issues-mc1.21.1-0.3.0+alpha.0.93.jar" [parent: c2me-neoforge-mc1.21.1-0.3.0+alpha.0.93.jar, locator: jarinjar, reader: mod manifest]
[20Jul2026 16:47:33.906] [main/INFO] [net.neoforged.fml.loading.moddiscovery.ModDiscoverer/SCAN]: Found gamelibrary file "dev.ryanhcode.sable.sable-sable_rapier-1.21.1-2.0.3.jar" [parent: sable-neoforge-1.21.1-2.0.3.jar, locator: jarinjar, reader: mod manifest]
[20Jul2026 16:47:33.906] [main/INFO] [net.neoforged.fml.loading.moddiscovery.ModDiscoverer/SCAN]: Found mod file "c2me-client-uncapvd-mc1.21.1-0.3.0+alpha.0.93.jar" [parent: c2me-neoforge-mc1.21.1-0.3.0+alpha.0.93.jar, locator: jarinjar, reader: mod manifest]
[20Jul2026 16:47:33.906] [main/INFO] [net.neoforged.fml.loading.moddiscovery.ModDiscoverer/SCAN]: Found library file "imageio-metadata-3.12.0.jar" [parent: yet_another_config_lib_v3-3.8.2+1.21.1-neoforge.jar, locator: jarinjar]
[20Jul2026 16:47:33.906] [main/INFO] [net.neoforged.fml.loading.moddiscovery.ModDiscoverer/SCAN]: Found mod file "c2me-opts-dfc-mc1.21.1-0.3.0+alpha.0.93.jar" [parent: c2me-neoforge-mc1.21.1-0.3.0+alpha.0.93.jar, locator: jarinjar, reader: mod manifest]
[20Jul2026 16:47:33.906] [main/INFO] [net.neoforged.fml.loading.moddiscovery.ModDiscoverer/SCAN]: Found library file "kotlin-stdlib-2.3.0.jar" [parent: kotlinforforge-5.11.0-all.jar, locator: jarinjar]
[20Jul2026 16:47:33.906] [main/INFO] [net.neoforged.fml.loading.moddiscovery.ModDiscoverer/SCAN]: Found mod file "cgl-1.21-neoforge-0.5.1.jar" [parent: gml-6.0.2.jar, locator: jarinjar, reader: mod manifest]
[20Jul2026 16:47:33.906] [main/INFO] [net.neoforged.fml.loading.moddiscovery.ModDiscoverer/SCAN]: Found library file "jackson-annotations-2.18.1.jar" [parent: groovybundler-2.1.7.jar, locator: jarinjar, reader: mod manifest]
[20Jul2026 16:47:33.906] [main/INFO] [net.neoforged.fml.loading.moddiscovery.ModDiscoverer/SCAN]: Found library file "groovy-ginq-4.0.24.jar" [parent: groovybundler-2.1.7.jar, locator: jarinjar, reader: mod manifest]
[20Jul2026 16:47:33.906] [main/INFO] [net.neoforged.fml.loading.moddiscovery.ModDiscoverer/SCAN]: Found library file "tomlkt-jvm-0.3.7.jar" [parent: fzzy_config-0.7.6+1.21+neoforge.jar, locator: jarinjar]
[20Jul2026 16:47:33.906] [main/INFO] [net.neoforged.fml.loading.moddiscovery.ModDiscoverer/SCAN]: Found mod file "fabric-entity-events-v1-1.8.0+5ede667619.jar" [parent: forgified-fabric-api-0.116.7+2.2.4+1.21.1.jar, locator: jarinjar, reader: mod manifest]
[20Jul2026 16:47:33.906] [main/INFO] [net.neoforged.fml.loading.moddiscovery.ModDiscoverer/SCAN]: Found library file "kaleido-config-0.3.3+1.3.2.jar" [parent: alloyed-3.0.7+1.21.1-neoforge.jar, locator: jarinjar]
[20Jul2026 16:47:33.906] [main/INFO] [net.neoforged.fml.loading.moddiscovery.ModDiscoverer/SCAN]: Found library file "commonmark-0.21.0.jar" [parent: mru-1.0.19+LTS+1.21.1+neoforge.jar, locator: jarinjar]
[20Jul2026 16:47:33.906] [main/INFO] [net.neoforged.fml.loading.moddiscovery.ModDiscoverer/SCAN]: Found library file "common-io-3.12.0.jar" [parent: yet_another_config_lib_v3-3.8.2+1.21.1-neoforge.jar, locator: jarinjar]
[20Jul2026 16:47:33.906] [main/INFO] [net.neoforged.fml.loading.moddiscovery.ModDiscoverer/SCAN]: Found mod file "fabric-loot-api-v2-3.0.15+a3ee712d19.jar" [parent: forgified-fabric-api-0.115.6+2.1.0+1.21.1.jar, locator: jarinjar, reader: mod manifest]
[20Jul2026 16:47:33.906] [main/INFO] [net.neoforged.fml.loading.moddiscovery.ModDiscoverer/SCAN]: Found mod file "lambdynamiclights-4.8.8+1.21.1-neoforge.jar" [parent: lambdynamiclights-4.8.8+1.21.1.jar, locator: jarinjar, reader: mod manifest]
[20Jul2026 16:47:33.906] [main/INFO] [net.neoforged.fml.loading.moddiscovery.ModDiscoverer/SCAN]: Found gamelibrary file "mixinsquared-forge-0.3.3.jar" [parent: supplementaries-neoforge-1.21.1-3.6.8.jar, locator: jarinjar, reader: mod manifest]
[20Jul2026 16:47:33.906] [main/INFO] [net.neoforged.fml.loading.moddiscovery.ModDiscoverer/SCAN]: Found library file "javase-3.4.0.jar" [parent: watchtower-neoforge-1.1.0+mc1.21.jar, locator: jarinjar]
[20Jul2026 16:47:33.906] [main/INFO] [net.neoforged.fml.loading.moddiscovery.ModDiscoverer/SCAN]: Found mod file "conditional-mixin-neoforge-0.6.4.jar" [parent: create-enchantment-industry-2.4.2.jar, locator: jarinjar, reader: mod manifest]
[20Jul2026 16:47:33.906] [main/INFO] [net.neoforged.fml.loading.moddiscovery.ModDiscoverer/SCAN]: Found mod file "fabric-loot-api-v3-1.0.3+333dfad919.jar" [parent: forgified-fabric-api-0.116.7+2.2.4+1.21.1.jar, locator: jarinjar, reader: mod manifest]
[20Jul2026 16:47:33.906] [main/INFO] [net.neoforged.fml.loading.moddiscovery.ModDiscoverer/SCAN]: Found mod file "fabric-rendering-data-attachment-v1-0.3.49+73761d2e19.jar" [parent: forgified-fabric-api-0.115.6+2.1.0+1.21.1.jar, locator: jarinjar, reader: mod manifest]
[20Jul2026 16:47:33.906] [main/INFO] [net.neoforged.fml.loading.moddiscovery.ModDiscoverer/SCAN]: Found mod file "com.kneelawk.extra-mod-integrations.extra-mod-integrations-isns-neoforge-1.0.3+1.21.1.jar" [parent: extra-mod-integrations-all-neoforge-1.0.3+1.21.1.jar, locator: jarinjar, reader: mod manifest]
[20Jul2026 16:47:33.906] [main/INFO] [net.neoforged.fml.loading.moddiscovery.ModDiscoverer/SCAN]: Found library file "imageio-webp-3.12.0.jar" [parent: yet_another_config_lib_v3-3.8.2+1.21.1-neoforge.jar, locator: jarinjar]
[20Jul2026 16:47:33.906] [main/INFO] [net.neoforged.fml.loading.moddiscovery.ModDiscoverer/SCAN]: Found library file "kotlinx-serialization-core-jvm-1.9.0.jar" [parent: kotlinforforge-5.11.0-all.jar, locator: jarinjar]
[20Jul2026 16:47:33.906] [main/INFO] [net.neoforged.fml.loading.moddiscovery.ModDiscoverer/SCAN]: Found mod file "fabric-networking-api-v1-4.3.0+30a980d919.jar" [parent: forgified-fabric-api-0.116.7+2.2.4+1.21.1.jar, locator: jarinjar, reader: mod manifest]
[20Jul2026 16:47:33.906] [main/INFO] [net.neoforged.fml.loading.moddiscovery.ModDiscoverer/SCAN]: Found gamelibrary file "Registrate-MC1.21-1.3.0+67.jar" [parent: create-1.21.1-6.0.10.jar, locator: jarinjar, reader: mod manifest]
[20Jul2026 16:47:33.906] [main/INFO] [net.neoforged.fml.loading.moddiscovery.ModDiscoverer/SCAN]: Found mod file "c2me-rewrites-chunkio-mc1.21.1-0.3.0+alpha.0.93.jar" [parent: c2me-neoforge-mc1.21.1-0.3.0+alpha.0.93.jar, locator: jarinjar, reader: mod manifest]
[20Jul2026 16:47:33.906] [main/INFO] [net.neoforged.fml.loading.moddiscovery.ModDiscoverer/SCAN]: Found mod file "com.kneelawk.extra-mod-integrations.extra-mod-integrations-actually-additions-neoforge-1.0.3+1.21.1.jar" [parent: extra-mod-integrations-all-neoforge-1.0.3+1.21.1.jar, locator: jarinjar, reader: mod manifest]
[20Jul2026 16:47:33.906] [main/INFO] [net.neoforged.fml.loading.moddiscovery.ModDiscoverer/SCAN]: Found mod file "c2me-opts-allocs-mc1.21.1-0.3.0+alpha.0.93.jar" [parent: c2me-neoforge-mc1.21.1-0.3.0+alpha.0.93.jar, locator: jarinjar, reader: mod manifest]
[20Jul2026 16:47:33.906] [main/INFO] [net.neoforged.fml.loading.moddiscovery.ModDiscoverer/SCAN]: Found mod file "fabric-lifecycle-events-v1-2.6.0+e40d8add19.jar" [parent: forgified-fabric-api-0.116.7+2.2.4+1.21.1.jar, locator: jarinjar, reader: mod manifest]
[20Jul2026 16:47:33.906] [main/INFO] [net.neoforged.fml.loading.moddiscovery.ModDiscoverer/SCAN]: Found library file "imageio-core-3.12.0.jar" [parent: yet_another_config_lib_v3-3.8.2+1.21.1-neoforge.jar, locator: jarinjar]
[20Jul2026 16:47:33.906] [main/INFO] [net.neoforged.fml.loading.moddiscovery.ModDiscoverer/SCAN]: Found library file "asyncutil-0.1.0.jar" [parent: c2me-neoforge-mc1.21.1-0.3.0+alpha.0.93.jar, locator: jarinjar]
[20Jul2026 16:47:33.906] [main/INFO] [net.neoforged.fml.loading.moddiscovery.ModDiscoverer/SCAN]: Found library file "opensesame-compile-0.5.13.jar" [parent: groovybundler-2.1.7.jar, locator: jarinjar, reader: mod manifest]
[20Jul2026 16:47:33.906] [main/INFO] [net.neoforged.fml.loading.moddiscovery.ModDiscoverer/SCAN]: Found mod file "percale-neoforge-1.0.0-beta.1.jar" [parent: kambrik-neoforge-8.0.0-beta.2.jar, locator: jarinjar, reader: mod manifest]
[20Jul2026 16:47:33.906] [main/INFO] [net.neoforged.fml.loading.moddiscovery.ModDiscoverer/SCAN]: Found mod file "fabric-key-binding-api-v1-1.0.47+62cc7ce119.jar" [parent: forgified-fabric-api-0.115.6+2.1.0+1.21.1.jar, locator: jarinjar, reader: mod manifest]
[20Jul2026 16:47:33.906] [main/INFO] [net.neoforged.fml.loading.moddiscovery.ModDiscoverer/SCAN]: Found mod file "fabric-client-tags-api-v1-1.1.15+e053909619.jar" [parent: forgified-fabric-api-0.115.6+2.1.0+1.21.1.jar, locator: jarinjar, reader: mod manifest]
[20Jul2026 16:47:33.906] [main/INFO] [net.neoforged.fml.loading.moddiscovery.ModDiscoverer/SCAN]: Found mod file "fabric-transfer-api-v1-5.4.3+a25cb45619.jar" [parent: forgified-fabric-api-0.116.7+2.2.4+1.21.1.jar, locator: jarinjar, reader: mod manifest]
[20Jul2026 16:47:33.906] [main/INFO] [net.neoforged.fml.loading.moddiscovery.ModDiscoverer/SCAN]: Found library file "dazzleconf-ext-snakeyaml-1.3.0-M2.jar" [parent: servercore-neoforge-1.5.17+1.21.1.jar, locator: jarinjar]
[20Jul2026 16:47:33.906] [main/INFO] [net.neoforged.fml.loading.moddiscovery.ModDiscoverer/SCAN]: Found mod file "c2me-threading-lighting-mc1.21.1-0.3.0+alpha.0.93.jar" [parent: c2me-neoforge-mc1.21.1-0.3.0+alpha.0.93.jar, locator: jarinjar, reader: mod manifest]
[20Jul2026 16:47:33.906] [main/INFO] [net.neoforged.fml.loading.moddiscovery.ModDiscoverer/SCAN]: Found library file "groovy-templates-4.0.24.jar" [parent: groovybundler-2.1.7.jar, locator: jarinjar, reader: mod manifest]
[20Jul2026 16:47:33.906] [main/INFO] [net.neoforged.fml.loading.moddiscovery.ModDiscoverer/SCAN]: Found library file "totp-1.7.1.jar" [parent: watchtower-neoforge-1.1.0+mc1.21.jar, locator: jarinjar]
[20Jul2026 16:47:33.906] [main/INFO] [net.neoforged.fml.loading.moddiscovery.ModDiscoverer/SCAN]: Found library file "tritonus-share-0.3.7.4.jar" [parent: radiomod-1.0.2.jar, locator: jarinjar]
[20Jul2026 16:47:33.906] [main/INFO] [net.neoforged.fml.loading.moddiscovery.ModDiscoverer/SCAN]: Found mod file "com.kneelawk.extra-mod-integrations.extra-mod-integrations-rechiseled-neoforge-1.0.3+1.21.1.jar" [parent: extra-mod-integrations-all-neoforge-1.0.3+1.21.1.jar, locator: jarinjar, reader: mod manifest]
[20Jul2026 16:47:33.906] [main/INFO] [net.neoforged.fml.loading.moddiscovery.ModDiscoverer/SCAN]: Found library file "json5-java-3.0.0.jar" [parent: regions-unexplored-0.6.1-neoforge-21.1.jar, locator: jarinjar]
[20Jul2026 16:47:33.906] [main/INFO] [net.neoforged.fml.loading.moddiscovery.ModDiscoverer/SCAN]: Found library file "net.neoforged.neoforge-coremods-21.1.233.jar" [parent: neoforge-21.1.233-universal.jar, locator: jarinjar, reader: mod manifest]
[20Jul2026 16:47:33.906] [main/INFO] [net.neoforged.fml.loading.moddiscovery.ModDiscoverer/SCAN]: Found mod file "fabric-model-loading-api-v1-2.1.0+6e8f52c719.jar" [parent: forgified-fabric-api-0.116.7+2.2.4+1.21.1.jar, locator: jarinjar, reader: mod manifest]
[20Jul2026 16:47:33.906] [main/INFO] [net.neoforged.fml.loading.moddiscovery.ModDiscoverer/SCAN]: Found mod file "xaerolib-neoforge-1.21-1.0.42.jar" [parent: XaerosWorldMap_1.40.2_NeoForge_1.21.jar, locator: jarinjar, reader: mod manifest]
[20Jul2026 16:47:33.907] [main/INFO] [net.neoforged.fml.loading.moddiscovery.ModDiscoverer/SCAN]: Found mod file "dev.eriksonn.aeronautics.aeronautics-neoforge-1.21.1-1.3.0.jar" [parent: create-aeronautics-bundled-1.21.1-1.3.0.jar, locator: jarinjar, reader: mod manifest]
[20Jul2026 16:47:33.907] [main/INFO] [net.neoforged.fml.loading.moddiscovery.ModDiscoverer/SCAN]: Found mod file "pehkui-bridge-1.12.1+1.21.1.jar" [parent: ConnectorExtras-1.12.1+1.21.1.jar, locator: jarinjar, reader: mod manifest]
[20Jul2026 16:47:33.907] [main/INFO] [net.neoforged.fml.loading.moddiscovery.ModDiscoverer/SCAN]: Found mod file "fabric-screen-handler-api-v1-1.3.90+8dbc56dd19.jar" [parent: forgified-fabric-api-0.116.7+2.2.4+1.21.1.jar, locator: jarinjar, reader: mod manifest]
[20Jul2026 16:47:33.907] [main/INFO] [net.neoforged.fml.loading.moddiscovery.ModDiscoverer/SCAN]: Found mod file "fabric-resource-loader-v0-1.3.1+4ea8954419.jar" [parent: forgified-fabric-api-0.116.7+2.2.4+1.21.1.jar, locator: jarinjar, reader: mod manifest]
[20Jul2026 16:47:33.907] [main/INFO] [net.neoforged.fml.loading.moddiscovery.ModDiscoverer/SCAN]: Found mod file "fabric-rendering-v1-5.1.0+1a09bd5a19.jar" [parent: forgified-fabric-api-0.116.7+2.2.4+1.21.1.jar, locator: jarinjar, reader: mod manifest]
[20Jul2026 16:47:33.907] [main/INFO] [net.neoforged.fml.loading.moddiscovery.ModDiscoverer/SCAN]: Found library file "jackson-core-2.18.1.jar" [parent: groovybundler-2.1.7.jar, locator: jarinjar, reader: mod manifest]
[20Jul2026 16:47:33.907] [main/INFO] [net.neoforged.fml.loading.moddiscovery.ModDiscoverer/SCAN]: Found mod file "fabric-renderer-indigo-1.7.1+9125b6dc19.jar" [parent: forgified-fabric-api-0.116.7+2.2.4+1.21.1.jar, locator: jarinjar, reader: mod manifest]
[20Jul2026 16:47:33.907] [main/INFO] [net.neoforged.fml.loading.moddiscovery.ModDiscoverer/SCAN]: Found library file "groovy-contracts-4.0.24.jar" [parent: groovybundler-2.1.7.jar, locator: jarinjar, reader: mod manifest]
[20Jul2026 16:47:33.907] [main/INFO] [net.neoforged.fml.loading.moddiscovery.ModDiscoverer/SCAN]: Found gamelibrary file "mixinsquared-neoforge-0.2.0-beta.6.jar" [parent: c2me-neoforge-mc1.21.1-0.3.0+alpha.0.93.jar, locator: jarinjar, reader: mod manifest]
[20Jul2026 16:47:33.907] [main/INFO] [net.neoforged.fml.loading.moddiscovery.ModDiscoverer/SCAN]: Found library file "yabn-1.0.3.jar" [parent: resourcefullib-neoforge-1.21-3.0.12.jar, locator: jarinjar]
[20Jul2026 16:47:33.907] [main/INFO] [net.neoforged.fml.loading.moddiscovery.ModDiscoverer/SCAN]: Found library file "groovy-dateutil-4.0.24.jar" [parent: groovybundler-2.1.7.jar, locator: jarinjar, reader: mod manifest]
[20Jul2026 16:47:33.907] [main/INFO] [net.neoforged.fml.loading.moddiscovery.ModDiscoverer/SCAN]: Found library file "core-3.4.0.jar" [parent: watchtower-neoforge-1.1.0+mc1.21.jar, locator: jarinjar]
[20Jul2026 16:47:33.907] [main/INFO] [net.neoforged.fml.loading.moddiscovery.ModDiscoverer/SCAN]: Found library file "kotlinx-coroutines-jdk8-1.10.2.jar" [parent: kotlinforforge-5.11.0-all.jar, locator: jarinjar]
[20Jul2026 16:47:33.907] [main/INFO] [net.neoforged.fml.loading.moddiscovery.ModDiscoverer/SCAN]: Found mod file "midnightlib-1.6.9+1.21-neoforge.jar" [parent: aileron-1.21.1-neoforge-1.1.4.jar, locator: jarinjar, reader: mod manifest]
[20Jul2026 16:47:33.907] [main/INFO] [net.neoforged.fml.loading.moddiscovery.ModDiscoverer/SCAN]: Found mod file "c2me-rewrites-chunk-system-mc1.21.1-0.3.0+alpha.0.93.jar" [parent: c2me-neoforge-mc1.21.1-0.3.0+alpha.0.93.jar, locator: jarinjar, reader: mod manifest]
[20Jul2026 16:47:33.907] [main/INFO] [net.neoforged.fml.loading.moddiscovery.ModDiscoverer/SCAN]: Found library file "jackson-dataformat-toml-2.18.1.jar" [parent: groovybundler-2.1.7.jar, locator: jarinjar, reader: mod manifest]
[20Jul2026 16:47:33.907] [main/INFO] [net.neoforged.fml.loading.moddiscovery.ModDiscoverer/SCAN]: Found library file "rxjava-3.1.12.jar" [parent: c2me-neoforge-mc1.21.1-0.3.0+alpha.0.93.jar, locator: jarinjar]
[20Jul2026 16:47:33.907] [main/INFO] [net.neoforged.fml.loading.moddiscovery.ModDiscoverer/SCAN]: Found library file "extras-utils-1.12.1+1.21.1.jar" [parent: ConnectorExtras-1.12.1+1.21.1.jar, locator: jarinjar, reader: mod manifest]
[20Jul2026 16:47:33.907] [main/INFO] [net.neoforged.fml.loading.moddiscovery.ModDiscoverer/SCAN]: Found library file "groovy-typecheckers-4.0.24.jar" [parent: groovybundler-2.1.7.jar, locator: jarinjar, reader: mod manifest]
[20Jul2026 16:47:33.907] [main/INFO] [net.neoforged.fml.loading.moddiscovery.ModDiscoverer/SCAN]: Found library file "molang-compiler-3.1.1.19.jar" [parent: veil-neoforge-1.21.1-4.1.4.jar, locator: jarinjar]
[20Jul2026 16:47:33.907] [main/INFO] [net.neoforged.fml.loading.moddiscovery.ModDiscoverer/SCAN]: Found library file "groovy-4.0.24.jar" [parent: groovybundler-2.1.7.jar, locator: jarinjar, reader: mod manifest]
[20Jul2026 16:47:33.907] [main/INFO] [net.neoforged.fml.loading.moddiscovery.ModDiscoverer/SCAN]: Found mod file "energy-bridge-1.12.1+1.21.1.jar" [parent: ConnectorExtras-1.12.1+1.21.1.jar, locator: jarinjar, reader: mod manifest]
[20Jul2026 16:47:33.907] [main/INFO] [net.neoforged.fml.loading.moddiscovery.ModDiscoverer/SCAN]: Found library file "groovy-toml-4.0.24.jar" [parent: groovybundler-2.1.7.jar, locator: jarinjar, reader: mod manifest]
[20Jul2026 16:47:33.907] [main/INFO] [net.neoforged.fml.loading.moddiscovery.ModDiscoverer/SCAN]: Found mod file "fabric-particles-v1-4.0.2+824f924c19.jar" [parent: forgified-fabric-api-0.115.6+2.1.0+1.21.1.jar, locator: jarinjar, reader: mod manifest]
[20Jul2026 16:47:33.907] [main/INFO] [net.neoforged.fml.loading.moddiscovery.ModDiscoverer/SCAN]: Found mod file "c2me-opts-worldgen-vanilla-mc1.21.1-0.3.0+alpha.0.93.jar" [parent: c2me-neoforge-mc1.21.1-0.3.0+alpha.0.93.jar, locator: jarinjar, reader: mod manifest]
[20Jul2026 16:47:33.907] [main/INFO] [net.neoforged.fml.loading.moddiscovery.ModDiscoverer/SCAN]: Found library file "common-image-3.12.0.jar" [parent: yet_another_config_lib_v3-3.8.2+1.21.1-neoforge.jar, locator: jarinjar]
[20Jul2026 16:47:33.907] [main/INFO] [net.neoforged.fml.loading.moddiscovery.ModDiscoverer/SCAN]: Found mod file "c2me-opts-scheduling-mc1.21.1-0.3.0+alpha.0.93.jar" [parent: c2me-neoforge-mc1.21.1-0.3.0+alpha.0.93.jar, locator: jarinjar, reader: mod manifest]
[20Jul2026 16:47:33.907] [main/INFO] [net.neoforged.fml.loading.moddiscovery.ModDiscoverer/SCAN]: Found mod file "fabric-transitive-access-wideners-v1-6.2.0+6c854b6f19.jar" [parent: forgified-fabric-api-0.116.7+2.2.4+1.21.1.jar, locator: jarinjar, reader: mod manifest]
[20Jul2026 16:47:33.907] [main/INFO] [net.neoforged.fml.loading.moddiscovery.ModDiscoverer/SCAN]: Found mod file "dev.ryanhcode.offroad.offroad-neoforge-1.21.1-1.3.0.jar" [parent: create-aeronautics-bundled-1.21.1-1.3.0.jar, locator: jarinjar, reader: mod manifest]
[20Jul2026 16:47:33.907] [main/INFO] [net.neoforged.fml.loading.moddiscovery.ModDiscoverer/SCAN]: Found library file "jankson-1.2.3.jar" [parent: fzzy_config-0.7.6+1.21+neoforge.jar, locator: jarinjar]
[20Jul2026 16:47:33.907] [main/INFO] [net.neoforged.fml.loading.moddiscovery.ModDiscoverer/SCAN]: Found mod file "fabric-api-base-0.4.42+d1308ded19.jar" [parent: forgified-fabric-api-0.116.7+2.2.4+1.21.1.jar, locator: jarinjar, reader: mod manifest]
[20Jul2026 16:47:33.907] [main/INFO] [net.neoforged.fml.loading.moddiscovery.ModDiscoverer/SCAN]: Found mod file "fabric-blockrenderlayer-v1-1.1.52+c290471319.jar" [parent: forgified-fabric-api-0.116.7+2.2.4+1.21.1.jar, locator: jarinjar, reader: mod manifest]
[20Jul2026 16:47:33.907] [main/INFO] [net.neoforged.fml.loading.moddiscovery.ModDiscoverer/SCAN]: Found library file "jlayer-1.0.1.4.jar" [parent: radiomod-1.0.2.jar, locator: jarinjar]
[20Jul2026 16:47:33.907] [main/INFO] [net.neoforged.fml.loading.moddiscovery.ModDiscoverer/SCAN]: Found library file "jackson-databind-2.18.1.jar" [parent: groovybundler-2.1.7.jar, locator: jarinjar, reader: mod manifest]
[20Jul2026 16:47:33.907] [main/INFO] [net.neoforged.fml.loading.moddiscovery.ModDiscoverer/SCAN]: Found mod file "fabric-block-api-v1-1.1.0+b0c22bb819.jar" [parent: forgified-fabric-api-0.116.7+2.2.4+1.21.1.jar, locator: jarinjar, reader: mod manifest]
[20Jul2026 16:47:33.907] [main/INFO] [net.neoforged.fml.loading.moddiscovery.ModDiscoverer/SCAN]: Found mod file "c2me-server-utils-mc1.21.1-0.3.0+alpha.0.93.jar" [parent: c2me-neoforge-mc1.21.1-0.3.0+alpha.0.93.jar, locator: jarinjar, reader: mod manifest]
[20Jul2026 16:47:33.907] [main/INFO] [net.neoforged.fml.loading.moddiscovery.ModDiscoverer/SCAN]: Found library file "thedarkcolour.kfflang-5.11.0.jar" [parent: kotlinforforge-5.11.0-all.jar, locator: jarinjar, reader: mod manifest]
[20Jul2026 16:47:33.907] [main/INFO] [net.neoforged.fml.loading.moddiscovery.ModDiscoverer/SCAN]: Found mod file "jei-bridge-1.12.1+1.21.1.jar" [parent: ConnectorExtras-1.12.1+1.21.1.jar, locator: jarinjar, reader: mod manifest]
[20Jul2026 16:47:33.907] [main/INFO] [net.neoforged.fml.loading.moddiscovery.ModDiscoverer/SCAN]: Found gamelibrary file "thedarkcolour.kfflib-5.11.0.jar" [parent: kotlinforforge-5.11.0-all.jar, locator: jarinjar, reader: mod manifest]
[20Jul2026 16:47:33.907] [main/INFO] [net.neoforged.fml.loading.moddiscovery.ModDiscoverer/SCAN]: Found mod file "fabric-resource-conditions-api-v1-4.3.0+5bdd099819.jar" [parent: forgified-fabric-api-0.115.6+2.1.0+1.21.1.jar, locator: jarinjar, reader: mod manifest]
[20Jul2026 16:47:33.907] [main/INFO] [net.neoforged.fml.loading.moddiscovery.ModDiscoverer/SCAN]: Found mod file "thedarkcolour.kffmod-5.11.0.jar" [parent: kotlinforforge-5.11.0-all.jar, locator: jarinjar, reader: mod manifest]
[20Jul2026 16:47:33.907] [main/INFO] [net.neoforged.fml.loading.moddiscovery.ModDiscoverer/SCAN]: Found library file "gson-0.2.1.jar" [parent: yet_another_config_lib_v3-3.8.2+1.21.1-neoforge.jar, locator: jarinjar]
[20Jul2026 16:47:33.907] [main/INFO] [net.neoforged.fml.loading.moddiscovery.ModDiscoverer/SCAN]: Found library file "kotlin-reflect-2.3.0.jar" [parent: kotlinforforge-5.11.0-all.jar, locator: jarinjar]
[20Jul2026 16:47:33.907] [main/INFO] [net.neoforged.fml.loading.moddiscovery.ModDiscoverer/SCAN]: Found mod file "sable-companion-common-1.21.1-1.6.0.jar" [parent: supplementaries-neoforge-1.21.1-3.6.8.jar, locator: jarinjar, reader: mod manifest]
[20Jul2026 16:47:33.907] [main/INFO] [net.neoforged.fml.loading.moddiscovery.ModDiscoverer/SCAN]: Found mod file "flywheel-neoforge-1.21.1-1.0.6.jar" [parent: create-1.21.1-6.0.10.jar, locator: jarinjar, reader: mod manifest]
[20Jul2026 16:47:33.907] [main/INFO] [net.neoforged.fml.loading.moddiscovery.ModDiscoverer/SCAN]: Found mod file "fabric-item-group-api-v1-4.1.7+e324903319.jar" [parent: forgified-fabric-api-0.115.6+2.1.0+1.21.1.jar, locator: jarinjar, reader: mod manifest]
[20Jul2026 16:47:33.907] [main/INFO] [net.neoforged.fml.loading.moddiscovery.ModDiscoverer/SCAN]: Found library file "opensesame-core-0.5.13.jar" [parent: groovybundler-2.1.7.jar, locator: jarinjar, reader: mod manifest]
[20Jul2026 16:47:33.907] [main/INFO] [net.neoforged.fml.loading.moddiscovery.ModDiscoverer/SCAN]: Found mod file "fabric-gametest-api-v1-2.0.5+29f188ce19.jar" [parent: forgified-fabric-api-0.115.6+2.1.0+1.21.1.jar, locator: jarinjar, reader: mod manifest]
[20Jul2026 16:47:33.907] [main/INFO] [net.neoforged.fml.loading.moddiscovery.ModDiscoverer/SCAN]: Found library file "groovy-datetime-4.0.24.jar" [parent: groovybundler-2.1.7.jar, locator: jarinjar, reader: mod manifest]
[20Jul2026 16:47:33.907] [main/INFO] [net.neoforged.fml.loading.moddiscovery.ModDiscoverer/SCAN]: Found mod file "c2me-notickvd-mc1.21.1-0.3.0+alpha.0.93.jar" [parent: c2me-neoforge-mc1.21.1-0.3.0+alpha.0.93.jar, locator: jarinjar, reader: mod manifest]
[20Jul2026 16:47:33.907] [main/INFO] [net.neoforged.fml.loading.moddiscovery.ModDiscoverer/SCAN]: Found mod file "spruceui-6.2.5+1.21.1-mojmap.jar" [parent: lambdynamiclights-4.8.8+1.21.1-neoforge.jar, locator: jarinjar, reader: mod manifest]
[20Jul2026 16:47:33.907] [main/INFO] [net.neoforged.fml.loading.moddiscovery.ModDiscoverer/SCAN]: Found mod file "yumi-mc-foundation-1.0.0-beta.1+1.21.1-mojmap.jar" [parent: lambdynamiclights-4.8.8+1.21.1-neoforge.jar, locator: jarinjar, reader: mod manifest]
[20Jul2026 16:47:33.907] [main/INFO] [net.neoforged.fml.loading.moddiscovery.ModDiscoverer/SCAN]: Found mod file "fabric-biome-api-v1-13.0.31+1e62d33c19.jar" [parent: forgified-fabric-api-0.115.6+2.1.0+1.21.1.jar, locator: jarinjar, reader: mod manifest]
[20Jul2026 16:47:33.907] [main/INFO] [net.neoforged.fml.loading.moddiscovery.ModDiscoverer/SCAN]: Found mod file "c2me-opts-worldgen-general-mc1.21.1-0.3.0+alpha.0.93.jar" [parent: c2me-neoforge-mc1.21.1-0.3.0+alpha.0.93.jar, locator: jarinjar, reader: mod manifest]
[20Jul2026 16:47:33.907] [main/INFO] [net.neoforged.fml.loading.moddiscovery.ModDiscoverer/SCAN]: Found mod file "c2me-opts-chunkio-mc1.21.1-0.3.0+alpha.0.93.jar" [parent: c2me-neoforge-mc1.21.1-0.3.0+alpha.0.93.jar, locator: jarinjar, reader: mod manifest]
[20Jul2026 16:47:33.907] [main/INFO] [net.neoforged.fml.loading.moddiscovery.ModDiscoverer/SCAN]: Found library file "groovy-macro-library-4.0.24.jar" [parent: groovybundler-2.1.7.jar, locator: jarinjar, reader: mod manifest]
[20Jul2026 16:47:33.907] [main/INFO] [net.neoforged.fml.loading.moddiscovery.ModDiscoverer/SCAN]: Found library file "json-0.2.1.jar" [parent: yet_another_config_lib_v3-3.8.2+1.21.1-neoforge.jar, locator: jarinjar]
[20Jul2026 16:47:33.907] [main/INFO] [net.neoforged.fml.loading.moddiscovery.ModDiscoverer/SCAN]: Found mod file "fabric-registry-sync-v0-5.3.1+f9aace1619.jar" [parent: forgified-fabric-api-0.116.7+2.2.4+1.21.1.jar, locator: jarinjar, reader: mod manifest]
[20Jul2026 16:47:33.907] [main/INFO] [net.neoforged.fml.loading.moddiscovery.ModDiscoverer/SCAN]: Found mod file "lambdynamiclights-api-4.8.8+1.21.1-mojmap.jar" [parent: lambdynamiclights-4.8.8+1.21.1-neoforge.jar, locator: jarinjar, reader: mod manifest]
[20Jul2026 16:47:33.907] [main/INFO] [net.neoforged.fml.loading.moddiscovery.ModDiscoverer/SCAN]: Found mod file "fabric-recipe-api-v1-5.0.15+59440bcc19.jar" [parent: forgified-fabric-api-0.116.7+2.2.4+1.21.1.jar, locator: jarinjar, reader: mod manifest]
[20Jul2026 16:47:33.907] [main/INFO] [net.neoforged.fml.loading.moddiscovery.ModDiscoverer/SCAN]: Found mod file "com.kneelawk.extra-mod-integrations.extra-mod-integrations-farmers-delight-neoforge-1.0.3+1.21.1.jar" [parent: extra-mod-integrations-all-neoforge-1.0.3+1.21.1.jar, locator: jarinjar, reader: mod manifest]
[20Jul2026 16:47:33.907] [main/INFO] [net.neoforged.fml.loading.moddiscovery.ModDiscoverer/SCAN]: Found mod file "fabric-object-builder-api-v1-15.2.1+cc242efd19.jar" [parent: forgified-fabric-api-0.116.7+2.2.4+1.21.1.jar, locator: jarinjar, reader: mod manifest]
[20Jul2026 16:47:33.907] [main/INFO] [net.neoforged.fml.loading.moddiscovery.ModDiscoverer/SCAN]: Found library file "groovy-nio-4.0.24.jar" [parent: groovybundler-2.1.7.jar, locator: jarinjar, reader: mod manifest]
[20Jul2026 16:47:33.907] [main/INFO] [net.neoforged.fml.loading.moddiscovery.ModDiscoverer/SCAN]: Found mod file "fabric-sound-api-v1-1.0.23+10b84f8419.jar" [parent: forgified-fabric-api-0.115.6+2.1.0+1.21.1.jar, locator: jarinjar, reader: mod manifest]
[20Jul2026 16:47:33.907] [main/INFO] [net.neoforged.fml.loading.moddiscovery.ModDiscoverer/SCAN]: Found library file "groovy-xml-4.0.24.jar" [parent: groovybundler-2.1.7.jar, locator: jarinjar, reader: mod manifest]
[20Jul2026 16:47:33.907] [main/INFO] [net.neoforged.fml.loading.moddiscovery.ModDiscoverer/SCAN]: Found mod file "fabric-message-api-v1-6.0.14+6a754fce19.jar" [parent: forgified-fabric-api-0.116.7+2.2.4+1.21.1.jar, locator: jarinjar, reader: mod manifest]
[20Jul2026 16:47:33.907] [main/INFO] [net.neoforged.fml.loading.moddiscovery.ModDiscoverer/SCAN]: Found mod file "emi-bridge-1.12.1+1.21.1.jar" [parent: ConnectorExtras-1.12.1+1.21.1.jar, locator: jarinjar, reader: mod manifest]
[20Jul2026 16:47:33.907] [main/INFO] [net.neoforged.fml.loading.moddiscovery.ModDiscoverer/SCAN]: Found library file "commons-codec-1.13.jar" [parent: watchtower-neoforge-1.1.0+mc1.21.jar, locator: jarinjar]
[20Jul2026 16:47:33.907] [main/INFO] [net.neoforged.fml.loading.moddiscovery.ModDiscoverer/SCAN]: Found library file "common-lang-3.12.0.jar" [parent: yet_another_config_lib_v3-3.8.2+1.21.1-neoforge.jar, locator: jarinjar]
[20Jul2026 16:47:33.907] [main/INFO] [net.neoforged.fml.loading.moddiscovery.ModDiscoverer/SCAN]: Found mod file "com.kneelawk.extra-mod-integrations.extra-mod-integrations-core-neoforge-1.0.3+1.21.1.jar" [parent: extra-mod-integrations-all-neoforge-1.0.3+1.21.1.jar, locator: jarinjar, reader: mod manifest]
[20Jul2026 16:47:33.907] [main/INFO] [net.neoforged.fml.loading.moddiscovery.ModDiscoverer/SCAN]: Found mod file "fabric-data-generation-api-v1-20.2.34+a4c3605619.jar" [parent: forgified-fabric-api-0.116.7+2.2.4+1.21.1.jar, locator: jarinjar, reader: mod manifest]
[20Jul2026 16:47:33.907] [main/INFO] [net.neoforged.fml.loading.moddiscovery.ModDiscoverer/SCAN]: Found mod file "fabric-events-interaction-v0-0.7.13+86e0887119.jar" [parent: forgified-fabric-api-0.116.7+2.2.4+1.21.1.jar, locator: jarinjar, reader: mod manifest]
[20Jul2026 16:47:33.907] [main/DEBUG] [net.neoforged.fml.loading.moddiscovery.ModDiscoverer/SCAN]: Trying locator org.sinytra.connector.locator.ConnectorLocator@42a9a63e
[20Jul2026 16:47:33.908] [main/DEBUG] [org.sinytra.connector.locator.ConnectorLocator/SCAN]: Scanning mods dir /var/opt/minecraft/crafty/crafty-4/servers/f208f13f-03b8-42f4-b07e-02f1dff6f964/mods for mods
[20Jul2026 16:47:33.945] [main/DEBUG] [org.sinytra.connector.locator.FabricModsDiscoverer/SCAN]: Skipping jar /var/opt/minecraft/crafty/crafty-4/servers/f208f13f-03b8-42f4-b07e-02f1dff6f964/mods/[Neoforge]ctov-3.6.3.jar as it contains a mods.toml file
[20Jul2026 16:47:33.945] [main/DEBUG] [org.sinytra.connector.locator.FabricModsDiscoverer/SCAN]: Skipping jar /var/opt/minecraft/crafty/crafty-4/servers/f208f13f-03b8-42f4-b07e-02f1dff6f964/mods/aerocopycats-1.1.1.jar as it contains a mods.toml file
[20Jul2026 16:47:33.945] [main/DEBUG] [org.sinytra.connector.locator.FabricModsDiscoverer/SCAN]: Skipping jar /var/opt/minecraft/crafty/crafty-4/servers/f208f13f-03b8-42f4-b07e-02f1dff6f964/mods/aeroworks-1.2.11.jar as it contains a mods.toml file
[20Jul2026 16:47:33.946] [main/DEBUG] [org.sinytra.connector.locator.FabricModsDiscoverer/SCAN]: Skipping jar /var/opt/minecraft/crafty/crafty-4/servers/f208f13f-03b8-42f4-b07e-02f1dff6f964/mods/AI-Improvements-1.21-0.5.3.jar as it contains a mods.toml file
[20Jul2026 16:47:33.946] [main/DEBUG] [org.sinytra.connector.locator.FabricModsDiscoverer/SCAN]: Skipping jar /var/opt/minecraft/crafty/crafty-4/servers/f208f13f-03b8-42f4-b07e-02f1dff6f964/mods/aileron-1.21.1-neoforge-1.1.4.jar as it contains a mods.toml file
[20Jul2026 16:47:33.946] [main/DEBUG] [org.sinytra.connector.locator.FabricModsDiscoverer/SCAN]: Skipping jar /var/opt/minecraft/crafty/crafty-4/servers/f208f13f-03b8-42f4-b07e-02f1dff6f964/mods/alloyed-3.0.7+1.21.1-neoforge.jar as it contains a mods.toml file
[20Jul2026 16:47:33.946] [main/DEBUG] [org.sinytra.connector.locator.FabricModsDiscoverer/SCAN]: Skipping jar /var/opt/minecraft/crafty/crafty-4/servers/f208f13f-03b8-42f4-b07e-02f1dff6f964/mods/Almanac-1.21.1-2-neoforge-1.5.2.jar as it contains a mods.toml file
[20Jul2026 16:47:33.947] [main/DEBUG] [org.sinytra.connector.locator.FabricModsDiscoverer/SCAN]: Skipping jar /var/opt/minecraft/crafty/crafty-4/servers/f208f13f-03b8-42f4-b07e-02f1dff6f964/mods/alternate_current-mc1.21-1.9.0.jar as it contains a mods.toml file
[20Jul2026 16:47:33.947] [main/DEBUG] [org.sinytra.connector.locator.FabricModsDiscoverer/SCAN]: Skipping jar /var/opt/minecraft/crafty/crafty-4/servers/f208f13f-03b8-42f4-b07e-02f1dff6f964/mods/amendments-1.21-2.0.15-neoforge.jar as it contains a mods.toml file
[20Jul2026 16:47:33.948] [main/DEBUG] [org.sinytra.connector.locator.FabricModsDiscoverer/SCAN]: Skipping jar /var/opt/minecraft/crafty/crafty-4/servers/f208f13f-03b8-42f4-b07e-02f1dff6f964/mods/another_furniture-neoforge-4.0.2.jar as it contains a mods.toml file
[20Jul2026 16:47:33.948] [main/DEBUG] [org.sinytra.connector.locator.FabricModsDiscoverer/SCAN]: Skipping jar /var/opt/minecraft/crafty/crafty-4/servers/f208f13f-03b8-42f4-b07e-02f1dff6f964/mods/appleskin-neoforge-mc1.21-3.0.9.jar as it contains a mods.toml file
[20Jul2026 16:47:33.948] [main/DEBUG] [org.sinytra.connector.locator.FabricModsDiscoverer/SCAN]: Skipping jar /var/opt/minecraft/crafty/crafty-4/servers/f208f13f-03b8-42f4-b07e-02f1dff6f964/mods/architectury-13.0.8-neoforge.jar as it contains a mods.toml file
[20Jul2026 16:47:33.949] [main/DEBUG] [org.sinytra.connector.locator.FabricModsDiscoverer/SCAN]: Skipping jar /var/opt/minecraft/crafty/crafty-4/servers/f208f13f-03b8-42f4-b07e-02f1dff6f964/mods/ArmorStatues-v21.1.0-1.21.1-NeoForge.jar as it contains a mods.toml file
[20Jul2026 16:47:33.949] [main/DEBUG] [org.sinytra.connector.locator.FabricModsDiscoverer/SCAN]: Skipping jar /var/opt/minecraft/crafty/crafty-4/servers/f208f13f-03b8-42f4-b07e-02f1dff6f964/mods/athena-neoforge-1.21.1-4.0.6.jar as it contains a mods.toml file
[20Jul2026 16:47:33.949] [main/DEBUG] [org.sinytra.connector.locator.FabricModsDiscoverer/SCAN]: Skipping jar /var/opt/minecraft/crafty/crafty-4/servers/f208f13f-03b8-42f4-b07e-02f1dff6f964/mods/AxesAreWeapons-1.10.2-neoforge-1.21.jar as it contains a mods.toml file
[20Jul2026 16:47:33.949] [main/DEBUG] [org.sinytra.connector.locator.FabricModsDiscoverer/SCAN]: Skipping jar /var/opt/minecraft/crafty/crafty-4/servers/f208f13f-03b8-42f4-b07e-02f1dff6f964/mods/ballastmod-0.1.0.jar as it contains a mods.toml file
[20Jul2026 16:47:33.950] [main/DEBUG] [org.sinytra.connector.locator.FabricModsDiscoverer/SCAN]: Skipping jar /var/opt/minecraft/crafty/crafty-4/servers/f208f13f-03b8-42f4-b07e-02f1dff6f964/mods/balm-neoforge-1.21.1-21.0.58.jar as it contains a mods.toml file
[20Jul2026 16:47:33.950] [main/DEBUG] [org.sinytra.connector.locator.FabricModsDiscoverer/SCAN]: Skipping jar /var/opt/minecraft/crafty/crafty-4/servers/f208f13f-03b8-42f4-b07e-02f1dff6f964/mods/bellsandwhistles-0.4.7-1.21.1.jar as it contains a mods.toml file
[20Jul2026 16:47:33.950] [main/DEBUG] [org.sinytra.connector.locator.FabricModsDiscoverer/SCAN]: Skipping jar /var/opt/minecraft/crafty/crafty-4/servers/f208f13f-03b8-42f4-b07e-02f1dff6f964/mods/better_lib-neoforge-1.21.1-1.0.109.jar as it contains a mods.toml file
[20Jul2026 16:47:33.951] [main/DEBUG] [org.sinytra.connector.locator.FabricModsDiscoverer/SCAN]: Skipping jar /var/opt/minecraft/crafty/crafty-4/servers/f208f13f-03b8-42f4-b07e-02f1dff6f964/mods/bits_n_bobs-0.0.44.jar as it contains a mods.toml file
[20Jul2026 16:47:33.951] [main/DEBUG] [org.sinytra.connector.locator.FabricModsDiscoverer/SCAN]: Skipping jar /var/opt/minecraft/crafty/crafty-4/servers/f208f13f-03b8-42f4-b07e-02f1dff6f964/mods/bookshelf-neoforge-1.21.1-21.1.81.jar as it contains a mods.toml file
[20Jul2026 16:47:33.952] [main/DEBUG] [org.sinytra.connector.locator.FabricModsDiscoverer/SCAN]: Skipping jar /var/opt/minecraft/crafty/crafty-4/servers/f208f13f-03b8-42f4-b07e-02f1dff6f964/mods/bountiful-neoforge-8.0.0-beta.2.jar as it contains a mods.toml file
[20Jul2026 16:47:33.952] [main/DEBUG] [org.sinytra.connector.locator.FabricModsDiscoverer/SCAN]: Skipping jar /var/opt/minecraft/crafty/crafty-4/servers/f208f13f-03b8-42f4-b07e-02f1dff6f964/mods/c2me-neoforge-mc1.21.1-0.3.0+alpha.0.93.jar as it contains a mods.toml file
[20Jul2026 16:47:33.952] [main/DEBUG] [org.sinytra.connector.locator.FabricModsDiscoverer/SCAN]: Skipping jar /var/opt/minecraft/crafty/crafty-4/servers/f208f13f-03b8-42f4-b07e-02f1dff6f964/mods/cerulean-neoforge-1.0.0-1.21.1.jar as it contains a mods.toml file
[20Jul2026 16:47:33.952] [main/DEBUG] [org.sinytra.connector.locator.FabricModsDiscoverer/SCAN]: Skipping jar /var/opt/minecraft/crafty/crafty-4/servers/f208f13f-03b8-42f4-b07e-02f1dff6f964/mods/chefsdelight-1.0.5-neoforge-1.21.1.jar as it contains a mods.toml file
[20Jul2026 16:47:33.960] [main/DEBUG] [org.sinytra.connector.locator.FabricModsDiscoverer/SCAN]: Skipping jar /var/opt/minecraft/crafty/crafty-4/servers/f208f13f-03b8-42f4-b07e-02f1dff6f964/mods/chipped-neoforge-1.21.1-4.0.2.jar as it contains a mods.toml file
[20Jul2026 16:47:33.961] [main/DEBUG] [org.sinytra.connector.locator.FabricModsDiscoverer/SCAN]: Skipping jar /var/opt/minecraft/crafty/crafty-4/servers/f208f13f-03b8-42f4-b07e-02f1dff6f964/mods/Chunky-NeoForge-1.4.23.jar as it contains a mods.toml file
[20Jul2026 16:47:33.961] [main/DEBUG] [org.sinytra.connector.locator.FabricModsDiscoverer/SCAN]: Skipping jar /var/opt/minecraft/crafty/crafty-4/servers/f208f13f-03b8-42f4-b07e-02f1dff6f964/mods/cloth-config-15.0.140-neoforge.jar as it contains a mods.toml file
[20Jul2026 16:47:33.962] [main/DEBUG] [org.sinytra.connector.locator.FabricModsDiscoverer/SCAN]: Skipping jar /var/opt/minecraft/crafty/crafty-4/servers/f208f13f-03b8-42f4-b07e-02f1dff6f964/mods/collective-1.21.1-8.25.jar as it contains a mods.toml file
[20Jul2026 16:47:33.962] [main/DEBUG] [org.sinytra.connector.locator.FabricModsDiscoverer/SCAN]: Skipping jar /var/opt/minecraft/crafty/crafty-4/servers/f208f13f-03b8-42f4-b07e-02f1dff6f964/mods/Companion-1.21.1-NeoForge-6.2.1.jar as it contains a mods.toml file
[20Jul2026 16:47:33.962] [main/DEBUG] [org.sinytra.connector.locator.FabricModsDiscoverer/SCAN]: Skipping jar /var/opt/minecraft/crafty/crafty-4/servers/f208f13f-03b8-42f4-b07e-02f1dff6f964/mods/ConfiguredDefaults-v21.1.3-1.21.1-NeoForge.jar as it contains a mods.toml file
[20Jul2026 16:47:33.963] [main/DEBUG] [org.sinytra.connector.locator.FabricModsDiscoverer/SCAN]: Skipping jar /var/opt/minecraft/crafty/crafty-4/servers/f208f13f-03b8-42f4-b07e-02f1dff6f964/mods/connectiblechains-neoforge-1.21.1-2.1.0.jar as it contains a mods.toml file
[20Jul2026 16:47:33.963] [main/DEBUG] [org.sinytra.connector.locator.FabricModsDiscoverer/SCAN]: Skipping jar /var/opt/minecraft/crafty/crafty-4/servers/f208f13f-03b8-42f4-b07e-02f1dff6f964/mods/ConnectorExtras-1.12.1+1.21.1.jar as it contains a mods.toml file
[20Jul2026 16:47:33.963] [main/DEBUG] [org.sinytra.connector.locator.FabricModsDiscoverer/SCAN]: Skipping jar /var/opt/minecraft/crafty/crafty-4/servers/f208f13f-03b8-42f4-b07e-02f1dff6f964/mods/ConsoleFilter-1.21.1-4.0.0-neoforge.jar as it contains a mods.toml file
[20Jul2026 16:47:33.964] [main/DEBUG] [org.sinytra.connector.locator.FabricModsDiscoverer/SCAN]: Skipping jar /var/opt/minecraft/crafty/crafty-4/servers/f208f13f-03b8-42f4-b07e-02f1dff6f964/mods/copycats-3.0.4+mc.1.21.1-neoforge.jar as it contains a mods.toml file
[20Jul2026 16:47:33.964] [main/DEBUG] [org.sinytra.connector.locator.FabricModsDiscoverer/SCAN]: Skipping jar /var/opt/minecraft/crafty/crafty-4/servers/f208f13f-03b8-42f4-b07e-02f1dff6f964/mods/coroutil-neoforge-1.21.0-1.3.8.jar as it contains a mods.toml file
[20Jul2026 16:47:33.965] [main/DEBUG] [org.sinytra.connector.locator.FabricModsDiscoverer/SCAN]: Skipping jar /var/opt/minecraft/crafty/crafty-4/servers/f208f13f-03b8-42f4-b07e-02f1dff6f964/mods/Create Encased-1.21.1-1.8.1-ht1.jar as it contains a mods.toml file
[20Jul2026 16:47:33.968] [main/DEBUG] [org.sinytra.connector.locator.FabricModsDiscoverer/SCAN]: Skipping jar /var/opt/minecraft/crafty/crafty-4/servers/f208f13f-03b8-42f4-b07e-02f1dff6f964/mods/create-1.21.1-6.0.10.jar as it contains a mods.toml file
[20Jul2026 16:47:33.968] [main/DEBUG] [org.sinytra.connector.locator.FabricModsDiscoverer/SCAN]: Skipping jar /var/opt/minecraft/crafty/crafty-4/servers/f208f13f-03b8-42f4-b07e-02f1dff6f964/mods/create-aeronautics-bundled-1.21.1-1.3.0.jar as it contains a mods.toml file
[20Jul2026 16:47:33.968] [main/DEBUG] [org.sinytra.connector.locator.FabricModsDiscoverer/SCAN]: Skipping jar /var/opt/minecraft/crafty/crafty-4/servers/f208f13f-03b8-42f4-b07e-02f1dff6f964/mods/create-cardboarded-conveynience-1.21.1-neoforge-1.0.0.jar as it contains a mods.toml file
[20Jul2026 16:47:33.968] [main/DEBUG] [org.sinytra.connector.locator.FabricModsDiscoverer/SCAN]: Skipping jar /var/opt/minecraft/crafty/crafty-4/servers/f208f13f-03b8-42f4-b07e-02f1dff6f964/mods/create-central-kitchen-2.5.0.jar as it contains a mods.toml file
[20Jul2026 16:47:33.969] [main/DEBUG] [org.sinytra.connector.locator.FabricModsDiscoverer/SCAN]: Skipping jar /var/opt/minecraft/crafty/crafty-4/servers/f208f13f-03b8-42f4-b07e-02f1dff6f964/mods/create-confectionery1.21.1_v1.1.2.jar as it contains a mods.toml file
[20Jul2026 16:47:33.969] [main/DEBUG] [org.sinytra.connector.locator.FabricModsDiscoverer/SCAN]: Skipping jar /var/opt/minecraft/crafty/crafty-4/servers/f208f13f-03b8-42f4-b07e-02f1dff6f964/mods/create-enchantment-industry-2.4.2.jar as it contains a mods.toml file
[20Jul2026 16:47:33.969] [main/DEBUG] [org.sinytra.connector.locator.FabricModsDiscoverer/SCAN]: Skipping jar /var/opt/minecraft/crafty/crafty-4/servers/f208f13f-03b8-42f4-b07e-02f1dff6f964/mods/create-extended-wrenches-1.21.1-2.0.2.jar as it contains a mods.toml file
[20Jul2026 16:47:33.970] [main/DEBUG] [org.sinytra.connector.locator.FabricModsDiscoverer/SCAN]: Skipping jar /var/opt/minecraft/crafty/crafty-4/servers/f208f13f-03b8-42f4-b07e-02f1dff6f964/mods/create-shufflefilter-2.1.0-neo.jar as it contains a mods.toml file
[20Jul2026 16:47:33.970] [main/DEBUG] [org.sinytra.connector.locator.FabricModsDiscoverer/SCAN]: Skipping jar /var/opt/minecraft/crafty/crafty-4/servers/f208f13f-03b8-42f4-b07e-02f1dff6f964/mods/create_bb-1.0.7-1.21.1-Neoforge.jar as it contains a mods.toml file
[20Jul2026 16:47:33.970] [main/DEBUG] [org.sinytra.connector.locator.FabricModsDiscoverer/SCAN]: Skipping jar /var/opt/minecraft/crafty/crafty-4/servers/f208f13f-03b8-42f4-b07e-02f1dff6f964/mods/create_better_villagers-1.3.2.jar as it contains a mods.toml file
[20Jul2026 16:47:33.971] [main/DEBUG] [org.sinytra.connector.locator.FabricModsDiscoverer/SCAN]: Skipping jar /var/opt/minecraft/crafty/crafty-4/servers/f208f13f-03b8-42f4-b07e-02f1dff6f964/mods/create_connected-1.2.2-mc1.21.1.jar as it contains a mods.toml file
[20Jul2026 16:47:33.971] [main/DEBUG] [org.sinytra.connector.locator.FabricModsDiscoverer/SCAN]: Skipping jar /var/opt/minecraft/crafty/crafty-4/servers/f208f13f-03b8-42f4-b07e-02f1dff6f964/mods/create_factory-0.7a-1.21.1.jar as it contains a mods.toml file
[20Jul2026 16:47:33.971] [main/DEBUG] [org.sinytra.connector.locator.FabricModsDiscoverer/SCAN]: Skipping jar /var/opt/minecraft/crafty/crafty-4/servers/f208f13f-03b8-42f4-b07e-02f1dff6f964/mods/create_ltab-4.0.2.jar as it contains a mods.toml file
[20Jul2026 16:47:33.972] [main/DEBUG] [org.sinytra.connector.locator.FabricModsDiscoverer/SCAN]: Skipping jar /var/opt/minecraft/crafty/crafty-4/servers/f208f13f-03b8-42f4-b07e-02f1dff6f964/mods/create_pattern_schematics-2.0.10.jar as it contains a mods.toml file
[20Jul2026 16:47:33.972] [main/DEBUG] [org.sinytra.connector.locator.FabricModsDiscoverer/SCAN]: Skipping jar /var/opt/minecraft/crafty/crafty-4/servers/f208f13f-03b8-42f4-b07e-02f1dff6f964/mods/create_power_loader-2.0.5-mc1.21.1.jar as it contains a mods.toml file
[20Jul2026 16:47:33.972] [main/DEBUG] [org.sinytra.connector.locator.FabricModsDiscoverer/SCAN]: Skipping jar /var/opt/minecraft/crafty/crafty-4/servers/f208f13f-03b8-42f4-b07e-02f1dff6f964/mods/create_submarine-2.1.6.jar as it contains a mods.toml file
[20Jul2026 16:47:33.972] [main/DEBUG] [org.sinytra.connector.locator.FabricModsDiscoverer/SCAN]: Skipping jar /var/opt/minecraft/crafty/crafty-4/servers/f208f13f-03b8-42f4-b07e-02f1dff6f964/mods/create_ultimate_factory-2.2.4-neoforge-1.21.1.jar as it contains a mods.toml file
[20Jul2026 16:47:33.973] [main/DEBUG] [org.sinytra.connector.locator.FabricModsDiscoverer/SCAN]: Skipping jar /var/opt/minecraft/crafty/crafty-4/servers/f208f13f-03b8-42f4-b07e-02f1dff6f964/mods/createaddition-1.6.0.jar as it contains a mods.toml file
[20Jul2026 16:47:33.974] [main/DEBUG] [org.sinytra.connector.locator.FabricModsDiscoverer/SCAN]: Skipping jar /var/opt/minecraft/crafty/crafty-4/servers/f208f13f-03b8-42f4-b07e-02f1dff6f964/mods/createdeco-2.1.3.jar as it contains a mods.toml file
[20Jul2026 16:47:33.975] [main/DEBUG] [org.sinytra.connector.locator.FabricModsDiscoverer/SCAN]: Skipping jar /var/opt/minecraft/crafty/crafty-4/servers/f208f13f-03b8-42f4-b07e-02f1dff6f964/mods/createdieselgenerators-1.21.1-1.3.13.jar as it contains a mods.toml file
[20Jul2026 16:47:33.975] [main/DEBUG] [org.sinytra.connector.locator.FabricModsDiscoverer/SCAN]: Skipping jar /var/opt/minecraft/crafty/crafty-4/servers/f208f13f-03b8-42f4-b07e-02f1dff6f964/mods/CreateDragonsPlus-1.11.2b.jar as it contains a mods.toml file
[20Jul2026 16:47:33.978] [main/DEBUG] [org.sinytra.connector.locator.FabricModsDiscoverer/SCAN]: Skipping jar /var/opt/minecraft/crafty/crafty-4/servers/f208f13f-03b8-42f4-b07e-02f1dff6f964/mods/createfood-neoforge-1.21.1-2.5.0.jar as it contains a mods.toml file
[20Jul2026 16:47:33.979] [main/DEBUG] [org.sinytra.connector.locator.FabricModsDiscoverer/SCAN]: Skipping jar /var/opt/minecraft/crafty/crafty-4/servers/f208f13f-03b8-42f4-b07e-02f1dff6f964/mods/createframed-1.21.1-1.7.3.jar as it contains a mods.toml file
[20Jul2026 16:47:33.979] [main/DEBUG] [org.sinytra.connector.locator.FabricModsDiscoverer/SCAN]: Skipping jar /var/opt/minecraft/crafty/crafty-4/servers/f208f13f-03b8-42f4-b07e-02f1dff6f964/mods/creategoggles-1.21.1-6.1.1-[NEOFORGE].jar as it contains a mods.toml file
[20Jul2026 16:47:33.980] [main/DEBUG] [org.sinytra.connector.locator.FabricModsDiscoverer/SCAN]: Skipping jar /var/opt/minecraft/crafty/crafty-4/servers/f208f13f-03b8-42f4-b07e-02f1dff6f964/mods/CreateNumismatics-1.0.20+neoforge-mc1.21.1.jar as it contains a mods.toml file
[20Jul2026 16:47:33.980] [main/DEBUG] [org.sinytra.connector.locator.FabricModsDiscoverer/SCAN]: Skipping jar /var/opt/minecraft/crafty/crafty-4/servers/f208f13f-03b8-42f4-b07e-02f1dff6f964/mods/createprism-1.2.2.jar as it contains a mods.toml file
[20Jul2026 16:47:33.980] [main/DEBUG] [org.sinytra.connector.locator.FabricModsDiscoverer/SCAN]: Skipping jar /var/opt/minecraft/crafty/crafty-4/servers/f208f13f-03b8-42f4-b07e-02f1dff6f964/mods/cristellib-neoforge-1.21.1-3.1.7.jar as it contains a mods.toml file
[20Jul2026 16:47:33.981] [main/DEBUG] [org.sinytra.connector.locator.FabricModsDiscoverer/SCAN]: Skipping jar /var/opt/minecraft/crafty/crafty-4/servers/f208f13f-03b8-42f4-b07e-02f1dff6f964/mods/croptopia-neoforge-1.21.1-4.2.4.jar as it contains a mods.toml file
[20Jul2026 16:47:33.981] [main/DEBUG] [org.sinytra.connector.locator.FabricModsDiscoverer/SCAN]: Skipping jar /var/opt/minecraft/crafty/crafty-4/servers/f208f13f-03b8-42f4-b07e-02f1dff6f964/mods/croptopiadelight-1.0.1.jar as it contains a mods.toml file
[20Jul2026 16:47:33.982] [main/DEBUG] [org.sinytra.connector.locator.FabricModsDiscoverer/SCAN]: Skipping jar /var/opt/minecraft/crafty/crafty-4/servers/f208f13f-03b8-42f4-b07e-02f1dff6f964/mods/curios-neoforge-9.5.1+1.21.1.jar as it contains a mods.toml file
[20Jul2026 16:47:33.982] [main/DEBUG] [org.sinytra.connector.locator.FabricModsDiscoverer/SCAN]: Skipping jar /var/opt/minecraft/crafty/crafty-4/servers/f208f13f-03b8-42f4-b07e-02f1dff6f964/mods/CutThrough-v21.1.0-1.21.1-NeoForge.jar as it contains a mods.toml file
[20Jul2026 16:47:33.982] [main/DEBUG] [org.sinytra.connector.locator.FabricModsDiscoverer/SCAN]: Skipping jar /var/opt/minecraft/crafty/crafty-4/servers/f208f13f-03b8-42f4-b07e-02f1dff6f964/mods/deeperdarker-neoforge-1.21.1-1.4.1.jar as it contains a mods.toml file
[20Jul2026 16:47:33.983] [main/DEBUG] [org.sinytra.connector.locator.FabricModsDiscoverer/SCAN]: Skipping jar /var/opt/minecraft/crafty/crafty-4/servers/f208f13f-03b8-42f4-b07e-02f1dff6f964/mods/delightfulcreators-1.2.jar as it contains a mods.toml file
[20Jul2026 16:47:33.985] [main/DEBUG] [org.sinytra.connector.locator.FabricModsDiscoverer/SCAN]: Skipping jar /var/opt/minecraft/crafty/crafty-4/servers/f208f13f-03b8-42f4-b07e-02f1dff6f964/mods/Design-n-Decor-1.21.1-2.2b.jar as it contains a mods.toml file
[20Jul2026 16:47:33.985] [main/DEBUG] [org.sinytra.connector.locator.FabricModsDiscoverer/SCAN]: Skipping jar /var/opt/minecraft/crafty/crafty-4/servers/f208f13f-03b8-42f4-b07e-02f1dff6f964/mods/displaydelight-1.6.0.jar as it contains a mods.toml file
[20Jul2026 16:47:33.986] [main/DEBUG] [org.sinytra.connector.locator.FabricModsDiscoverer/SCAN]: Skipping jar /var/opt/minecraft/crafty/crafty-4/servers/f208f13f-03b8-42f4-b07e-02f1dff6f964/mods/DistantHorizons-2.4.5-b-1.21.1-fabric-neoforge.jar as it contains a mods.toml file
[20Jul2026 16:47:33.986] [main/DEBUG] [org.sinytra.connector.locator.FabricModsDiscoverer/SCAN]: Skipping jar /var/opt/minecraft/crafty/crafty-4/servers/f208f13f-03b8-42f4-b07e-02f1dff6f964/mods/distractingtrims-neoforge-1.21.1-21.1.1.jar as it contains a mods.toml file
[20Jul2026 16:47:33.986] [main/DEBUG] [org.sinytra.connector.locator.FabricModsDiscoverer/SCAN]: Skipping jar /var/opt/minecraft/crafty/crafty-4/servers/f208f13f-03b8-42f4-b07e-02f1dff6f964/mods/DnDesires-1.21.1-2.3a-BETA.jar as it contains a mods.toml file
[20Jul2026 16:47:33.987] [main/DEBUG] [org.sinytra.connector.locator.FabricModsDiscoverer/SCAN]: Skipping jar /var/opt/minecraft/crafty/crafty-4/servers/f208f13f-03b8-42f4-b07e-02f1dff6f964/mods/dsbg-1.0-1.21.1-neoforge.jar as it contains a mods.toml file
[20Jul2026 16:47:33.988] [main/DEBUG] [org.sinytra.connector.locator.FabricModsDiscoverer/SCAN]: Skipping jar /var/opt/minecraft/crafty/crafty-4/servers/f208f13f-03b8-42f4-b07e-02f1dff6f964/mods/dungeons-and-taverns-v4.4.4.jar as it contains a mods.toml file
[20Jul2026 16:47:33.988] [main/DEBUG] [org.sinytra.connector.locator.FabricModsDiscoverer/SCAN]: Skipping jar /var/opt/minecraft/crafty/crafty-4/servers/f208f13f-03b8-42f4-b07e-02f1dff6f964/mods/EasyAnvils-v21.1.0-1.21.1-NeoForge.jar as it contains a mods.toml file
[20Jul2026 16:47:33.988] [main/DEBUG] [org.sinytra.connector.locator.FabricModsDiscoverer/SCAN]: Skipping jar /var/opt/minecraft/crafty/crafty-4/servers/f208f13f-03b8-42f4-b07e-02f1dff6f964/mods/ecologics-1.21.1-2.3.6.jar as it contains a mods.toml file
[20Jul2026 16:47:33.989] [main/DEBUG] [org.sinytra.connector.locator.FabricModsDiscoverer/SCAN]: Skipping jar /var/opt/minecraft/crafty/crafty-4/servers/f208f13f-03b8-42f4-b07e-02f1dff6f964/mods/emi-1.1.24+1.21.1+neoforge.jar as it contains a mods.toml file
[20Jul2026 16:47:33.989] [main/DEBUG] [org.sinytra.connector.locator.FabricModsDiscoverer/SCAN]: Skipping jar /var/opt/minecraft/crafty/crafty-4/servers/f208f13f-03b8-42f4-b07e-02f1dff6f964/mods/emi_create_schematics-1.1.0.jar as it contains a mods.toml file
[20Jul2026 16:47:33.989] [main/DEBUG] [org.sinytra.connector.locator.FabricModsDiscoverer/SCAN]: Skipping jar /var/opt/minecraft/crafty/crafty-4/servers/f208f13f-03b8-42f4-b07e-02f1dff6f964/mods/emi_loot-0.7.9+1.21+neoforge.jar as it contains a mods.toml file
[20Jul2026 16:47:33.989] [main/DEBUG] [org.sinytra.connector.locator.FabricModsDiscoverer/SCAN]: Skipping jar /var/opt/minecraft/crafty/crafty-4/servers/f208f13f-03b8-42f4-b07e-02f1dff6f964/mods/enchdesc-neoforge-1.21.1-21.1.10.jar as it contains a mods.toml file
[20Jul2026 16:47:33.989] [main/DEBUG] [org.sinytra.connector.locator.FabricModsDiscoverer/SCAN]: Skipping jar /var/opt/minecraft/crafty/crafty-4/servers/f208f13f-03b8-42f4-b07e-02f1dff6f964/mods/ends_delight-2.6+neoforge.1.21.1.jar as it contains a mods.toml file
[20Jul2026 16:47:33.990] [main/DEBUG] [org.sinytra.connector.locator.FabricModsDiscoverer/SCAN]: Skipping jar /var/opt/minecraft/crafty/crafty-4/servers/f208f13f-03b8-42f4-b07e-02f1dff6f964/mods/EpheroLib-1.21.1-NEO-FORGE-1.2.0.jar as it contains a mods.toml file
[20Jul2026 16:47:33.990] [main/DEBUG] [org.sinytra.connector.locator.FabricModsDiscoverer/SCAN]: Skipping jar /var/opt/minecraft/crafty/crafty-4/servers/f208f13f-03b8-42f4-b07e-02f1dff6f964/mods/explosiveenhancement-neoforge-1.21.1-1.1.2.jar as it contains a mods.toml file
[20Jul2026 16:47:33.990] [main/DEBUG] [org.sinytra.connector.locator.FabricModsDiscoverer/SCAN]: Skipping jar /var/opt/minecraft/crafty/crafty-4/servers/f208f13f-03b8-42f4-b07e-02f1dff6f964/mods/extra-mod-integrations-all-neoforge-1.0.3+1.21.1.jar as it contains a mods.toml file
[20Jul2026 16:47:33.991] [main/DEBUG] [org.sinytra.connector.locator.FabricModsDiscoverer/SCAN]: Skipping jar /var/opt/minecraft/crafty/crafty-4/servers/f208f13f-03b8-42f4-b07e-02f1dff6f964/mods/FarmersDelight-1.21.1-1.3.2.jar as it contains a mods.toml file
[20Jul2026 16:47:33.991] [main/DEBUG] [org.sinytra.connector.locator.FabricModsDiscoverer/SCAN]: Skipping jar /var/opt/minecraft/crafty/crafty-4/servers/f208f13f-03b8-42f4-b07e-02f1dff6f964/mods/FastSuite-1.21.1-6.0.7.jar as it contains a mods.toml file
[20Jul2026 16:47:33.992] [main/DEBUG] [org.sinytra.connector.locator.FabricModsDiscoverer/SCAN]: Skipping jar /var/opt/minecraft/crafty/crafty-4/servers/f208f13f-03b8-42f4-b07e-02f1dff6f964/mods/ferritecore-7.0.3-neoforge.jar as it contains a mods.toml file
[20Jul2026 16:47:33.993] [main/DEBUG] [org.sinytra.connector.locator.FabricModsDiscoverer/SCAN]: Skipping jar /var/opt/minecraft/crafty/crafty-4/servers/f208f13f-03b8-42f4-b07e-02f1dff6f964/mods/forgified-fabric-api-0.116.7+2.2.4+1.21.1.jar as it contains a mods.toml file
[20Jul2026 16:47:33.993] [main/DEBUG] [org.sinytra.connector.locator.FabricModsDiscoverer/SCAN]: Skipping jar /var/opt/minecraft/crafty/crafty-4/servers/f208f13f-03b8-42f4-b07e-02f1dff6f964/mods/fusion-1.2.12-neoforge-mc1.21.1.jar as it contains a mods.toml file
[20Jul2026 16:47:33.993] [main/DEBUG] [org.sinytra.connector.locator.FabricModsDiscoverer/SCAN]: Skipping jar /var/opt/minecraft/crafty/crafty-4/servers/f208f13f-03b8-42f4-b07e-02f1dff6f964/mods/fxntstorage-1.2.7+mc-1.21.1-neoforge.jar as it contains a mods.toml file
[20Jul2026 16:47:33.994] [main/DEBUG] [org.sinytra.connector.locator.FabricModsDiscoverer/SCAN]: Skipping jar /var/opt/minecraft/crafty/crafty-4/servers/f208f13f-03b8-42f4-b07e-02f1dff6f964/mods/fzzy_config-0.7.6+1.21+neoforge.jar as it contains a mods.toml file
[20Jul2026 16:47:33.994] [main/DEBUG] [org.sinytra.connector.locator.FabricModsDiscoverer/SCAN]: Skipping jar /var/opt/minecraft/crafty/crafty-4/servers/f208f13f-03b8-42f4-b07e-02f1dff6f964/mods/geckolib-neoforge-1.21.1-4.8.4.jar as it contains a mods.toml file
[20Jul2026 16:47:33.994] [main/DEBUG] [org.sinytra.connector.locator.FabricModsDiscoverer/SCAN]: Skipping jar /var/opt/minecraft/crafty/crafty-4/servers/f208f13f-03b8-42f4-b07e-02f1dff6f964/mods/Geophilic v3.5.mod.jar as it contains a mods.toml file
[20Jul2026 16:47:33.995] [main/DEBUG] [org.sinytra.connector.locator.FabricModsDiscoverer/SCAN]: Skipping jar /var/opt/minecraft/crafty/crafty-4/servers/f208f13f-03b8-42f4-b07e-02f1dff6f964/mods/gml-6.0.2.jar as it contains a mods.toml file
[20Jul2026 16:47:33.995] [main/DEBUG] [org.sinytra.connector.locator.FabricModsDiscoverer/SCAN]: Skipping jar /var/opt/minecraft/crafty/crafty-4/servers/f208f13f-03b8-42f4-b07e-02f1dff6f964/mods/GPUTape-1.20.6-1.21x-1.0.3.jar as it contains a mods.toml file
[20Jul2026 16:47:33.996] [main/DEBUG] [org.sinytra.connector.locator.FabricModsDiscoverer/SCAN]: Skipping jar /var/opt/minecraft/crafty/crafty-4/servers/f208f13f-03b8-42f4-b07e-02f1dff6f964/mods/iChunUtil-1.21-NeoForge-1.0.3.jar as it contains a mods.toml file
[20Jul2026 16:47:33.996] [main/DEBUG] [org.sinytra.connector.locator.FabricModsDiscoverer/SCAN]: Skipping jar /var/opt/minecraft/crafty/crafty-4/servers/f208f13f-03b8-42f4-b07e-02f1dff6f964/mods/improved-village-placement-1.1.1.jar as it contains a mods.toml file
[20Jul2026 16:47:33.997] [main/DEBUG] [org.sinytra.connector.locator.FabricModsDiscoverer/SCAN]: Skipping jar /var/opt/minecraft/crafty/crafty-4/servers/f208f13f-03b8-42f4-b07e-02f1dff6f964/mods/Incendium_1.21.x_v5.4.4.jar as it contains a mods.toml file
[20Jul2026 16:47:33.998] [main/DEBUG] [org.sinytra.connector.locator.FabricModsDiscoverer/SCAN]: Skipping jar /var/opt/minecraft/crafty/crafty-4/servers/f208f13f-03b8-42f4-b07e-02f1dff6f964/mods/interiors-1.21.1-neoforge-0.6.1.jar as it contains a mods.toml file
[20Jul2026 16:47:33.998] [main/DEBUG] [org.sinytra.connector.locator.FabricModsDiscoverer/SCAN]: Skipping jar /var/opt/minecraft/crafty/crafty-4/servers/f208f13f-03b8-42f4-b07e-02f1dff6f964/mods/Jade-1.21.1-NeoForge-15.10.5.jar as it contains a mods.toml file
[20Jul2026 16:47:33.998] [main/DEBUG] [org.sinytra.connector.locator.FabricModsDiscoverer/SCAN]: Skipping jar /var/opt/minecraft/crafty/crafty-4/servers/f208f13f-03b8-42f4-b07e-02f1dff6f964/mods/JadeAddons-1.21.1-NeoForge-6.1.0.jar as it contains a mods.toml file
[20Jul2026 16:47:33.998] [main/DEBUG] [org.sinytra.connector.locator.FabricModsDiscoverer/SCAN]: Skipping jar /var/opt/minecraft/crafty/crafty-4/servers/f208f13f-03b8-42f4-b07e-02f1dff6f964/mods/jademoddedentities-neoforge-1.21.1-1.3.1.jar as it contains a mods.toml file
[20Jul2026 16:47:33.999] [main/DEBUG] [org.sinytra.connector.locator.FabricModsDiscoverer/SCAN]: Skipping jar /var/opt/minecraft/crafty/crafty-4/servers/f208f13f-03b8-42f4-b07e-02f1dff6f964/mods/kambrik-neoforge-8.0.0-beta.2.jar as it contains a mods.toml file
[20Jul2026 16:47:33.999] [main/DEBUG] [org.sinytra.connector.locator.FabricModsDiscoverer/SCAN]: Skipping jar /var/opt/minecraft/crafty/crafty-4/servers/f208f13f-03b8-42f4-b07e-02f1dff6f964/mods/Kerria-1.3.0+1.21.1-neoforge.jar as it contains a mods.toml file
[20Jul2026 16:47:33.999] [main/DEBUG] [org.sinytra.connector.locator.FabricModsDiscoverer/SCAN]: Skipping jar /var/opt/minecraft/crafty/crafty-4/servers/f208f13f-03b8-42f4-b07e-02f1dff6f964/mods/Kiwi-1.21.1-NeoForge-15.8.4.jar as it contains a mods.toml file
[20Jul2026 16:47:33.999] [main/DEBUG] [org.sinytra.connector.locator.FabricModsDiscoverer/SCAN]: Skipping jar /var/opt/minecraft/crafty/crafty-4/servers/f208f13f-03b8-42f4-b07e-02f1dff6f964/mods/konkrete_neoforge_1.9.9_MC_1.21.jar as it contains a mods.toml file
[20Jul2026 16:47:34.000] [main/INFO] [org.sinytra.connector.locator.FabricModsDiscoverer/SCAN]: Fabric mod metadata not found in jar kotlinforforge.all, ignoring
[20Jul2026 16:47:34.000] [main/DEBUG] [org.sinytra.connector.locator.FabricModsDiscoverer/SCAN]: Skipping jar /var/opt/minecraft/crafty/crafty-4/servers/f208f13f-03b8-42f4-b07e-02f1dff6f964/mods/lambdynamiclights-4.8.8+1.21.1.jar as it contains a mods.toml file
[20Jul2026 16:47:34.000] [main/DEBUG] [org.sinytra.connector.locator.FabricModsDiscoverer/SCAN]: Skipping jar /var/opt/minecraft/crafty/crafty-4/servers/f208f13f-03b8-42f4-b07e-02f1dff6f964/mods/letmedespawn-1.21.x-neoforge-1.5.0.jar as it contains a mods.toml file
[20Jul2026 16:47:34.000] [main/DEBUG] [org.sinytra.connector.locator.FabricModsDiscoverer/SCAN]: Skipping jar /var/opt/minecraft/crafty/crafty-4/servers/f208f13f-03b8-42f4-b07e-02f1dff6f964/mods/libraryferret-neoforge-1.21.1-4.0.0.jar as it contains a mods.toml file
[20Jul2026 16:47:34.001] [main/DEBUG] [org.sinytra.connector.locator.FabricModsDiscoverer/SCAN]: Skipping jar /var/opt/minecraft/crafty/crafty-4/servers/f208f13f-03b8-42f4-b07e-02f1dff6f964/mods/lithium-neoforge-0.15.3+mc1.21.1.jar as it contains a mods.toml file
[20Jul2026 16:47:34.001] [main/DEBUG] [org.sinytra.connector.locator.FabricModsDiscoverer/SCAN]: Skipping jar /var/opt/minecraft/crafty/crafty-4/servers/f208f13f-03b8-42f4-b07e-02f1dff6f964/mods/lithosphere-1.8-1.21.1-8-BETA.jar as it contains a mods.toml file
[20Jul2026 16:47:34.001] [main/DEBUG] [org.sinytra.connector.locator.FabricModsDiscoverer/SCAN]: Skipping jar /var/opt/minecraft/crafty/crafty-4/servers/f208f13f-03b8-42f4-b07e-02f1dff6f964/mods/lithostitched-1.7.9-neoforge-21.1.jar as it contains a mods.toml file
[20Jul2026 16:47:34.001] [main/DEBUG] [org.sinytra.connector.locator.FabricModsDiscoverer/SCAN]: Skipping jar /var/opt/minecraft/crafty/crafty-4/servers/f208f13f-03b8-42f4-b07e-02f1dff6f964/mods/lodestone-1.21.1-1.8.2.jar as it contains a mods.toml file
[20Jul2026 16:47:34.002] [main/DEBUG] [org.sinytra.connector.locator.FabricModsDiscoverer/SCAN]: Skipping jar /var/opt/minecraft/crafty/crafty-4/servers/f208f13f-03b8-42f4-b07e-02f1dff6f964/mods/lootr-neoforge-1.21.1-1.11.37.120.jar as it contains a mods.toml file
[20Jul2026 16:47:34.002] [main/DEBUG] [org.sinytra.connector.locator.FabricModsDiscoverer/SCAN]: Skipping jar /var/opt/minecraft/crafty/crafty-4/servers/f208f13f-03b8-42f4-b07e-02f1dff6f964/mods/mapsyncer-1.0.3-neoforge-1.21.1.jar as it contains a mods.toml file
[20Jul2026 16:47:34.002] [main/DEBUG] [org.sinytra.connector.locator.FabricModsDiscoverer/SCAN]: Skipping jar /var/opt/minecraft/crafty/crafty-4/servers/f208f13f-03b8-42f4-b07e-02f1dff6f964/mods/minersdelight-1.21.1-1.4.5.jar as it contains a mods.toml file
[20Jul2026 16:47:34.002] [main/DEBUG] [org.sinytra.connector.locator.FabricModsDiscoverer/SCAN]: Skipping jar /var/opt/minecraft/crafty/crafty-4/servers/f208f13f-03b8-42f4-b07e-02f1dff6f964/mods/modernfix-neoforge-5.27.12+mc1.21.1.jar as it contains a mods.toml file
[20Jul2026 16:47:34.003] [main/DEBUG] [org.sinytra.connector.locator.FabricModsDiscoverer/SCAN]: Skipping jar /var/opt/minecraft/crafty/crafty-4/servers/f208f13f-03b8-42f4-b07e-02f1dff6f964/mods/moonlight-neoforge-1.21.1-3.0.17.jar as it contains a mods.toml file
[20Jul2026 16:47:34.003] [main/DEBUG] [org.sinytra.connector.locator.FabricModsDiscoverer/SCAN]: Skipping jar /var/opt/minecraft/crafty/crafty-4/servers/f208f13f-03b8-42f4-b07e-02f1dff6f964/mods/more_sounds-1.21.x-0.3.0-beta.jar as it contains a mods.toml file
[20Jul2026 16:47:34.003] [main/DEBUG] [org.sinytra.connector.locator.FabricModsDiscoverer/SCAN]: Skipping jar /var/opt/minecraft/crafty/crafty-4/servers/f208f13f-03b8-42f4-b07e-02f1dff6f964/mods/moredensityfunctions-neoforge-1.21.1-2.3.0.jar as it contains a mods.toml file
[20Jul2026 16:47:34.003] [main/DEBUG] [org.sinytra.connector.locator.FabricModsDiscoverer/SCAN]: Skipping jar /var/opt/minecraft/crafty/crafty-4/servers/f208f13f-03b8-42f4-b07e-02f1dff6f964/mods/mru-1.0.19+LTS+1.21.1+neoforge.jar as it contains a mods.toml file
[20Jul2026 16:47:34.004] [main/DEBUG] [org.sinytra.connector.locator.FabricModsDiscoverer/SCAN]: Skipping jar /var/opt/minecraft/crafty/crafty-4/servers/f208f13f-03b8-42f4-b07e-02f1dff6f964/mods/MyNethersDelight-1.21.1-1.10.2.jar as it contains a mods.toml file
[20Jul2026 16:47:34.004] [main/DEBUG] [org.sinytra.connector.locator.FabricModsDiscoverer/SCAN]: Skipping jar /var/opt/minecraft/crafty/crafty-4/servers/f208f13f-03b8-42f4-b07e-02f1dff6f964/mods/naturalist-1.0.2-neoforge-1.21.1.jar as it contains a mods.toml file
[20Jul2026 16:47:34.005] [main/DEBUG] [org.sinytra.connector.locator.FabricModsDiscoverer/SCAN]: Skipping jar /var/opt/minecraft/crafty/crafty-4/servers/f208f13f-03b8-42f4-b07e-02f1dff6f964/mods/neobeefix-1.21.1-2.0.1.jar as it contains a mods.toml file
[20Jul2026 16:47:34.005] [main/DEBUG] [org.sinytra.connector.locator.FabricModsDiscoverer/SCAN]: Skipping jar /var/opt/minecraft/crafty/crafty-4/servers/f208f13f-03b8-42f4-b07e-02f1dff6f964/mods/netherite_horse_armor-neoforge-1.21.1-2.0a.jar as it contains a mods.toml file
[20Jul2026 16:47:34.005] [main/DEBUG] [org.sinytra.connector.locator.FabricModsDiscoverer/SCAN]: Skipping jar /var/opt/minecraft/crafty/crafty-4/servers/f208f13f-03b8-42f4-b07e-02f1dff6f964/mods/netherportalfix-neoforge-1.21.1-21.1.1.jar as it contains a mods.toml file
[20Jul2026 16:47:34.006] [main/DEBUG] [org.sinytra.connector.locator.FabricModsDiscoverer/SCAN]: Skipping jar /var/opt/minecraft/crafty/crafty-4/servers/f208f13f-03b8-42f4-b07e-02f1dff6f964/mods/noisium-neoforge-2.7.0+mc1.21-1.21.1.jar as it contains a mods.toml file
[20Jul2026 16:47:34.006] [main/DEBUG] [org.sinytra.connector.locator.FabricModsDiscoverer/SCAN]: Skipping jar /var/opt/minecraft/crafty/crafty-4/servers/f208f13f-03b8-42f4-b07e-02f1dff6f964/mods/Not Enough Recipe Book-NEOFORGE-0.4.3+1.21.jar as it contains a mods.toml file
[20Jul2026 16:47:34.006] [main/DEBUG] [org.sinytra.connector.locator.FabricModsDiscoverer/SCAN]: Skipping jar /var/opt/minecraft/crafty/crafty-4/servers/f208f13f-03b8-42f4-b07e-02f1dff6f964/mods/Numismatic-Bounties-universal.jar as it contains a mods.toml file
[20Jul2026 16:47:34.006] [main/DEBUG] [org.sinytra.connector.locator.FabricModsDiscoverer/SCAN]: Skipping jar /var/opt/minecraft/crafty/crafty-4/servers/f208f13f-03b8-42f4-b07e-02f1dff6f964/mods/OctoLib-NEOFORGE-0.6.2+1.21.jar as it contains a mods.toml file
[20Jul2026 16:47:34.006] [main/DEBUG] [org.sinytra.connector.locator.FabricModsDiscoverer/SCAN]: Skipping jar /var/opt/minecraft/crafty/crafty-4/servers/f208f13f-03b8-42f4-b07e-02f1dff6f964/mods/Placebo-1.21.1-9.9.1.jar as it contains a mods.toml file
[20Jul2026 16:47:34.006] [main/DEBUG] [org.sinytra.connector.locator.FabricModsDiscoverer/SCAN]: Skipping jar /var/opt/minecraft/crafty/crafty-4/servers/f208f13f-03b8-42f4-b07e-02f1dff6f964/mods/Platform-neoforge-1.21.1-1.3.3.jar as it contains a mods.toml file
[20Jul2026 16:47:34.006] [main/DEBUG] [org.sinytra.connector.locator.FabricModsDiscoverer/SCAN]: Skipping jar /var/opt/minecraft/crafty/crafty-4/servers/f208f13f-03b8-42f4-b07e-02f1dff6f964/mods/potionstacks-1.0.0.jar as it contains a mods.toml file
[20Jul2026 16:47:34.007] [main/DEBUG] [org.sinytra.connector.locator.FabricModsDiscoverer/SCAN]: Skipping jar /var/opt/minecraft/crafty/crafty-4/servers/f208f13f-03b8-42f4-b07e-02f1dff6f964/mods/prickle-neoforge-1.21.1-21.1.11.jar as it contains a mods.toml file
[20Jul2026 16:47:34.007] [main/DEBUG] [org.sinytra.connector.locator.FabricModsDiscoverer/SCAN]: Skipping jar /var/opt/minecraft/crafty/crafty-4/servers/f208f13f-03b8-42f4-b07e-02f1dff6f964/mods/PuzzlesLib-v21.1.51-1.21.1-NeoForge.jar as it contains a mods.toml file
[20Jul2026 16:47:34.008] [main/DEBUG] [org.sinytra.connector.locator.FabricModsDiscoverer/SCAN]: Skipping jar /var/opt/minecraft/crafty/crafty-4/servers/f208f13f-03b8-42f4-b07e-02f1dff6f964/mods/PuzzlesLib-v21.1.52-1.21.1-NeoForge.jar as it contains a mods.toml file
[20Jul2026 16:47:34.010] [main/DEBUG] [org.sinytra.connector.locator.FabricModsDiscoverer/SCAN]: Skipping jar /var/opt/minecraft/crafty/crafty-4/servers/f208f13f-03b8-42f4-b07e-02f1dff6f964/mods/Quark-4.1-480.jar as it contains a mods.toml file
[20Jul2026 16:47:34.010] [main/DEBUG] [org.sinytra.connector.locator.FabricModsDiscoverer/SCAN]: Skipping jar /var/opt/minecraft/crafty/crafty-4/servers/f208f13f-03b8-42f4-b07e-02f1dff6f964/mods/quick-pack-neoforge-1.3.2+1.21.8.jar as it contains a mods.toml file
[20Jul2026 16:47:34.010] [main/DEBUG] [org.sinytra.connector.locator.FabricModsDiscoverer/SCAN]: Skipping jar /var/opt/minecraft/crafty/crafty-4/servers/f208f13f-03b8-42f4-b07e-02f1dff6f964/mods/radiomod-1.0.2.jar as it contains a mods.toml file
[20Jul2026 16:47:34.014] [main/DEBUG] [org.sinytra.connector.locator.FabricModsDiscoverer/SCAN]: Skipping jar /var/opt/minecraft/crafty/crafty-4/servers/f208f13f-03b8-42f4-b07e-02f1dff6f964/mods/railways-0.2.1+neoforge-mc1.21.1.jar as it contains a mods.toml file
[20Jul2026 16:47:34.018] [main/DEBUG] [org.sinytra.connector.locator.FabricModsDiscoverer/SCAN]: Skipping jar /var/opt/minecraft/crafty/crafty-4/servers/f208f13f-03b8-42f4-b07e-02f1dff6f964/mods/rechiseled-1.2.4-neoforge-mc1.21.jar as it contains a mods.toml file
[20Jul2026 16:47:34.018] [main/DEBUG] [org.sinytra.connector.locator.FabricModsDiscoverer/SCAN]: Skipping jar /var/opt/minecraft/crafty/crafty-4/servers/f208f13f-03b8-42f4-b07e-02f1dff6f964/mods/rechiseled_chipped-2.0-1.21.1.jar as it contains a mods.toml file
[20Jul2026 16:47:34.019] [main/DEBUG] [org.sinytra.connector.locator.FabricModsDiscoverer/SCAN]: Skipping jar /var/opt/minecraft/crafty/crafty-4/servers/f208f13f-03b8-42f4-b07e-02f1dff6f964/mods/rechiseledcreate-1.1.0-neoforge-mc1.21.jar as it contains a mods.toml file
[20Jul2026 16:47:34.020] [main/DEBUG] [org.sinytra.connector.locator.FabricModsDiscoverer/SCAN]: Skipping jar /var/opt/minecraft/crafty/crafty-4/servers/f208f13f-03b8-42f4-b07e-02f1dff6f964/mods/Recipes For Create-1.2.1.jar as it contains a mods.toml file
[20Jul2026 16:47:34.022] [main/DEBUG] [org.sinytra.connector.locator.FabricModsDiscoverer/SCAN]: Skipping jar /var/opt/minecraft/crafty/crafty-4/servers/f208f13f-03b8-42f4-b07e-02f1dff6f964/mods/regions-unexplored-0.6.1-neoforge-21.1.jar as it contains a mods.toml file
[20Jul2026 16:47:34.022] [main/DEBUG] [org.sinytra.connector.locator.FabricModsDiscoverer/SCAN]: Skipping jar /var/opt/minecraft/crafty/crafty-4/servers/f208f13f-03b8-42f4-b07e-02f1dff6f964/mods/reintegrated_chipped-1.0.0.jar as it contains a mods.toml file
[20Jul2026 16:47:34.023] [main/DEBUG] [org.sinytra.connector.locator.FabricModsDiscoverer/SCAN]: Skipping jar /var/opt/minecraft/crafty/crafty-4/servers/f208f13f-03b8-42f4-b07e-02f1dff6f964/mods/resourcefulconfig-neoforge-1.21-3.0.11.jar as it contains a mods.toml file
[20Jul2026 16:47:34.023] [main/DEBUG] [org.sinytra.connector.locator.FabricModsDiscoverer/SCAN]: Skipping jar /var/opt/minecraft/crafty/crafty-4/servers/f208f13f-03b8-42f4-b07e-02f1dff6f964/mods/resourcefullib-neoforge-1.21-3.0.12.jar as it contains a mods.toml file
[20Jul2026 16:47:34.023] [main/DEBUG] [org.sinytra.connector.locator.FabricModsDiscoverer/SCAN]: Skipping jar /var/opt/minecraft/crafty/crafty-4/servers/f208f13f-03b8-42f4-b07e-02f1dff6f964/mods/ritchiesprojectilelib-2.1.2+mc.1.21.1-neoforge.jar as it contains a mods.toml file
[20Jul2026 16:47:34.024] [main/DEBUG] [org.sinytra.connector.locator.FabricModsDiscoverer/SCAN]: Skipping jar /var/opt/minecraft/crafty/crafty-4/servers/f208f13f-03b8-42f4-b07e-02f1dff6f964/mods/sable-neoforge-1.21.1-2.0.3.jar as it contains a mods.toml file
[20Jul2026 16:47:34.024] [main/DEBUG] [org.sinytra.connector.locator.FabricModsDiscoverer/SCAN]: Skipping jar /var/opt/minecraft/crafty/crafty-4/servers/f208f13f-03b8-42f4-b07e-02f1dff6f964/mods/sablephysicscompat-1.3.0.jar as it contains a mods.toml file
[20Jul2026 16:47:34.024] [main/DEBUG] [org.sinytra.connector.locator.FabricModsDiscoverer/SCAN]: Skipping jar /var/opt/minecraft/crafty/crafty-4/servers/f208f13f-03b8-42f4-b07e-02f1dff6f964/mods/scholar-neoforge-1.21.1-1.1.16.jar as it contains a mods.toml file
[20Jul2026 16:47:34.025] [main/DEBUG] [org.sinytra.connector.locator.FabricModsDiscoverer/SCAN]: Skipping jar /var/opt/minecraft/crafty/crafty-4/servers/f208f13f-03b8-42f4-b07e-02f1dff6f964/mods/scholar-neoforge-1.21.1-1.2.0.jar as it contains a mods.toml file
[20Jul2026 16:47:34.025] [main/DEBUG] [org.sinytra.connector.locator.FabricModsDiscoverer/SCAN]: Skipping jar /var/opt/minecraft/crafty/crafty-4/servers/f208f13f-03b8-42f4-b07e-02f1dff6f964/mods/seamlesssleep-neoforge-1.21-2.5.3.jar as it contains a mods.toml file
[20Jul2026 16:47:34.025] [main/DEBUG] [org.sinytra.connector.locator.FabricModsDiscoverer/SCAN]: Skipping jar /var/opt/minecraft/crafty/crafty-4/servers/f208f13f-03b8-42f4-b07e-02f1dff6f964/mods/servercore-neoforge-1.5.17+1.21.1.jar as it contains a mods.toml file
[20Jul2026 16:47:34.026] [main/DEBUG] [org.sinytra.connector.locator.FabricModsDiscoverer/SCAN]: Skipping jar /var/opt/minecraft/crafty/crafty-4/servers/f208f13f-03b8-42f4-b07e-02f1dff6f964/mods/sliceanddice-forge-4.2.4.jar as it contains a mods.toml file
[20Jul2026 16:47:34.026] [main/DEBUG] [org.sinytra.connector.locator.FabricModsDiscoverer/SCAN]: Skipping jar /var/opt/minecraft/crafty/crafty-4/servers/f208f13f-03b8-42f4-b07e-02f1dff6f964/mods/smart_bounds-1.0.0.jar as it contains a mods.toml file
[20Jul2026 16:47:34.026] [main/DEBUG] [org.sinytra.connector.locator.FabricModsDiscoverer/SCAN]: Skipping jar /var/opt/minecraft/crafty/crafty-4/servers/f208f13f-03b8-42f4-b07e-02f1dff6f964/mods/smarterfarmers-1.21-2.2.4-neoforge.jar as it contains a mods.toml file
[20Jul2026 16:47:34.026] [main/DEBUG] [org.sinytra.connector.locator.FabricModsDiscoverer/SCAN]: Skipping jar /var/opt/minecraft/crafty/crafty-4/servers/f208f13f-03b8-42f4-b07e-02f1dff6f964/mods/sound-physics-remastered-neoforge-1.21.1-1.5.1.jar as it contains a mods.toml file
[20Jul2026 16:47:34.027] [main/DEBUG] [org.sinytra.connector.locator.FabricModsDiscoverer/SCAN]: Found fabric.mod.json mod: /var/opt/minecraft/crafty/crafty-4/servers/f208f13f-03b8-42f4-b07e-02f1dff6f964/mods/squaremap-fabric-mc1.21.1-1.3.2.jar
[20Jul2026 16:47:34.081] [main/DEBUG] [org.sinytra.connector.locator.FabricModsDiscoverer/SCAN]: Skipping jar /var/opt/minecraft/crafty/crafty-4/servers/f208f13f-03b8-42f4-b07e-02f1dff6f964/mods/still-life-b1.0[UNOFFICIAL-BACKPORT-1.21.1].jar as it contains a mods.toml file
[20Jul2026 16:47:34.081] [main/DEBUG] [org.sinytra.connector.locator.FabricModsDiscoverer/SCAN]: Skipping jar /var/opt/minecraft/crafty/crafty-4/servers/f208f13f-03b8-42f4-b07e-02f1dff6f964/mods/structure_layout_optimizer-neoforge-1.0.12.jar as it contains a mods.toml file
[20Jul2026 16:47:34.081] [main/DEBUG] [org.sinytra.connector.locator.FabricModsDiscoverer/SCAN]: Skipping jar /var/opt/minecraft/crafty/crafty-4/servers/f208f13f-03b8-42f4-b07e-02f1dff6f964/mods/supermartijn642configlib-1.1.8-neoforge-mc1.21.jar as it contains a mods.toml file
[20Jul2026 16:47:34.082] [main/DEBUG] [org.sinytra.connector.locator.FabricModsDiscoverer/SCAN]: Skipping jar /var/opt/minecraft/crafty/crafty-4/servers/f208f13f-03b8-42f4-b07e-02f1dff6f964/mods/supermartijn642corelib-1.1.21-neoforge-mc1.21.jar as it contains a mods.toml file
[20Jul2026 16:47:34.083] [main/DEBUG] [org.sinytra.connector.locator.FabricModsDiscoverer/SCAN]: Skipping jar /var/opt/minecraft/crafty/crafty-4/servers/f208f13f-03b8-42f4-b07e-02f1dff6f964/mods/supplementaries-neoforge-1.21.1-3.6.8.jar as it contains a mods.toml file
[20Jul2026 16:47:34.084] [main/DEBUG] [org.sinytra.connector.locator.FabricModsDiscoverer/SCAN]: Skipping jar /var/opt/minecraft/crafty/crafty-4/servers/f208f13f-03b8-42f4-b07e-02f1dff6f964/mods/t_and_t-neoforge-fabric-1.13.9+1.21.1.jar as it contains a mods.toml file
[20Jul2026 16:47:34.084] [main/DEBUG] [org.sinytra.connector.locator.FabricModsDiscoverer/SCAN]: Skipping jar /var/opt/minecraft/crafty/crafty-4/servers/f208f13f-03b8-42f4-b07e-02f1dff6f964/mods/TerraBlender-neoforge-1.21.1-4.1.0.8.jar as it contains a mods.toml file
[20Jul2026 16:47:34.084] [main/DEBUG] [org.sinytra.connector.locator.FabricModsDiscoverer/SCAN]: Skipping jar /var/opt/minecraft/crafty/crafty-4/servers/f208f13f-03b8-42f4-b07e-02f1dff6f964/mods/trashslot-neoforge-1.21.1-21.1.11.jar as it contains a mods.toml file
[20Jul2026 16:47:34.085] [main/DEBUG] [org.sinytra.connector.locator.FabricModsDiscoverer/SCAN]: Skipping jar /var/opt/minecraft/crafty/crafty-4/servers/f208f13f-03b8-42f4-b07e-02f1dff6f964/mods/TreeChop-1.21.1-neoforge-0.19.3.jar as it contains a mods.toml file
[20Jul2026 16:47:34.085] [main/DEBUG] [org.sinytra.connector.locator.FabricModsDiscoverer/SCAN]: Skipping jar /var/opt/minecraft/crafty/crafty-4/servers/f208f13f-03b8-42f4-b07e-02f1dff6f964/mods/txnilib-neoforge-1.0.24-1.21.1.jar as it contains a mods.toml file
[20Jul2026 16:47:34.085] [main/DEBUG] [org.sinytra.connector.locator.FabricModsDiscoverer/SCAN]: Skipping jar /var/opt/minecraft/crafty/crafty-4/servers/f208f13f-03b8-42f4-b07e-02f1dff6f964/mods/VanillaBackport-neoforge-1.21.1-1.1.7.10.jar as it contains a mods.toml file
[20Jul2026 16:47:34.086] [main/DEBUG] [org.sinytra.connector.locator.FabricModsDiscoverer/SCAN]: Skipping jar /var/opt/minecraft/crafty/crafty-4/servers/f208f13f-03b8-42f4-b07e-02f1dff6f964/mods/villagercurrency-1.1.1-neoforge-1.21.1.jar as it contains a mods.toml file
[20Jul2026 16:47:34.086] [main/DEBUG] [org.sinytra.connector.locator.FabricModsDiscoverer/SCAN]: Skipping jar /var/opt/minecraft/crafty/crafty-4/servers/f208f13f-03b8-42f4-b07e-02f1dff6f964/mods/watchtower-neoforge-1.1.0+mc1.21.jar as it contains a mods.toml file
[20Jul2026 16:47:34.086] [main/DEBUG] [org.sinytra.connector.locator.FabricModsDiscoverer/SCAN]: Skipping jar /var/opt/minecraft/crafty/crafty-4/servers/f208f13f-03b8-42f4-b07e-02f1dff6f964/mods/Xaeros_Minimap_25.3.2_NeoForge_1.21.jar as it contains a mods.toml file
[20Jul2026 16:47:34.087] [main/DEBUG] [org.sinytra.connector.locator.FabricModsDiscoverer/SCAN]: Skipping jar /var/opt/minecraft/crafty/crafty-4/servers/f208f13f-03b8-42f4-b07e-02f1dff6f964/mods/XaerosWorldMap_1.40.2_NeoForge_1.21.jar as it contains a mods.toml file
[20Jul2026 16:47:34.087] [main/DEBUG] [org.sinytra.connector.locator.FabricModsDiscoverer/SCAN]: Skipping jar /var/opt/minecraft/crafty/crafty-4/servers/f208f13f-03b8-42f4-b07e-02f1dff6f964/mods/yeetusexperimentus-neoforge-87.0.0.jar as it contains a mods.toml file
[20Jul2026 16:47:34.087] [main/DEBUG] [org.sinytra.connector.locator.FabricModsDiscoverer/SCAN]: Skipping jar /var/opt/minecraft/crafty/crafty-4/servers/f208f13f-03b8-42f4-b07e-02f1dff6f964/mods/yet_another_config_lib_v3-3.8.2+1.21.1-neoforge.jar as it contains a mods.toml file
[20Jul2026 16:47:34.087] [main/DEBUG] [org.sinytra.connector.locator.FabricModsDiscoverer/SCAN]: Skipping jar /var/opt/minecraft/crafty/crafty-4/servers/f208f13f-03b8-42f4-b07e-02f1dff6f964/mods/YungsApi-1.21.1-NeoForge-5.1.6.jar as it contains a mods.toml file
[20Jul2026 16:47:34.088] [main/DEBUG] [org.sinytra.connector.locator.FabricModsDiscoverer/SCAN]: Skipping jar /var/opt/minecraft/crafty/crafty-4/servers/f208f13f-03b8-42f4-b07e-02f1dff6f964/mods/YungsBetterDesertTemples-1.21.1-NeoForge-4.1.5.jar as it contains a mods.toml file
[20Jul2026 16:47:34.088] [main/DEBUG] [org.sinytra.connector.locator.FabricModsDiscoverer/SCAN]: Skipping jar /var/opt/minecraft/crafty/crafty-4/servers/f208f13f-03b8-42f4-b07e-02f1dff6f964/mods/YungsBetterDungeons-1.21.1-NeoForge-5.1.4.jar as it contains a mods.toml file
[20Jul2026 16:47:34.088] [main/DEBUG] [org.sinytra.connector.locator.FabricModsDiscoverer/SCAN]: Skipping jar /var/opt/minecraft/crafty/crafty-4/servers/f208f13f-03b8-42f4-b07e-02f1dff6f964/mods/YungsBetterEndIsland-1.21.1-NeoForge-3.1.2.jar as it contains a mods.toml file
[20Jul2026 16:47:34.088] [main/DEBUG] [org.sinytra.connector.locator.FabricModsDiscoverer/SCAN]: Skipping jar /var/opt/minecraft/crafty/crafty-4/servers/f208f13f-03b8-42f4-b07e-02f1dff6f964/mods/YungsBetterMineshafts-1.21.1-NeoForge-5.1.1.jar as it contains a mods.toml file
[20Jul2026 16:47:34.089] [main/DEBUG] [org.sinytra.connector.locator.FabricModsDiscoverer/SCAN]: Skipping jar /var/opt/minecraft/crafty/crafty-4/servers/f208f13f-03b8-42f4-b07e-02f1dff6f964/mods/YungsBetterNetherFortresses-1.21.1-NeoForge-3.1.5.jar as it contains a mods.toml file
[20Jul2026 16:47:34.089] [main/DEBUG] [org.sinytra.connector.locator.FabricModsDiscoverer/SCAN]: Skipping jar /var/opt/minecraft/crafty/crafty-4/servers/f208f13f-03b8-42f4-b07e-02f1dff6f964/mods/YungsBetterOceanMonuments-1.21.1-NeoForge-4.1.2.jar as it contains a mods.toml file
[20Jul2026 16:47:34.089] [main/DEBUG] [org.sinytra.connector.locator.FabricModsDiscoverer/SCAN]: Skipping jar /var/opt/minecraft/crafty/crafty-4/servers/f208f13f-03b8-42f4-b07e-02f1dff6f964/mods/YungsBetterStrongholds-1.21.1-NeoForge-5.1.3.jar as it contains a mods.toml file
[20Jul2026 16:47:34.089] [main/DEBUG] [org.sinytra.connector.locator.FabricModsDiscoverer/SCAN]: Skipping jar /var/opt/minecraft/crafty/crafty-4/servers/f208f13f-03b8-42f4-b07e-02f1dff6f964/mods/YungsBetterWitchHuts-1.21.1-NeoForge-4.1.1.jar as it contains a mods.toml file
[20Jul2026 16:47:34.090] [main/DEBUG] [org.sinytra.connector.locator.FabricModsDiscoverer/SCAN]: Skipping jar /var/opt/minecraft/crafty/crafty-4/servers/f208f13f-03b8-42f4-b07e-02f1dff6f964/mods/YungsBridges-1.21.1-NeoForge-5.1.1.jar as it contains a mods.toml file
[20Jul2026 16:47:34.090] [main/DEBUG] [org.sinytra.connector.locator.FabricModsDiscoverer/SCAN]: Skipping jar /var/opt/minecraft/crafty/crafty-4/servers/f208f13f-03b8-42f4-b07e-02f1dff6f964/mods/YungsExtras-1.21.1-NeoForge-5.1.1.jar as it contains a mods.toml file
[20Jul2026 16:47:34.090] [main/DEBUG] [org.sinytra.connector.locator.FabricModsDiscoverer/SCAN]: Skipping jar /var/opt/minecraft/crafty/crafty-4/servers/f208f13f-03b8-42f4-b07e-02f1dff6f964/mods/Zeta-1.1-40.jar as it contains a mods.toml file
[20Jul2026 16:47:34.090] [main/DEBUG] [org.sinytra.connector.locator.FabricModsDiscoverer/SCAN]: Skipping jar /var/opt/minecraft/crafty/crafty-4/servers/f208f13f-03b8-42f4-b07e-02f1dff6f964/mods/zfastnoise-1.0.11+2+1.21.1+neoforge.jar as it contains a mods.toml file
[20Jul2026 16:47:34.178] [main/INFO] [org.sinytra.connector.locator.DependencyResolver/]: Dependency resolution found 27 candidates to load
[20Jul2026 16:47:34.225] [main/DEBUG] [org.sinytra.connector.locator.filter.SplitPackageMerger/]: Found 0 split packages across 0 jars
[20Jul2026 16:47:34.437] [main/DEBUG] [net.neoforged.fml.loading.moddiscovery.ModFileInfo/LOADING]: Found valid mod file squaremap-fabric-mc1.21.1-1.3.2$adventure-platform-fabric-5.14.1_mapped_moj_1.21.1.jar with {adventure_platform_fabric} mods - versions {5.14.1}
[20Jul2026 16:47:34.437] [main/DEBUG] [net.neoforged.fml.loading.moddiscovery.ModFileInfo/LOADING]: Found valid mod file squaremap-fabric-mc1.21.1-1.3.2$cardinal-components-base-6.1.1_mapped_moj_1.21.1.jar with {cardinal_components_base} mods - versions {6.1.1}
[20Jul2026 16:47:34.437] [main/DEBUG] [net.neoforged.fml.loading.moddiscovery.ModFileInfo/LOADING]: Found valid mod file squaremap-fabric-mc1.21.1-1.3.2$cardinal-components-entity-6.1.1_mapped_moj_1.21.1.jar with {cardinal_components_entity} mods - versions {6.1.1}
[20Jul2026 16:47:34.438] [main/DEBUG] [net.neoforged.fml.loading.moddiscovery.ModFileInfo/LOADING]: Found valid mod file squaremap-fabric-mc1.21.1-1.3.2$cloud-fabric-2.0.0-beta.9_mapped_moj_1.21.1.jar with {cloud} mods - versions {2.0.0-beta.9}
[20Jul2026 16:47:34.438] [main/DEBUG] [net.neoforged.fml.loading.moddiscovery.ModFileInfo/LOADING]: Found valid mod file squaremap-fabric-mc1.21.1-1.3.2$cloud-fabric-2.0.0-beta.9$fabric-permissions-api-0.3.1_mapped_moj_1.21.1.jar with {fabric_permissions_api_v0} mods - versions {0.3.1}
[20Jul2026 16:47:34.442] [main/DEBUG] [net.neoforged.fml.loading.moddiscovery.ModFileInfo/LOADING]: Found valid mod file squaremap-fabric-mc1.21.1-1.3.2$cloud-fabric-2.0.0-beta.9$cloud-minecraft-modded-common-fabric-repack-2.0.0-beta.9_mapped_moj_1.21.1.jar with {org_incendo_cloud_minecraft_modded_common_fabric_repack_} mods - versions {2.0.0-beta.9}
[20Jul2026 16:47:34.444] [main/DEBUG] [net.neoforged.fml.loading.moddiscovery.ModFileInfo/LOADING]: Found valid mod file squaremap-fabric-mc1.21.1-1.3.2_mapped_moj_1.21.1.jar with {squaremap} mods - versions {1.3.2}
[20Jul2026 16:47:34.445] [main/INFO] [net.neoforged.fml.loading.moddiscovery.ModDiscoverer/SCAN]: Found mod file "squaremap-fabric-mc1.21.1-1.3.2$adventure-platform-fabric-5.14.1_mapped_moj_1.21.1.jar" [locator: org.sinytra.connector.locator.ConnectorLocator@42a9a63e]
[20Jul2026 16:47:34.445] [main/INFO] [net.neoforged.fml.loading.moddiscovery.ModDiscoverer/SCAN]: Found mod file "squaremap-fabric-mc1.21.1-1.3.2$cardinal-components-base-6.1.1_mapped_moj_1.21.1.jar" [locator: org.sinytra.connector.locator.ConnectorLocator@42a9a63e]
[20Jul2026 16:47:34.445] [main/INFO] [net.neoforged.fml.loading.moddiscovery.ModDiscoverer/SCAN]: Found mod file "squaremap-fabric-mc1.21.1-1.3.2$cardinal-components-entity-6.1.1_mapped_moj_1.21.1.jar" [locator: org.sinytra.connector.locator.ConnectorLocator@42a9a63e]
[20Jul2026 16:47:34.445] [main/INFO] [net.neoforged.fml.loading.moddiscovery.ModDiscoverer/SCAN]: Found mod file "squaremap-fabric-mc1.21.1-1.3.2$cloud-fabric-2.0.0-beta.9_mapped_moj_1.21.1.jar" [locator: org.sinytra.connector.locator.ConnectorLocator@42a9a63e]
[20Jul2026 16:47:34.445] [main/INFO] [net.neoforged.fml.loading.moddiscovery.ModDiscoverer/SCAN]: Found mod file "squaremap-fabric-mc1.21.1-1.3.2$cloud-fabric-2.0.0-beta.9$fabric-permissions-api-0.3.1_mapped_moj_1.21.1.jar" [locator: org.sinytra.connector.locator.ConnectorLocator@42a9a63e]
[20Jul2026 16:47:34.445] [main/INFO] [net.neoforged.fml.loading.moddiscovery.ModDiscoverer/SCAN]: Found gamelibrary file "squaremap-fabric-mc1.21.1-1.3.2$cloud-fabric-2.0.0-beta.9$geantyref-1.3.15_mapped_moj_1.21.1.jar" [locator: org.sinytra.connector.locator.ConnectorLocator@42a9a63e]
[20Jul2026 16:47:34.445] [main/INFO] [net.neoforged.fml.loading.moddiscovery.ModDiscoverer/SCAN]: Found gamelibrary file "squaremap-fabric-mc1.21.1-1.3.2$adventure-platform-fabric-5.14.1$adventure-api-4.17.0_mapped_moj_1.21.1.jar" [locator: org.sinytra.connector.locator.ConnectorLocator@42a9a63e]
[20Jul2026 16:47:34.445] [main/INFO] [net.neoforged.fml.loading.moddiscovery.ModDiscoverer/SCAN]: Found gamelibrary file "squaremap-fabric-mc1.21.1-1.3.2$adventure-platform-fabric-5.14.1$adventure-key-4.17.0_mapped_moj_1.21.1.jar" [locator: org.sinytra.connector.locator.ConnectorLocator@42a9a63e]
[20Jul2026 16:47:34.445] [main/INFO] [net.neoforged.fml.loading.moddiscovery.ModDiscoverer/SCAN]: Found gamelibrary file "squaremap-fabric-mc1.21.1-1.3.2$adventure-platform-fabric-5.14.1$adventure-platform-api-4.3.3_mapped_moj_1.21.1.jar" [locator: org.sinytra.connector.locator.ConnectorLocator@42a9a63e]
[20Jul2026 16:47:34.445] [main/INFO] [net.neoforged.fml.loading.moddiscovery.ModDiscoverer/SCAN]: Found gamelibrary file "squaremap-fabric-mc1.21.1-1.3.2$adventure-platform-fabric-5.14.1$adventure-text-logger-slf4j-4.17.0_mapped_moj_1.21.1.jar" [locator: org.sinytra.connector.locator.ConnectorLocator@42a9a63e]
[20Jul2026 16:47:34.445] [main/INFO] [net.neoforged.fml.loading.moddiscovery.ModDiscoverer/SCAN]: Found gamelibrary file "squaremap-fabric-mc1.21.1-1.3.2$adventure-platform-fabric-5.14.1$adventure-text-minimessage-4.17.0_mapped_moj_1.21.1.jar" [locator: org.sinytra.connector.locator.ConnectorLocator@42a9a63e]
[20Jul2026 16:47:34.445] [main/INFO] [net.neoforged.fml.loading.moddiscovery.ModDiscoverer/SCAN]: Found gamelibrary file "squaremap-fabric-mc1.21.1-1.3.2$adventure-platform-fabric-5.14.1$adventure-text-serializer-ansi-4.17.0_mapped_moj_1.21.1.jar" [locator: org.sinytra.connector.locator.ConnectorLocator@42a9a63e]
[20Jul2026 16:47:34.445] [main/INFO] [net.neoforged.fml.loading.moddiscovery.ModDiscoverer/SCAN]: Found gamelibrary file "squaremap-fabric-mc1.21.1-1.3.2$adventure-platform-fabric-5.14.1$adventure-text-serializer-gson-4.17.0_mapped_moj_1.21.1.jar" [locator: org.sinytra.connector.locator.ConnectorLocator@42a9a63e]
[20Jul2026 16:47:34.445] [main/INFO] [net.neoforged.fml.loading.moddiscovery.ModDiscoverer/SCAN]: Found gamelibrary file "squaremap-fabric-mc1.21.1-1.3.2$adventure-platform-fabric-5.14.1$adventure-text-serializer-json-4.17.0_mapped_moj_1.21.1.jar" [locator: org.sinytra.connector.locator.ConnectorLocator@42a9a63e]
[20Jul2026 16:47:34.445] [main/INFO] [net.neoforged.fml.loading.moddiscovery.ModDiscoverer/SCAN]: Found gamelibrary file "squaremap-fabric-mc1.21.1-1.3.2$adventure-platform-fabric-5.14.1$adventure-text-serializer-plain-4.17.0_mapped_moj_1.21.1.jar" [locator: org.sinytra.connector.locator.ConnectorLocator@42a9a63e]
[20Jul2026 16:47:34.445] [main/INFO] [net.neoforged.fml.loading.moddiscovery.ModDiscoverer/SCAN]: Found gamelibrary file "squaremap-fabric-mc1.21.1-1.3.2$adventure-platform-fabric-5.14.1$ansi-1.1.0_mapped_moj_1.21.1.jar" [locator: org.sinytra.connector.locator.ConnectorLocator@42a9a63e]
[20Jul2026 16:47:34.445] [main/INFO] [net.neoforged.fml.loading.moddiscovery.ModDiscoverer/SCAN]: Found gamelibrary file "squaremap-fabric-mc1.21.1-1.3.2$adventure-platform-fabric-5.14.1$examination-api-1.3.0_mapped_moj_1.21.1.jar" [locator: org.sinytra.connector.locator.ConnectorLocator@42a9a63e]
[20Jul2026 16:47:34.445] [main/INFO] [net.neoforged.fml.loading.moddiscovery.ModDiscoverer/SCAN]: Found gamelibrary file "squaremap-fabric-mc1.21.1-1.3.2$adventure-platform-fabric-5.14.1$examination-string-1.3.0_mapped_moj_1.21.1.jar" [locator: org.sinytra.connector.locator.ConnectorLocator@42a9a63e]
[20Jul2026 16:47:34.445] [main/INFO] [net.neoforged.fml.loading.moddiscovery.ModDiscoverer/SCAN]: Found gamelibrary file "squaremap-fabric-mc1.21.1-1.3.2$adventure-platform-fabric-5.14.1$option-1.0.0_mapped_moj_1.21.1.jar" [locator: org.sinytra.connector.locator.ConnectorLocator@42a9a63e]
[20Jul2026 16:47:34.445] [main/INFO] [net.neoforged.fml.loading.moddiscovery.ModDiscoverer/SCAN]: Found gamelibrary file "squaremap-fabric-mc1.21.1-1.3.2$cloud-fabric-2.0.0-beta.9$cloud-brigadier-2.0.0-beta.9_mapped_moj_1.21.1.jar" [locator: org.sinytra.connector.locator.ConnectorLocator@42a9a63e]
[20Jul2026 16:47:34.445] [main/INFO] [net.neoforged.fml.loading.moddiscovery.ModDiscoverer/SCAN]: Found gamelibrary file "squaremap-fabric-mc1.21.1-1.3.2$cloud-fabric-2.0.0-beta.9$cloud-core-2.0.0_mapped_moj_1.21.1.jar" [locator: org.sinytra.connector.locator.ConnectorLocator@42a9a63e]
[20Jul2026 16:47:34.445] [main/INFO] [net.neoforged.fml.loading.moddiscovery.ModDiscoverer/SCAN]: Found gamelibrary file "squaremap-fabric-mc1.21.1-1.3.2$cloud-minecraft-extras-2.0.0-beta.10_mapped_moj_1.21.1.jar" [locator: org.sinytra.connector.locator.ConnectorLocator@42a9a63e]
[20Jul2026 16:47:34.445] [main/INFO] [net.neoforged.fml.loading.moddiscovery.ModDiscoverer/SCAN]: Found mod file "squaremap-fabric-mc1.21.1-1.3.2$cloud-fabric-2.0.0-beta.9$cloud-minecraft-modded-common-fabric-repack-2.0.0-beta.9_mapped_moj_1.21.1.jar" [locator: org.sinytra.connector.locator.ConnectorLocator@42a9a63e]
[20Jul2026 16:47:34.445] [main/INFO] [net.neoforged.fml.loading.moddiscovery.ModDiscoverer/SCAN]: Found gamelibrary file "squaremap-fabric-mc1.21.1-1.3.2$cloud-processors-common-1.0.0-beta.3_mapped_moj_1.21.1.jar" [locator: org.sinytra.connector.locator.ConnectorLocator@42a9a63e]
[20Jul2026 16:47:34.445] [main/INFO] [net.neoforged.fml.loading.moddiscovery.ModDiscoverer/SCAN]: Found gamelibrary file "squaremap-fabric-mc1.21.1-1.3.2$cloud-processors-confirmation-1.0.0-beta.3_mapped_moj_1.21.1.jar" [locator: org.sinytra.connector.locator.ConnectorLocator@42a9a63e]
[20Jul2026 16:47:34.445] [main/INFO] [net.neoforged.fml.loading.moddiscovery.ModDiscoverer/SCAN]: Found gamelibrary file "squaremap-fabric-mc1.21.1-1.3.2$cloud-fabric-2.0.0-beta.9$cloud-services-2.0.0_mapped_moj_1.21.1.jar" [locator: org.sinytra.connector.locator.ConnectorLocator@42a9a63e]
[20Jul2026 16:47:34.445] [main/INFO] [net.neoforged.fml.loading.moddiscovery.ModDiscoverer/SCAN]: Found mod file "squaremap-fabric-mc1.21.1-1.3.2_mapped_moj_1.21.1.jar" [locator: org.sinytra.connector.locator.ConnectorLocator@42a9a63e]
[20Jul2026 16:47:34.451] [main/DEBUG] [net.neoforged.fml.loading.moddiscovery.readers.JarModsDotTomlModFileReader/SCAN]: Found META-INF/MANIFEST.MF mod of type GAMELIBRARY: 
[20Jul2026 16:47:34.452] [main/DEBUG] [net.neoforged.fml.loading.moddiscovery.readers.JarModsDotTomlModFileReader/SCAN]: Found META-INF/neoforge.mods.toml mod of type null: 
[20Jul2026 16:47:34.452] [main/DEBUG] [net.neoforged.fml.loading.moddiscovery.ModFileParser/LOADING]: Considering mod file candidate 
[20Jul2026 16:47:34.453] [main/DEBUG] [net.neoforged.fml.loading.moddiscovery.ModFileInfo/LOADING]: Found valid mod file org.sinytra.connector-2.0.0-beta.14+1.21.1-mod.jar with {connector} mods - versions {2.0.0-beta.14+1.21.1}
[20Jul2026 16:47:34.454] [main/TRACE] [net.neoforged.fml.loading.moddiscovery.locators.JarInJarDependencyLocator/]: Failed to load resource META-INF/jarjar/metadata.json from runtime-1.0.0+1.21.1.jar, it does not contain dependency information.
[20Jul2026 16:47:34.454] [main/TRACE] [net.neoforged.fml.loading.moddiscovery.locators.JarInJarDependencyLocator/]: Failed to load resource META-INF/jarjar/metadata.json from org.sinytra.connector-2.0.0-beta.14+1.21.1-mod.jar, it does not contain dependency information.
[20Jul2026 16:47:34.455] [main/DEBUG] [net.neoforged.fml.loading.moddiscovery.readers.JarModsDotTomlModFileReader/SCAN]: Found META-INF/neoforge.mods.toml mod of type null: 
[20Jul2026 16:47:34.455] [main/DEBUG] [net.neoforged.fml.loading.moddiscovery.ModFileParser/LOADING]: Considering mod file candidate 
[20Jul2026 16:47:34.455] [main/DEBUG] [net.neoforged.fml.loading.moddiscovery.ModFileInfo/LOADING]: Found valid mod file org.sinytra.connector-2.0.0-beta.14+1.21.1-mod.jar with {connector} mods - versions {2.0.0-beta.14+1.21.1}
[20Jul2026 16:47:34.456] [main/DEBUG] [net.neoforged.fml.loading.moddiscovery.readers.JarModsDotTomlModFileReader/SCAN]: Found META-INF/MANIFEST.MF mod of type GAMELIBRARY: 
[20Jul2026 16:47:34.456] [main/INFO] [net.neoforged.fml.loading.moddiscovery.locators.JarInJarDependencyLocator/]: Found 2 dependencies adding them to mods collection
[20Jul2026 16:47:34.456] [main/INFO] [net.neoforged.fml.loading.moddiscovery.ModDiscoverer/SCAN]: Found mod file "org.sinytra.connector-2.0.0-beta.14+1.21.1-mod.jar" [parent: , locator: org.sinytra.connector.locator.ConnectorLocator@42a9a63e, reader: mod manifest]
[20Jul2026 16:47:34.456] [main/INFO] [net.neoforged.fml.loading.moddiscovery.ModDiscoverer/SCAN]: Found gamelibrary file "runtime-1.0.0+1.21.1.jar" [parent: , locator: org.sinytra.connector.locator.ConnectorLocator@42a9a63e, reader: mod manifest]
[20Jul2026 16:47:34.456] [main/DEBUG] [net.neoforged.fml.loading.moddiscovery.ModDiscoverer/SCAN]: Trying locator pl.skidam.automodpack_loader_core.LazyModLocator@384fc774
[20Jul2026 16:47:34.465] [main/DEBUG] [net.neoforged.fml.loading.moddiscovery.readers.JarModsDotTomlModFileReader/SCAN]: Found META-INF/neoforge.mods.toml mod of type null: 
[20Jul2026 16:47:34.465] [main/DEBUG] [net.neoforged.fml.loading.moddiscovery.ModFileParser/LOADING]: Considering mod file candidate 
[20Jul2026 16:47:34.466] [main/DEBUG] [net.neoforged.fml.loading.moddiscovery.ModFileInfo/LOADING]: Found valid mod file automodpack-mod.jar with {automodpack_mod} mods - versions {4.0.5}
[20Jul2026 16:47:34.466] [main/TRACE] [net.neoforged.fml.loading.moddiscovery.locators.JarInJarDependencyLocator/]: Failed to load resource META-INF/jarjar/metadata.json from automodpack-mod.jar, it does not contain dependency information.
[20Jul2026 16:47:34.471] [main/DEBUG] [net.neoforged.fml.loading.moddiscovery.readers.JarModsDotTomlModFileReader/SCAN]: Found META-INF/neoforge.mods.toml mod of type null: 
[20Jul2026 16:47:34.471] [main/DEBUG] [net.neoforged.fml.loading.moddiscovery.ModFileParser/LOADING]: Considering mod file candidate 
[20Jul2026 16:47:34.471] [main/DEBUG] [net.neoforged.fml.loading.moddiscovery.ModFileInfo/LOADING]: Found valid mod file automodpack-mod.jar with {automodpack_mod} mods - versions {4.0.5}
[20Jul2026 16:47:34.472] [main/INFO] [net.neoforged.fml.loading.moddiscovery.locators.JarInJarDependencyLocator/]: Found 1 dependencies adding them to mods collection
[20Jul2026 16:47:34.472] [main/INFO] [net.neoforged.fml.loading.moddiscovery.ModDiscoverer/SCAN]: Found mod file "automodpack-mod.jar" [parent: , locator: pl.skidam.automodpack_loader_core.LazyModLocator@384fc774, reader: mod manifest]
[20Jul2026 16:47:34.472] [main/DEBUG] [net.neoforged.fml.loading.UniqueModListBuilder/]: Found 2 mods for first modid fabric_api, selecting most recent based on version data
[20Jul2026 16:47:34.472] [main/DEBUG] [net.neoforged.fml.loading.UniqueModListBuilder/]: Selected file forgified-fabric-api-0.116.7+2.2.4+1.21.1.jar for modid fabric_api with version 0.116.7+2.2.4+1.21.1
[20Jul2026 16:47:34.476] [main/INFO] [net.neoforged.fml.loading.moddiscovery.ModDiscoverer/]: 
     Mod List:
		Name Version (Mod Id)

		adventure-platform-fabric 5.14.1 (adventure_platform_fabric)
		aero_copycats 1.1.0 (aerocopycats)
		AI-Improvements 0.5.3 (aiimprovements)
		Aileron 1.21.1-neoforge-1.1.4 (aileron)
		Alloyed 3.0.7+1.21.1 (alloyed)
		Almanac 1.5.2 (almanac)
		Alternate Current 1.9.0 (alternate_current)
		Amendments 1.21-2.0.15 (amendments)
		Another Furniture 4.0.2 (another_furniture)
		AppleSkin 3.0.9+mc1.21 (appleskin)
		Architectury 13.0.8 (architectury)
		Armor Statues 21.1.0 (armorstatues)
		Async Logger 1.1.4+1.21.1-neoforge (asynclogger)
		Athena 4.0.6 (athena)
		AutoModpack 4.0.5 (automodpack_mod)
		Axes Are Weapons 1.10.2 (axesareweapons)
		Balm 21.0.58 (balm)
		Better lib 1.0.109 (better_lib)
		Biolith 3.0.10 (biolith)
		Bookshelf 21.1.81 (bookshelf)
		Bountiful 8.0.0-beta.2 (bountiful)
		Cardinal Components API (base) 6.1.1 (cardinal_components_base)
		Cardinal Components API (entities) 6.1.1 (cardinal_components_entity)
		Cerulean 1.0.0 (cerulean)
		Chefs Delight 1.0.5 (chefsdelight)
		Chipped 4.0.2 (chipped)
		ChoiceTheorem's Overhauled Village 3.6.3 (ctov)
		Chunky 1.4.23 (chunky)
		Cloth Config v15 API 15.0.140 (cloth_config)
		Cloud 2.0.0-beta.9 (cloud)
		cloud-minecraft-modded-common-fabric-repack 2.0.0-beta.9 (org_incendo_cloud_minecraft_modded_common_fabric_repack_)
		Collective 8.25 (collective)
		CommonGroovyLibrary 0.5.1 (commongroovylibrary)
		Companion 0.0NONE (companion)
		Concurrent Chunk Management Engine 0.3.0+alpha.0.93+1.21.1 (c2me)
		Concurrent Chunk Management Engine (Base) 0.3.0+alpha.0.93+1.21.1 (c2me_base)
		Concurrent Chunk Management Engine (Client/Uncap View Distance) 0.3.0+alpha.0.93+1.21.1 (c2me_client_uncapvd)
		Concurrent Chunk Management Engine (Fixes/Chunk IO/Threading Issues) 0.3.0+alpha.0.93+1.21.1 (c2me_fixes_chunkio_threading_issues)
		Concurrent Chunk Management Engine (Fixes/General/Threading Issues) 0.3.0+alpha.0.93+1.21.1 (c2me_fixes_general_threading_issues)
		Concurrent Chunk Management Engine (Fixes/WorldGen/Threading Issues) 0.3.0+alpha.0.93+1.21.1 (c2me_fixes_worldgen_threading_issues)
		Concurrent Chunk Management Engine (Fixes/WorldGen/Vanilla Bugs) 0.3.0+alpha.0.93+1.21.1 (c2me_fixes_worldgen_vanilla_bugs)
		Concurrent Chunk Management Engine (No Tick View Distance) 0.3.0+alpha.0.93+1.21.1 (c2me_notickvd)
		Concurrent Chunk Management Engine (Optimizations/Chunk IO) 0.3.0+alpha.0.93+1.21.1 (c2me_opts_chunkio)
		Concurrent Chunk Management Engine (Optimizations/Density Function Compiler) 0.3.0+alpha.0.93+1.21.1 (c2me_opts_dfc)
		Concurrent Chunk Management Engine (Optimizations/General WorldGen) 0.3.0+alpha.0.93+1.21.1 (c2me_opts_worldgen_general)
		Concurrent Chunk Management Engine (Optimizations/Math) 0.3.0+alpha.0.93+1.21.1 (c2me_opts_math)
		Concurrent Chunk Management Engine (Optimizations/Memory Allocations) 0.3.0+alpha.0.93+1.21.1 (c2me_opts_allocs)
		Concurrent Chunk Management Engine (Optimizations/Natives Math) 0.3.0+alpha.0.93+1.21.1 (c2me_opts_natives_math)
		Concurrent Chunk Management Engine (Optimizations/Scheduling) 0.3.0+alpha.0.93+1.21.1 (c2me_opts_scheduling)
		Concurrent Chunk Management Engine (Optimizations/Vanilla WorldGen) 0.3.0+alpha.0.93+1.21.1 (c2me_opts_worldgen_vanilla)
		Concurrent Chunk Management Engine (Rewrites/Chunk IO) 0.3.0+alpha.0.93+1.21.1 (c2me_rewrites_chunkio)
		Concurrent Chunk Management Engine (Rewrites/Chunk Serializer) 0.3.0+alpha.0.93+1.21.1 (c2me_rewrites_chunk_serializer)
		Concurrent Chunk Management Engine (Rewrites/Chunk System) 0.3.0+alpha.0.93+1.21.1 (c2me_rewrites_chunk_system)
		Concurrent Chunk Management Engine (Server Utils) 0.3.0+alpha.0.93+1.21.1 (c2me_server_utils)
		Concurrent Chunk Management Engine (Threading/Lighting) 0.3.0+alpha.0.93+1.21.1 (c2me_threading_lighting)
		conditional mixin 0.6.4 (conditional_mixin)
		Configured Defaults 21.1.3 (configureddefaults)
		Connector Extras 1.12.1+1.21.1 (connectorextras)
		Connector Extras EMI Bridge 1.12.1+1.21.1 (connectorextras_emi_bridge)
		Connector Extras Energy Bridge 1.12.1+1.21.1 (connectorextras_energy_bridge)
		Connector Extras JEI Bridge 1.12.1+1.21.1 (connectorextras_jei_bridge)
		Connector Extras KubeJS Bridge 1.12.1+1.21.1 (connectorextras_kubejs_bridge)
		Connector Extras ModMenu Bridge 1.12.1+1.21.1 (connectorextras_modmenu_bridge)
		Connector Extras Pehkui Bridge 1.12.1+1.21.1 (connectorextras_pehkui_bridge)
		Connector Extras REI Bridge 1.12.1+1.21.1 (connectorextras_rei_bridge)
		Connector Extras Terrablender Bridge 1.12.1+1.21.1 (connectorextras_terrablender_bridge)
		Console Filter 1.21.1-4.0.0-neoforge (consolefilter)
		CoroUtil 1.21.0-1.3.8 (coroutil)
		Create 6.0.10 (create)
		Create Aeronautics 1.3.0 (aeronautics_bundled)
		Create Aeronautics 1.3.0 (aeronautics)
		Create Bits 'n' Bobs 0.0.44 (bits_n_bobs)
		Create Confectionery 1.1.2 (create_confectionery)
		Create Crafts & Additions 1.6.0 (createaddition)
		Create Deco 2.1.3 (createdeco)
		Create Deep Seas 2.1.6 (create_submarine)
		Create Diesel Generators 1.21.1-1.3.13 (createdieselgenerators)
		Create Encased 1.8.1-ht1 (createcasing)
		Create Goggles 6.1.1 (creategoggles)
		Create Let The Adventure Begin 4.0.0 (create_ltab)
		Create Offroad 1.3.0 (offroad)
		Create Shuffle Filter 2.1.0 (createshufflefilter)
		Create Simulated 1.3.0 (simulated)
		Create Slice & Dice 4.2.4 (sliceanddice)
		Create: Aeroworks 1.2.11 (aeroworks)
		Create: Ballast 0.1.0 (ballastmod)
		Create: Bells & Whistles 0.4.7-1.21.1 (bellsandwhistles)
		Create: Blocks & Bogies 1.0.7 (create_bb)
		Create: Cardboarded Conveynience 1.0.0 (cardboarded_conveynience)
		Create: Central Kitchen 2.5.0 (create_central_kitchen)
		Create: Connected 1.2.2-mc1.21.1 (create_connected)
		Create: Copycats+ 3.0.4+mc.1.21.1-neoforge (copycats)
		Create: Dragons Plus 1.11.2b (create_dragons_plus)
		Create: Dreams n' Desires 2.3a-BETA (dndesires)
		Create: EMI Schematics 1.1.0 (emi_create_schematics)
		Create: Enchantment Industry 2.4.2 (create_enchantment_industry)
		Create: Factory 0.7a-1.21.1 (create_factory)
		Create: Food 2.5.0 (createfood)
		Create: Framed 1.7.3 (createframed)
		Create: Interiors 0.6.1 (interiors)
		Create: Numismatics 1.0.20+neoforge-mc1.21.1 (numismatics)
		Create: Numismatics: Villager Currency 1.1.1 (villagercurrency)
		Create: Pattern Schematics 2.0.10 (create_pattern_schematics)
		Create: Power Loader 2.0.5-mc1.21.1 (create_power_loader)
		Create: Prismatic Shine 1.2.2 (createprism)
		Create: Smart Bounds 1.0.0 (smart_bounds)
		Create: Steam 'n' Rails 1.21.1 0.2.1+neoforge-mc1.21.1 (railways)
		Create: Storage 1.2.7 (fxntstorage)
		Create: Ultimate Factory 2.2.4 (create_ultimate_factory)
		Create_Better_Villagers 1.3.2 (create_better_villagers)
		Cristel Lib 3.1.7 (cristellib)
		Croptopia 4.2.4 (croptopia)
		Croptopia Delight 1.0.1 (croptopiadelight)
		Curios API 9.5.1+1.21.1 (curios)
		Cut Through 21.1.0 (cutthrough)
		Deeper and Darker 1.4.1 (deeperdarker)
		Delightful Creators 1.2 (delightfulcreators)
		Design n' Decor 2.2b (dndecor)
		Detected SetBlock Be Gone 1.0 (dsbg)
		Display Delight 1.6.0 (displaydelight)
		Distant Horizons 2.4.5-b (distanthorizons)
		DistractingTrims 21.1.1 (distractingtrims)
		Dungeons and Taverns 1-v4.4.4 (mr_dungeons_andtaverns)
		Easy Anvils 21.1.0 (easyanvils)
		Ecologics 2.3.6 (ecologics)
		EMI 1.1.24+1.21.1+neoforge (emi)
		EMI Loot 0.7.9+1.21+neoforge (emi_loot)
		EnchantmentDescriptions 21.1.10 (enchdesc)
		End's Delight 2.6+neoforge.1.21.1 (ends_delight)
		EpheroLib 1.2.0 (epherolib)
		ExMI Actually Additions 1.0.3+1.21.1 (extra_mod_integrations_actually_additions)
		ExMI Chipped 1.0.3+1.21.1 (extra_mod_integrations_chipped)
		ExMI Farmer's Delight 1.0.3+1.21.1 (extra_mod_integrations_farmers_delight)
		ExMI Iron's Spells 'n Spellbooks 1.0.3+1.21.1 (extra_mod_integrations_irons_spellbooks)
		ExMI PneumaticCraft 1.0.3+1.21.1 (extra_mod_integrations_pneumaticcraft)
		ExMI Rechiseled 1.0.3+1.21.1 (extra_mod_integrations_rechiseled)
		ExMI Reliquary 1.0.3+1.21.1 (extra_mod_integrations_reliquary)
		Explosive Enhancement 1.1.2 (explosiveenhancement)
		Extended Wrenches 2.0.2 (extendedwrenches)
		Extra Mod Integrations 1.0.3+1.21.1 (extra_mod_integrations)
		Extra Mod Integrations Core 1.0.3+1.21.1 (extra_mod_integrations_core)
		fabric-permissions-api 0.3.1 (fabric_permissions_api_v0)
		Farmer's Delight 1.3.2 (farmersdelight)
		Fast Noise Mod 1.0.11+2+1.21.1+neoforge (zfastnoise)
		Fast Suite 6.0.7 (fastsuite)
		Ferrite Core 7.0.3 (ferritecore)
		Flywheel 1.0.6 (flywheel)
		Forgified Fabric API 0.116.7+2.2.4+1.21.1 (fabric_api)
		Forgified Fabric API Base 0.4.42+d1308ded19 (fabric_api_base)
		Forgified Fabric API Lookup API (v1) 1.6.71+c290471319 (fabric_api_lookup_api_v1)
		Forgified Fabric Biome API (v1) 13.0.31+1e62d33c19 (fabric_biome_api_v1)
		Forgified Fabric Block API (v1) 1.1.0+b0c22bb819 (fabric_block_api_v1)
		Forgified Fabric BlockRenderLayer Registration (v1) 1.1.52+c290471319 (fabric_blockrenderlayer_v1)
		Forgified Fabric BlockView API (v2) 1.0.11+e9036fd419 (fabric_block_view_api_v2)
		Forgified Fabric Client Tags 1.1.15+e053909619 (fabric_client_tags_api_v1)
		Forgified Fabric Command API (v2) 2.2.28+36d727be19 (fabric_command_api_v2)
		Forgified Fabric Content Registries (v0) 8.0.19+5e0d320019 (fabric_content_registries_v0)
		Forgified Fabric Convention Tags 2.1.5+7f945d5b19 (fabric_convention_tags_v1)
		Forgified Fabric Convention Tags (v2) 2.11.1+87e5848019 (fabric_convention_tags_v2)
		Forgified Fabric Data Attachment API (v1) 1.4.5+26d408aa19 (fabric_data_attachment_api_v1)
		Forgified Fabric Data Generation API (v1) 20.2.34+a4c3605619 (fabric_data_generation_api_v1)
		Forgified Fabric Entity Events (v1) 1.8.0+5ede667619 (fabric_entity_events_v1)
		Forgified Fabric Events Interaction (v0) 0.7.13+86e0887119 (fabric_events_interaction_v0)
		Forgified Fabric Game Rule API (v1) 1.0.53+36d727be19 (fabric_game_rule_api_v1)
		Forgified Fabric Game Test API (v1) 2.0.5+29f188ce19 (fabric_gametest_api_v1)
		Forgified Fabric Item API (v1) 11.2.0+0c57911319 (fabric_item_api_v1)
		Forgified Fabric Item Group API (v1) 4.1.7+e324903319 (fabric_item_group_api_v1)
		Forgified Fabric Key Binding API (v1) 1.0.47+62cc7ce119 (fabric_key_binding_api_v1)
		Forgified Fabric Lifecycle Events (v1) 2.6.0+e40d8add19 (fabric_lifecycle_events_v1)
		Forgified Fabric Loot API (v2) 3.0.15+a3ee712d19 (fabric_loot_api_v2)
		Forgified Fabric Loot API (v3) 1.0.3+333dfad919 (fabric_loot_api_v3)
		Forgified Fabric Message API (v1) 6.0.14+6a754fce19 (fabric_message_api_v1)
		Forgified Fabric Model Loading API (v1) 2.1.0+6e8f52c719 (fabric_model_loading_api_v1)
		Forgified Fabric Networking API (v1) 4.3.0+30a980d919 (fabric_networking_api_v1)
		Forgified Fabric Object Builder API (v1) 15.2.1+cc242efd19 (fabric_object_builder_api_v1)
		Forgified Fabric Particles (v1) 4.0.2+824f924c19 (fabric_particles_v1)
		Forgified Fabric Recipe API (v1) 5.0.15+59440bcc19 (fabric_recipe_api_v1)
		Forgified Fabric Registry Sync (v0) 5.3.1+f9aace1619 (fabric_registry_sync_v0)
		Forgified Fabric Renderer - Indigo 1.7.1+9125b6dc19 (fabric_renderer_indigo)
		Forgified Fabric Renderer API (v1) 3.4.1+9125b6dc19 (fabric_renderer_api_v1)
		Forgified Fabric Rendering (v1) 5.1.0+1a09bd5a19 (fabric_rendering_v1)
		Forgified Fabric Rendering Data Attachment (v1) 0.3.49+73761d2e19 (fabric_rendering_data_attachment_v1)
		Forgified Fabric Rendering Fluids (v1) 3.1.6+a51883b219 (fabric_rendering_fluids_v1)
		Forgified Fabric Resource Conditions API (v1) 4.3.0+5bdd099819 (fabric_resource_conditions_api_v1)
		Forgified Fabric Resource Loader (v0) 1.3.1+4ea8954419 (fabric_resource_loader_v0)
		Forgified Fabric Screen API (v1) 2.0.25+4228281319 (fabric_screen_api_v1)
		Forgified Fabric Screen Handler API (v1) 1.3.90+8dbc56dd19 (fabric_screen_handler_api_v1)
		Forgified Fabric Sound API (v1) 1.0.23+10b84f8419 (fabric_sound_api_v1)
		Forgified Fabric Transfer API (v1) 5.4.3+a25cb45619 (fabric_transfer_api_v1)
		Forgified Fabric Transitive Access Wideners (v1) 6.2.0+6c854b6f19 (fabric_transitive_access_wideners_v1)
		Fusion 1.2.12 (fusion)
		Fzzy Config 0.7.6+1.21+neoforge (fzzy_config)
		GeckoLib 4 4.8.4 (geckolib)
		Geophilic 3.5 (geophilic)
		GPUTape 1.0.2 (gpu_tape)
		GroovyModLoader 6.0.2 (gml)
		HT's TreeChop 0.19.3 (treechop)
		iChunUtil 1.0.3 (ichunutil)
		Improved Village Placement 1.1.2 (improved_village_placement)
		Incendium 5.4.3 (incendium)
		Jade 15.10.5+neoforge (jade)
		Jade Addons 6.1.0+neoforge (jadeaddons)
		Jade Modded Entities 1.3.1 (jademoddedentities)
		Kambrik 8.0.0-beta.2 (kambrik)
		Kerria 1.3.0+1.21.1-neoforge (kerria)
		Kiwi Library 15.8.4+neoforge (kiwi)
		Konkrete 1.9.9 (konkrete)
		Kotlin For Forge 5.11.0 (kotlinforforge)
		KumaAPI 21.0.8 (kuma_api)
		LambDynamicLights 4.8.8+1.21.1 (lambdynlights)
		LambDynamicLights (API) 4.8.8+1.21.1 (lambdynlights_api)
		LambDynamicLights (Runtime) 4.8.8+1.21.1 (lambdynlights_runtime)
		Let Me Despawn 1.5.0 (letmedespawn)
		Library ferret 4.0.0 (libraryferret)
		Lithium 0.15.3+mc1.21.1 (lithium)
		Lithosphere 1.7 (mr_lithosphere)
		Lithostitched 1.7.9 (lithostitched)
		Live Radio Mod 1.0.2 (radiomod)
		Lodestone 1.8.2 (lodestone)
		Lootr 1.21.1-1.11.37.120 (lootr)
		M.R.U 1.0.19+LTS+1.21.1+neoforge (mru)
		MapSyncer 1.0.3 (mapsyncer)
		MidnightLib 1.6.9 (midnightlib)
		Minecraft 1.21.1 (minecraft)
		Miners Delight 1.4.5 (minersdelight)
		ModernFix 5.27.12+mc1.21.1 (modernfix)
		Moonlight Lib 1.21.1-3.0.17 (moonlight)
		More Sounds 1.21.x-0.3.0-beta (more_sounds)
		MoreDensityFunctions 2.3.0 (moredensityfunctions)
		My Nether's Delight 1.10.2 (mynethersdelight)
		Naturalist 1.0.2 (naturalist)
		Neo Bee Fix 2.0.1 (neobeefix)
		NeoForge 21.1.233 (neoforge)
		Netherite Horse Armor 1.21.1-2.0a (netherite_horse_armor)
		NetherPortalFix 21.1.1 (netherportalfix)
		Noisium 2.7.0+mc1.21-1.21.1 (noisium)
		Not Enough Recipe Book 0.4.3 (nerb)
		Numismatic Bounties 2.0 (numismatic_bounties)
		OctoLib 0.6.2 (octolib)
		Percale 1.0.0-beta.1 (percale)
		Placebo 9.9.1 (placebo)
		Platform 1.3.3 (platform)
		Ponder 1.0.82+mc1.21.1 (ponder)
		Potion Stacks 1.0.0 (potionstacks)
		PrickleMC 21.1.11 (prickle)
		Pride Lib 1.2.4+1.21.1 (pride)
		Puzzles Lib 21.1.52 (puzzleslib)
		Quark 4.1-480 (quark)
		quick-pack 1.3.2 (quick_pack)
		Rechiseled 1.2.4 (rechiseled)
		Rechiseled: Chipped 1.3 (rechiseled_chipped)
		Rechiseled: Create 1.1.0 (rechiseledcreate)
		Recipes For Create 1.2.1 (recipesforcreate)
		Reconnectible Chains 2.1.0 (connectiblechains)
		Regions Unexplored 0.6.1 (regions_unexplored)
		Reintegrated Chipped 1.0.0 (reintegrated_chipped)
		Resourceful Lib 3.0.12 (resourcefullib)
		Resourcefulconfig 3.0.11 (resourcefulconfig)
		Ritchie's Projectile Library 2.1.2 (ritchiesprojectilelib)
		Sable 2.0.3 (sable)
		Sable Companion 1.6.0 (sablecompanion)
		Sable: Physics Compat 1.3.0 (sablephysicscompat)
		Scholar 1.2.0 (scholar)
		Seamless Sleep 2.5.3 (seamlesssleep)
		ServerCore 1.5.17+1.21.1 (servercore)
		Sinytra Connector 2.0.0-beta.14+1.21.1 (connector)
		Smarter Farmers 1.21-2.2.4 (smarterfarmers)
		Sound Physics Remastered 1.21.1-1.5.1 (sound_physics_remastered)
		SpruceUI 6.2.5+1.21.1 (spruceui)
		squaremap 1.3.2 (squaremap)
		Statue Menus 21.1.0 (statuemenus)
		Still Life 1.0 (mr_still_life)
		Structure Layout Optimizer 1.0.12 (structure_layout_optimizer)
		SuperMartijn642's Config Library 1.1.8 (supermartijn642configlib)
		SuperMartijn642's Core Lib 1.1.21 (supermartijn642corelib)
		Supplementaries 1.21.1-3.6.8 (supplementaries)
		TerraBlender 4.1.0.8 (terrablender)
		Towns and Towers 1.13.9 (t_and_t)
		TrashSlot 21.1.11 (trashslot)
		TxniLib 1.0.24 (txnilib)
		VanillaBackport 1.1.7.10 (vanillabackport)
		Veil 4.1.4 (veil)
		Watchtower 1.1.0 (watchtower)
		Xaero's Minimap 25.3.2 (xaerominimap)
		Xaero's World Map 1.40.2 (xaeroworldmap)
		XaeroLib 1.0.42 (xaerolib)
		Yeetus Experimentus 87.0.0 (yeetusexperimentus)
		YetAnotherConfigLib 3.8.2+1.21.1-neoforge (yet_another_config_lib_v3)
		Yumi Minecraft Libraries: Foundation 1.0.0-beta.1+1.21.1 (yumi_mc_core)
		YUNG's API 1.21.1-NeoForge-5.1.6 (yungsapi)
		YUNG's Better Desert Temples 1.21.1-NeoForge-4.1.5 (betterdeserttemples)
		YUNG's Better Dungeons 1.21.1-NeoForge-5.1.4 (betterdungeons)
		YUNG's Better End Island 1.21.1-NeoForge-3.1.2 (betterendisland)
		YUNG's Better Mineshafts 1.21.1-NeoForge-5.1.1 (bettermineshafts)
		YUNG's Better Nether Fortresses 1.21.1-NeoForge-3.1.5 (betterfortresses)
		YUNG's Better Ocean Monuments 1.21.1-NeoForge-4.1.2 (betteroceanmonuments)
		YUNG's Better Strongholds 1.21.1-NeoForge-5.1.3 (betterstrongholds)
		YUNG's Better Witch Huts 1.21.1-NeoForge-4.1.1 (betterwitchhuts)
		YUNG's Bridges 1.21.1-NeoForge-5.1.1 (yungsbridges)
		YUNG's Extras 1.21.1-NeoForge-5.1.1 (yungsextras)
		Zeta 1.1-40 (zeta)
[20Jul2026 16:47:34.476] [main/DEBUG] [net.neoforged.fml.loading.moddiscovery.ModFileParser/LOADING]: Considering mod file candidate /var/opt/minecraft/crafty/crafty-4/servers/f208f13f-03b8-42f4-b07e-02f1dff6f964/mods/YungsBetterDungeons-1.21.1-NeoForge-5.1.4.jar
[20Jul2026 16:47:34.477] [main/DEBUG] [net.neoforged.fml.loading.moddiscovery.ModFileInfo/LOADING]: Found valid mod file YungsBetterDungeons-1.21.1-NeoForge-5.1.4.jar with {betterdungeons} mods - versions {1.21.1-NeoForge-5.1.4}
[20Jul2026 16:47:34.477] [main/DEBUG] [net.neoforged.fml.loading.moddiscovery.ModFile/LOADING]: Loading mod file /var/opt/minecraft/crafty/crafty-4/servers/f208f13f-03b8-42f4-b07e-02f1dff6f964/mods/YungsBetterDungeons-1.21.1-NeoForge-5.1.4.jar with languages [LanguageSpec[languageName=javafml, acceptedVersions=[4,)]]
[20Jul2026 16:47:34.478] [main/DEBUG] [net.neoforged.fml.loading.moddiscovery.ModFile/LOADING]: Found mixin config MixinConfig[config=betterdungeons.mixins.json, requiredMods=[]]
[20Jul2026 16:47:34.478] [main/DEBUG] [net.neoforged.fml.loading.moddiscovery.ModFileParser/LOADING]: Considering mod file candidate /var/opt/minecraft/crafty/crafty-4/servers/f208f13f-03b8-42f4-b07e-02f1dff6f964/mods/Almanac-1.21.1-2-neoforge-1.5.2.jar
[20Jul2026 16:47:34.478] [main/DEBUG] [net.neoforged.fml.loading.moddiscovery.ModFileInfo/LOADING]: Found valid mod file Almanac-1.21.1-2-neoforge-1.5.2.jar with {almanac} mods - versions {1.5.2}
[20Jul2026 16:47:34.478] [main/DEBUG] [net.neoforged.fml.loading.moddiscovery.ModFile/LOADING]: Loading mod file /var/opt/minecraft/crafty/crafty-4/servers/f208f13f-03b8-42f4-b07e-02f1dff6f964/mods/Almanac-1.21.1-2-neoforge-1.5.2.jar with languages [LanguageSpec[languageName=javafml, acceptedVersions=[2,)]]
[20Jul2026 16:47:34.478] [main/DEBUG] [net.neoforged.fml.loading.moddiscovery.ModFile/LOADING]: Found mixin config MixinConfig[config=almanac.mixins.json, requiredMods=[]]
[20Jul2026 16:47:34.478] [main/DEBUG] [net.neoforged.fml.loading.moddiscovery.ModFileParser/LOADING]: Considering mod file candidate 
[20Jul2026 16:47:34.478] [main/DEBUG] [net.neoforged.fml.loading.moddiscovery.ModFileInfo/LOADING]: Found valid mod file kubejs-bridge-1.12.1+1.21.1.jar with {connectorextras_kubejs_bridge} mods - versions {1.12.1+1.21.1}
[20Jul2026 16:47:34.478] [main/DEBUG] [net.neoforged.fml.loading.moddiscovery.ModFile/LOADING]: Loading mod file  with languages [LanguageSpec[languageName=javafml, acceptedVersions=*]]
[20Jul2026 16:47:34.478] [main/DEBUG] [net.neoforged.fml.loading.moddiscovery.ModFile/LOADING]: Found mixin config MixinConfig[config=mixins.connectorextras_kubejs_bridge.json, requiredMods=[]]
[20Jul2026 16:47:34.478] [main/DEBUG] [net.neoforged.fml.loading.moddiscovery.ModFileInfo/LOADING]: Found valid mod file squaremap-fabric-mc1.21.1-1.3.2$cardinal-components-entity-6.1.1_mapped_moj_1.21.1.jar with {cardinal_components_entity} mods - versions {6.1.1}
[20Jul2026 16:47:34.478] [main/DEBUG] [net.neoforged.fml.loading.moddiscovery.ModFile/LOADING]: Loading mod file /var/opt/minecraft/crafty/crafty-4/servers/f208f13f-03b8-42f4-b07e-02f1dff6f964/mods/.connector/squaremap-fabric-mc1.21.1-1.3.2$cardinal-components-entity-6.1.1_mapped_moj_1.21.1.jar with languages [LanguageSpec[languageName=javafml, acceptedVersions=[0,)]]
[20Jul2026 16:47:34.478] [main/DEBUG] [net.neoforged.fml.loading.moddiscovery.ModFile/LOADING]: Found mixin config MixinConfig[config=mixins.cardinal_components_entity.json, requiredMods=[]]
[20Jul2026 16:47:34.478] [main/DEBUG] [net.neoforged.fml.loading.moddiscovery.ModFileParser/LOADING]: Considering mod file candidate 
[20Jul2026 16:47:34.479] [main/DEBUG] [net.neoforged.fml.loading.moddiscovery.ModFileInfo/LOADING]: Found valid mod file fabric-rendering-fluids-v1-3.1.6+a51883b219.jar with {fabric_rendering_fluids_v1} mods - versions {3.1.6+a51883b219}
[20Jul2026 16:47:34.479] [main/DEBUG] [net.neoforged.fml.loading.moddiscovery.ModFile/LOADING]: Loading mod file  with languages [LanguageSpec[languageName=javafml, acceptedVersions=[1,)]]
[20Jul2026 16:47:34.479] [main/DEBUG] [net.neoforged.fml.loading.moddiscovery.ModFile/LOADING]: Found mixin config MixinConfig[config=fabric-rendering-fluids-v1.mixins.json, requiredMods=[]]
[20Jul2026 16:47:34.479] [main/DEBUG] [net.neoforged.fml.loading.moddiscovery.ModFileParser/LOADING]: Considering mod file candidate 
[20Jul2026 16:47:34.479] [main/DEBUG] [net.neoforged.fml.loading.moddiscovery.ModFileInfo/LOADING]: Found valid mod file com.kneelawk.extra-mod-integrations.extra-mod-integrations-pneumaticcraft-neoforge-1.0.3+1.21.1.jar with {extra_mod_integrations_pneumaticcraft} mods - versions {1.0.3+1.21.1}
[20Jul2026 16:47:34.479] [main/DEBUG] [net.neoforged.fml.loading.moddiscovery.ModFile/LOADING]: Loading mod file  with languages [LanguageSpec[languageName=javafml, acceptedVersions=[1,)]]
[20Jul2026 16:47:34.479] [main/DEBUG] [net.neoforged.fml.loading.moddiscovery.ModFileParser/LOADING]: Considering mod file candidate 
[20Jul2026 16:47:34.479] [main/DEBUG] [net.neoforged.fml.loading.moddiscovery.ModFileInfo/LOADING]: Found valid mod file c2me-fixes-general-threading-issues-mc1.21.1-0.3.0+alpha.0.93.jar with {c2me_fixes_general_threading_issues} mods - versions {0.3.0+alpha.0.93+1.21.1}
[20Jul2026 16:47:34.479] [main/DEBUG] [net.neoforged.fml.loading.moddiscovery.ModFile/LOADING]: Loading mod file  with languages [LanguageSpec[languageName=lowcodefml, acceptedVersions=*]]
[20Jul2026 16:47:34.479] [main/DEBUG] [net.neoforged.fml.loading.moddiscovery.ModFile/LOADING]: Found mixin config MixinConfig[config=c2me-fixes-general-threading-issues.mixins.json, requiredMods=[]]
[20Jul2026 16:47:34.479] [main/DEBUG] [net.neoforged.fml.loading.moddiscovery.ModFileParser/LOADING]: Considering mod file candidate /var/opt/minecraft/crafty/crafty-4/servers/f208f13f-03b8-42f4-b07e-02f1dff6f964/libraries/net/neoforged/neoforge/21.1.233/neoforge-21.1.233-universal.jar
[20Jul2026 16:47:34.479] [main/DEBUG] [net.neoforged.fml.loading.moddiscovery.ModFileInfo/LOADING]: Found valid mod file neoforge-21.1.233-universal.jar with {neoforge} mods - versions {21.1.233}
[20Jul2026 16:47:34.479] [main/DEBUG] [net.neoforged.fml.loading.moddiscovery.ModFile/LOADING]: Loading mod file /var/opt/minecraft/crafty/crafty-4/servers/f208f13f-03b8-42f4-b07e-02f1dff6f964/libraries/net/neoforged/neoforge/21.1.233/neoforge-21.1.233-universal.jar with languages [LanguageSpec[languageName=javafml, acceptedVersions=[3,]]]
[20Jul2026 16:47:34.479] [main/DEBUG] [net.neoforged.fml.loading.moddiscovery.ModFile/LOADING]: Found mixin config MixinConfig[config=neoforge.mixins.json, requiredMods=[]]
[20Jul2026 16:47:34.479] [main/DEBUG] [net.neoforged.fml.loading.moddiscovery.ModFileParser/LOADING]: Considering mod file candidate /var/opt/minecraft/crafty/crafty-4/servers/f208f13f-03b8-42f4-b07e-02f1dff6f964/mods/modernfix-neoforge-5.27.12+mc1.21.1.jar
[20Jul2026 16:47:34.479] [main/DEBUG] [net.neoforged.fml.loading.moddiscovery.ModFileInfo/LOADING]: Found valid mod file modernfix-neoforge-5.27.12+mc1.21.1.jar with {modernfix} mods - versions {5.27.12+mc1.21.1}
[20Jul2026 16:47:34.479] [main/DEBUG] [net.neoforged.fml.loading.moddiscovery.ModFile/LOADING]: Loading mod file /var/opt/minecraft/crafty/crafty-4/servers/f208f13f-03b8-42f4-b07e-02f1dff6f964/mods/modernfix-neoforge-5.27.12+mc1.21.1.jar with languages [LanguageSpec[languageName=javafml, acceptedVersions=[1,)]]
[20Jul2026 16:47:34.479] [main/DEBUG] [net.neoforged.fml.loading.moddiscovery.ModFile/LOADING]: Found mixin config MixinConfig[config=modernfix-modernfix.mixins.json, requiredMods=[]]
[20Jul2026 16:47:34.479] [main/DEBUG] [net.neoforged.fml.loading.moddiscovery.ModFileParser/LOADING]: Considering mod file candidate 
[20Jul2026 16:47:34.480] [main/DEBUG] [net.neoforged.fml.loading.moddiscovery.ModFileInfo/LOADING]: Found valid mod file fabric-command-api-v2-2.2.28+36d727be19.jar with {fabric_command_api_v2} mods - versions {2.2.28+36d727be19}
[20Jul2026 16:47:34.480] [main/DEBUG] [net.neoforged.fml.loading.moddiscovery.ModFile/LOADING]: Loading mod file  with languages [LanguageSpec[languageName=javafml, acceptedVersions=[1,)]]
[20Jul2026 16:47:34.480] [main/DEBUG] [net.neoforged.fml.loading.moddiscovery.ModFile/LOADING]: Found mixin config MixinConfig[config=fabric-command-api-v2.mixins.json, requiredMods=[]]
[20Jul2026 16:47:34.480] [main/DEBUG] [net.neoforged.fml.loading.moddiscovery.ModFile/LOADING]: Found mixin config MixinConfig[config=fabric-command-api-v2.client.mixins.json, requiredMods=[]]
[20Jul2026 16:47:34.480] [main/DEBUG] [net.neoforged.fml.loading.moddiscovery.ModFileParser/LOADING]: Considering mod file candidate 
[20Jul2026 16:47:34.480] [main/DEBUG] [net.neoforged.fml.loading.moddiscovery.ModFileInfo/LOADING]: Found valid mod file fabric-block-view-api-v2-1.0.11+e9036fd419.jar with {fabric_block_view_api_v2} mods - versions {1.0.11+e9036fd419}
[20Jul2026 16:47:34.480] [main/DEBUG] [net.neoforged.fml.loading.moddiscovery.ModFile/LOADING]: Loading mod file  with languages [LanguageSpec[languageName=javafml, acceptedVersions=[1,)]]
[20Jul2026 16:47:34.480] [main/DEBUG] [net.neoforged.fml.loading.moddiscovery.ModFile/LOADING]: Found mixin config MixinConfig[config=fabric-block-view-api-v2.mixins.json, requiredMods=[]]
[20Jul2026 16:47:34.480] [main/DEBUG] [net.neoforged.fml.loading.moddiscovery.ModFile/LOADING]: Found mixin config MixinConfig[config=fabric-block-view-api-v2.client.mixins.json, requiredMods=[]]
[20Jul2026 16:47:34.480] [main/DEBUG] [net.neoforged.fml.loading.moddiscovery.ModFileParser/LOADING]: Considering mod file candidate /var/opt/minecraft/crafty/crafty-4/servers/f208f13f-03b8-42f4-b07e-02f1dff6f964/mods/netherite_horse_armor-neoforge-1.21.1-2.0a.jar
[20Jul2026 16:47:34.481] [main/DEBUG] [net.neoforged.fml.loading.moddiscovery.ModFileInfo/LOADING]: Found valid mod file netherite_horse_armor-neoforge-1.21.1-2.0a.jar with {netherite_horse_armor} mods - versions {1.21.1-2.0a}
[20Jul2026 16:47:34.481] [main/DEBUG] [net.neoforged.fml.loading.moddiscovery.ModFile/LOADING]: Loading mod file /var/opt/minecraft/crafty/crafty-4/servers/f208f13f-03b8-42f4-b07e-02f1dff6f964/mods/netherite_horse_armor-neoforge-1.21.1-2.0a.jar with languages [LanguageSpec[languageName=javafml, acceptedVersions=[1,)]]
[20Jul2026 16:47:34.482] [main/DEBUG] [net.neoforged.fml.loading.moddiscovery.ModFile/LOADING]: Found mixin config MixinConfig[config=netherite_horse_armor.mixins.json, requiredMods=[]]
[20Jul2026 16:47:34.482] [main/DEBUG] [net.neoforged.fml.loading.moddiscovery.ModFileParser/LOADING]: Considering mod file candidate /var/opt/minecraft/crafty/crafty-4/servers/f208f13f-03b8-42f4-b07e-02f1dff6f964/mods/YungsApi-1.21.1-NeoForge-5.1.6.jar
[20Jul2026 16:47:34.482] [main/DEBUG] [net.neoforged.fml.loading.moddiscovery.ModFileInfo/LOADING]: Found valid mod file YungsApi-1.21.1-NeoForge-5.1.6.jar with {yungsapi} mods - versions {1.21.1-NeoForge-5.1.6}
[20Jul2026 16:47:34.482] [main/DEBUG] [net.neoforged.fml.loading.moddiscovery.ModFile/LOADING]: Loading mod file /var/opt/minecraft/crafty/crafty-4/servers/f208f13f-03b8-42f4-b07e-02f1dff6f964/mods/YungsApi-1.21.1-NeoForge-5.1.6.jar with languages [LanguageSpec[languageName=javafml, acceptedVersions=[4,)]]
[20Jul2026 16:47:34.482] [main/DEBUG] [net.neoforged.fml.loading.moddiscovery.ModFile/LOADING]: Found mixin config MixinConfig[config=yungsapi.mixins.json, requiredMods=[]]
[20Jul2026 16:47:34.482] [main/DEBUG] [net.neoforged.fml.loading.moddiscovery.ModFile/LOADING]: Found mixin config MixinConfig[config=yungsapi_neoforge.mixins.json, requiredMods=[]]
[20Jul2026 16:47:34.482] [main/DEBUG] [net.neoforged.fml.loading.moddiscovery.ModFileParser/LOADING]: Considering mod file candidate /var/opt/minecraft/crafty/crafty-4/servers/f208f13f-03b8-42f4-b07e-02f1dff6f964/mods/rechiseled_chipped-2.0-1.21.1.jar
[20Jul2026 16:47:34.482] [main/DEBUG] [net.neoforged.fml.loading.moddiscovery.ModFileInfo/LOADING]: Found valid mod file rechiseled_chipped-2.0-1.21.1.jar with {rechiseled_chipped} mods - versions {1.3}
[20Jul2026 16:47:34.482] [main/DEBUG] [net.neoforged.fml.loading.moddiscovery.ModFile/LOADING]: Loading mod file /var/opt/minecraft/crafty/crafty-4/servers/f208f13f-03b8-42f4-b07e-02f1dff6f964/mods/rechiseled_chipped-2.0-1.21.1.jar with languages [LanguageSpec[languageName=javafml, acceptedVersions=[4,)]]
[20Jul2026 16:47:34.482] [main/DEBUG] [net.neoforged.fml.loading.moddiscovery.ModFile/LOADING]: Found mixin config MixinConfig[config=rechiseled_chipped.mixins.json, requiredMods=[]]
[20Jul2026 16:47:34.482] [main/DEBUG] [net.neoforged.fml.loading.moddiscovery.ModFileParser/LOADING]: Considering mod file candidate 
[20Jul2026 16:47:34.482] [main/DEBUG] [net.neoforged.fml.loading.moddiscovery.ModFileInfo/LOADING]: Found valid mod file rei-bridge-1.12.1+1.21.1.jar with {connectorextras_rei_bridge} mods - versions {1.12.1+1.21.1}
[20Jul2026 16:47:34.482] [main/DEBUG] [net.neoforged.fml.loading.moddiscovery.ModFile/LOADING]: Loading mod file  with languages [LanguageSpec[languageName=javafml, acceptedVersions=*]]
[20Jul2026 16:47:34.482] [main/DEBUG] [net.neoforged.fml.loading.moddiscovery.ModFile/LOADING]: Found mixin config MixinConfig[config=mixins.reibridge.json, requiredMods=[]]
[20Jul2026 16:47:34.482] [main/DEBUG] [net.neoforged.fml.loading.moddiscovery.ModFileParser/LOADING]: Considering mod file candidate 
[20Jul2026 16:47:34.483] [main/DEBUG] [net.neoforged.fml.loading.moddiscovery.ModFileInfo/LOADING]: Found valid mod file veil-neoforge-1.21.1-4.1.4.jar with {veil} mods - versions {4.1.4}
[20Jul2026 16:47:34.483] [main/DEBUG] [net.neoforged.fml.loading.moddiscovery.ModFile/LOADING]: Loading mod file  with languages [LanguageSpec[languageName=javafml, acceptedVersions=[4,)]]
[20Jul2026 16:47:34.483] [main/DEBUG] [net.neoforged.fml.loading.moddiscovery.ModFile/LOADING]: Found mixin config MixinConfig[config=veil.command.mixins.json, requiredMods=[]]
[20Jul2026 16:47:34.483] [main/DEBUG] [net.neoforged.fml.loading.moddiscovery.ModFile/LOADING]: Found mixin config MixinConfig[config=veil.debug.mixins.json, requiredMods=[]]
[20Jul2026 16:47:34.483] [main/DEBUG] [net.neoforged.fml.loading.moddiscovery.ModFile/LOADING]: Found mixin config MixinConfig[config=veil.dynamicbuffer.mixins.json, requiredMods=[]]
[20Jul2026 16:47:34.483] [main/DEBUG] [net.neoforged.fml.loading.moddiscovery.ModFile/LOADING]: Found mixin config MixinConfig[config=veil.fix.mixins.json, requiredMods=[]]
[20Jul2026 16:47:34.483] [main/DEBUG] [net.neoforged.fml.loading.moddiscovery.ModFile/LOADING]: Found mixin config MixinConfig[config=veil.framebuffer.mixins.json, requiredMods=[]]
[20Jul2026 16:47:34.483] [main/DEBUG] [net.neoforged.fml.loading.moddiscovery.ModFile/LOADING]: Found mixin config MixinConfig[config=veil.necromancer.mixins.json, requiredMods=[]]
[20Jul2026 16:47:34.483] [main/DEBUG] [net.neoforged.fml.loading.moddiscovery.ModFile/LOADING]: Found mixin config MixinConfig[config=veil.network.mixins.json, requiredMods=[]]
[20Jul2026 16:47:34.483] [main/DEBUG] [net.neoforged.fml.loading.moddiscovery.ModFile/LOADING]: Found mixin config MixinConfig[config=veil.performance.mixins.json, requiredMods=[]]
[20Jul2026 16:47:34.483] [main/DEBUG] [net.neoforged.fml.loading.moddiscovery.ModFile/LOADING]: Found mixin config MixinConfig[config=veil.perspective.mixins.json, requiredMods=[]]
[20Jul2026 16:47:34.483] [main/DEBUG] [net.neoforged.fml.loading.moddiscovery.ModFile/LOADING]: Found mixin config MixinConfig[config=veil.pipeline.mixins.json, requiredMods=[]]
[20Jul2026 16:47:34.483] [main/DEBUG] [net.neoforged.fml.loading.moddiscovery.ModFile/LOADING]: Found mixin config MixinConfig[config=veil.quasar.mixins.json, requiredMods=[]]
[20Jul2026 16:47:34.483] [main/DEBUG] [net.neoforged.fml.loading.moddiscovery.ModFile/LOADING]: Found mixin config MixinConfig[config=veil.registry.mixins.json, requiredMods=[]]
[20Jul2026 16:47:34.483] [main/DEBUG] [net.neoforged.fml.loading.moddiscovery.ModFile/LOADING]: Found mixin config MixinConfig[config=veil.rendertype.mixins.json, requiredMods=[]]
[20Jul2026 16:47:34.483] [main/DEBUG] [net.neoforged.fml.loading.moddiscovery.ModFile/LOADING]: Found mixin config MixinConfig[config=veil.resource.mixins.json, requiredMods=[]]
[20Jul2026 16:47:34.483] [main/DEBUG] [net.neoforged.fml.loading.moddiscovery.ModFile/LOADING]: Found mixin config MixinConfig[config=veil.scheduler.mixins.json, requiredMods=[]]
[20Jul2026 16:47:34.483] [main/DEBUG] [net.neoforged.fml.loading.moddiscovery.ModFile/LOADING]: Found mixin config MixinConfig[config=veil.shader.mixins.json, requiredMods=[]]
[20Jul2026 16:47:34.483] [main/DEBUG] [net.neoforged.fml.loading.moddiscovery.ModFile/LOADING]: Found mixin config MixinConfig[config=veil.neoforge.mixins.json, requiredMods=[]]
[20Jul2026 16:47:34.483] [main/DEBUG] [net.neoforged.fml.loading.moddiscovery.ModFileParser/LOADING]: Considering mod file candidate /var/opt/minecraft/crafty/crafty-4/servers/f208f13f-03b8-42f4-b07e-02f1dff6f964/mods/kambrik-neoforge-8.0.0-beta.2.jar
[20Jul2026 16:47:34.483] [main/DEBUG] [net.neoforged.fml.loading.moddiscovery.ModFileInfo/LOADING]: Found valid mod file kambrik-neoforge-8.0.0-beta.2.jar with {kambrik} mods - versions {8.0.0-beta.2}
[20Jul2026 16:47:34.483] [main/DEBUG] [net.neoforged.fml.loading.moddiscovery.ModFile/LOADING]: Loading mod file /var/opt/minecraft/crafty/crafty-4/servers/f208f13f-03b8-42f4-b07e-02f1dff6f964/mods/kambrik-neoforge-8.0.0-beta.2.jar with languages [LanguageSpec[languageName=kotlinforforge, acceptedVersions=[5,)]]
[20Jul2026 16:47:34.483] [main/DEBUG] [net.neoforged.fml.loading.moddiscovery.ModFile/LOADING]: Found mixin config MixinConfig[config=kambrik.mixins.json, requiredMods=[]]
[20Jul2026 16:47:34.483] [main/DEBUG] [net.neoforged.fml.loading.moddiscovery.ModFileParser/LOADING]: Considering mod file candidate 
[20Jul2026 16:47:34.483] [main/DEBUG] [net.neoforged.fml.loading.moddiscovery.ModFileInfo/LOADING]: Found valid mod file biolith-neoforge-3.0.10.jar with {biolith} mods - versions {3.0.10}
[20Jul2026 16:47:34.483] [main/DEBUG] [net.neoforged.fml.loading.moddiscovery.ModFile/LOADING]: Loading mod file  with languages [LanguageSpec[languageName=javafml, acceptedVersions=[1,)]]
[20Jul2026 16:47:34.483] [main/DEBUG] [net.neoforged.fml.loading.moddiscovery.ModFile/LOADING]: Found mixin config MixinConfig[config=biolith.mixins.json, requiredMods=[]]
[20Jul2026 16:47:34.483] [main/DEBUG] [net.neoforged.fml.loading.moddiscovery.ModFile/LOADING]: Found mixin config MixinConfig[config=biolith.neoforge.mixins.json, requiredMods=[]]
[20Jul2026 16:47:34.483] [main/DEBUG] [net.neoforged.fml.loading.moddiscovery.ModFileParser/LOADING]: Considering mod file candidate /var/opt/minecraft/crafty/crafty-4/servers/f208f13f-03b8-42f4-b07e-02f1dff6f964/mods/createdieselgenerators-1.21.1-1.3.13.jar
[20Jul2026 16:47:34.483] [main/DEBUG] [net.neoforged.fml.loading.moddiscovery.ModFileInfo/LOADING]: Found valid mod file createdieselgenerators-1.21.1-1.3.13.jar with {createdieselgenerators} mods - versions {1.21.1-1.3.13}
[20Jul2026 16:47:34.484] [main/DEBUG] [net.neoforged.fml.loading.moddiscovery.ModFile/LOADING]: Loading mod file /var/opt/minecraft/crafty/crafty-4/servers/f208f13f-03b8-42f4-b07e-02f1dff6f964/mods/createdieselgenerators-1.21.1-1.3.13.jar with languages [LanguageSpec[languageName=javafml, acceptedVersions=[1,)]]
[20Jul2026 16:47:34.484] [main/DEBUG] [net.neoforged.fml.loading.moddiscovery.ModFile/LOADING]: Found mixin config MixinConfig[config=createdieselgenerators.mixins.json, requiredMods=[]]
[20Jul2026 16:47:34.484] [main/DEBUG] [net.neoforged.fml.loading.moddiscovery.ModFileParser/LOADING]: Considering mod file candidate /var/opt/minecraft/crafty/crafty-4/servers/f208f13f-03b8-42f4-b07e-02f1dff6f964/mods/cloth-config-15.0.140-neoforge.jar
[20Jul2026 16:47:34.484] [main/DEBUG] [net.neoforged.fml.loading.moddiscovery.ModFileInfo/LOADING]: Found valid mod file cloth-config-15.0.140-neoforge.jar with {cloth_config} mods - versions {15.0.140}
[20Jul2026 16:47:34.484] [main/DEBUG] [net.neoforged.fml.loading.moddiscovery.ModFile/LOADING]: Loading mod file /var/opt/minecraft/crafty/crafty-4/servers/f208f13f-03b8-42f4-b07e-02f1dff6f964/mods/cloth-config-15.0.140-neoforge.jar with languages [LanguageSpec[languageName=javafml, acceptedVersions=[1,)]]
[20Jul2026 16:47:34.484] [main/DEBUG] [net.neoforged.fml.loading.moddiscovery.ModFileParser/LOADING]: Considering mod file candidate /var/opt/minecraft/crafty/crafty-4/servers/f208f13f-03b8-42f4-b07e-02f1dff6f964/mods/YungsBetterNetherFortresses-1.21.1-NeoForge-3.1.5.jar
[20Jul2026 16:47:34.484] [main/DEBUG] [net.neoforged.fml.loading.moddiscovery.ModFileInfo/LOADING]: Found valid mod file YungsBetterNetherFortresses-1.21.1-NeoForge-3.1.5.jar with {betterfortresses} mods - versions {1.21.1-NeoForge-3.1.5}
[20Jul2026 16:47:34.484] [main/DEBUG] [net.neoforged.fml.loading.moddiscovery.ModFile/LOADING]: Loading mod file /var/opt/minecraft/crafty/crafty-4/servers/f208f13f-03b8-42f4-b07e-02f1dff6f964/mods/YungsBetterNetherFortresses-1.21.1-NeoForge-3.1.5.jar with languages [LanguageSpec[languageName=javafml, acceptedVersions=[4,)]]
[20Jul2026 16:47:34.484] [main/DEBUG] [net.neoforged.fml.loading.moddiscovery.ModFile/LOADING]: Found mixin config MixinConfig[config=betterfortresses.mixins.json, requiredMods=[]]
[20Jul2026 16:47:34.484] [main/DEBUG] [net.neoforged.fml.loading.moddiscovery.ModFileParser/LOADING]: Considering mod file candidate /var/opt/minecraft/crafty/crafty-4/servers/f208f13f-03b8-42f4-b07e-02f1dff6f964/mods/supplementaries-neoforge-1.21.1-3.6.8.jar
[20Jul2026 16:47:34.484] [main/DEBUG] [net.neoforged.fml.loading.moddiscovery.ModFileInfo/LOADING]: Found valid mod file supplementaries-neoforge-1.21.1-3.6.8.jar with {supplementaries} mods - versions {1.21.1-3.6.8}
[20Jul2026 16:47:34.484] [main/DEBUG] [net.neoforged.fml.loading.moddiscovery.ModFile/LOADING]: Loading mod file /var/opt/minecraft/crafty/crafty-4/servers/f208f13f-03b8-42f4-b07e-02f1dff6f964/mods/supplementaries-neoforge-1.21.1-3.6.8.jar with languages [LanguageSpec[languageName=javafml, acceptedVersions=*]]
[20Jul2026 16:47:34.484] [main/DEBUG] [net.neoforged.fml.loading.moddiscovery.ModFile/LOADING]: Found mixin config MixinConfig[config=supplementaries.mixins.json, requiredMods=[]]
[20Jul2026 16:47:34.484] [main/DEBUG] [net.neoforged.fml.loading.moddiscovery.ModFile/LOADING]: Found mixin config MixinConfig[config=supplementaries-common.mixins.json, requiredMods=[]]
[20Jul2026 16:47:34.484] [main/DEBUG] [net.neoforged.fml.loading.moddiscovery.ModFileParser/LOADING]: Considering mod file candidate /var/opt/minecraft/crafty/crafty-4/servers/f208f13f-03b8-42f4-b07e-02f1dff6f964/mods/moredensityfunctions-neoforge-1.21.1-2.3.0.jar
[20Jul2026 16:47:34.484] [main/DEBUG] [net.neoforged.fml.loading.moddiscovery.ModFileInfo/LOADING]: Found valid mod file moredensityfunctions-neoforge-1.21.1-2.3.0.jar with {moredensityfunctions} mods - versions {2.3.0}
[20Jul2026 16:47:34.484] [main/DEBUG] [net.neoforged.fml.loading.moddiscovery.ModFile/LOADING]: Loading mod file /var/opt/minecraft/crafty/crafty-4/servers/f208f13f-03b8-42f4-b07e-02f1dff6f964/mods/moredensityfunctions-neoforge-1.21.1-2.3.0.jar with languages [LanguageSpec[languageName=javafml, acceptedVersions=[4,)]]
[20Jul2026 16:47:34.484] [main/DEBUG] [net.neoforged.fml.loading.moddiscovery.ModFile/LOADING]: Found mixin config MixinConfig[config=moredensityfunctions.mixins.json, requiredMods=[]]
[20Jul2026 16:47:34.484] [main/DEBUG] [net.neoforged.fml.loading.moddiscovery.ModFile/LOADING]: Found mixin config MixinConfig[config=moredensityfunctions.neoforge.mixins.json, requiredMods=[]]
[20Jul2026 16:47:34.484] [main/DEBUG] [net.neoforged.fml.loading.moddiscovery.ModFileParser/LOADING]: Considering mod file candidate /var/opt/minecraft/crafty/crafty-4/servers/f208f13f-03b8-42f4-b07e-02f1dff6f964/mods/improved-village-placement-1.1.1.jar
[20Jul2026 16:47:34.484] [main/DEBUG] [net.neoforged.fml.loading.moddiscovery.ModFileInfo/LOADING]: Found valid mod file improved-village-placement-1.1.1.jar with {improved_village_placement} mods - versions {1.1.2}
[20Jul2026 16:47:34.484] [main/DEBUG] [net.neoforged.fml.loading.moddiscovery.ModFile/LOADING]: Loading mod file /var/opt/minecraft/crafty/crafty-4/servers/f208f13f-03b8-42f4-b07e-02f1dff6f964/mods/improved-village-placement-1.1.1.jar with languages [LanguageSpec[languageName=lowcodefml, acceptedVersions=[1,)]]
[20Jul2026 16:47:34.484] [main/DEBUG] [net.neoforged.fml.loading.moddiscovery.ModFileParser/LOADING]: Considering mod file candidate /var/opt/minecraft/crafty/crafty-4/servers/f208f13f-03b8-42f4-b07e-02f1dff6f964/mods/createprism-1.2.2.jar
[20Jul2026 16:47:34.485] [main/DEBUG] [net.neoforged.fml.loading.moddiscovery.ModFileInfo/LOADING]: Found valid mod file createprism-1.2.2.jar with {createprism} mods - versions {1.2.2}
[20Jul2026 16:47:34.485] [main/DEBUG] [net.neoforged.fml.loading.moddiscovery.ModFile/LOADING]: Loading mod file /var/opt/minecraft/crafty/crafty-4/servers/f208f13f-03b8-42f4-b07e-02f1dff6f964/mods/createprism-1.2.2.jar with languages [LanguageSpec[languageName=javafml, acceptedVersions=[4,)]]
[20Jul2026 16:47:34.485] [main/DEBUG] [net.neoforged.fml.loading.moddiscovery.ModFile/LOADING]: Found mixin config MixinConfig[config=createprism.mixins.json, requiredMods=[]]
[20Jul2026 16:47:34.485] [main/DEBUG] [net.neoforged.fml.loading.moddiscovery.ModFileParser/LOADING]: Considering mod file candidate /var/opt/minecraft/crafty/crafty-4/servers/f208f13f-03b8-42f4-b07e-02f1dff6f964/mods/gml-6.0.2.jar
[20Jul2026 16:47:34.485] [main/DEBUG] [net.neoforged.fml.loading.moddiscovery.ModFileInfo/LOADING]: Found valid mod file gml-6.0.2.jar with {gml} mods - versions {6.0.2}
[20Jul2026 16:47:34.485] [main/DEBUG] [net.neoforged.fml.loading.moddiscovery.ModFile/LOADING]: Loading mod file /var/opt/minecraft/crafty/crafty-4/servers/f208f13f-03b8-42f4-b07e-02f1dff6f964/mods/gml-6.0.2.jar with languages [LanguageSpec[languageName=gml, acceptedVersions=[7.0.3,)]]
[20Jul2026 16:47:34.485] [main/DEBUG] [net.neoforged.fml.loading.moddiscovery.ModFileParser/LOADING]: Considering mod file candidate /var/opt/minecraft/crafty/crafty-4/servers/f208f13f-03b8-42f4-b07e-02f1dff6f964/mods/Design-n-Decor-1.21.1-2.2b.jar
[20Jul2026 16:47:34.485] [main/DEBUG] [net.neoforged.fml.loading.moddiscovery.ModFileInfo/LOADING]: Found valid mod file Design-n-Decor-1.21.1-2.2b.jar with {dndecor} mods - versions {2.2b}
[20Jul2026 16:47:34.485] [main/DEBUG] [net.neoforged.fml.loading.moddiscovery.ModFile/LOADING]: Loading mod file /var/opt/minecraft/crafty/crafty-4/servers/f208f13f-03b8-42f4-b07e-02f1dff6f964/mods/Design-n-Decor-1.21.1-2.2b.jar with languages [LanguageSpec[languageName=javafml, acceptedVersions=[4,)]]
[20Jul2026 16:47:34.485] [main/DEBUG] [net.neoforged.fml.loading.moddiscovery.ModFile/LOADING]: Found mixin config MixinConfig[config=dndecor.mixins.json, requiredMods=[]]
[20Jul2026 16:47:34.485] [main/DEBUG] [net.neoforged.fml.loading.moddiscovery.ModFileInfo/LOADING]: Found valid mod file squaremap-fabric-mc1.21.1-1.3.2$adventure-platform-fabric-5.14.1_mapped_moj_1.21.1.jar with {adventure_platform_fabric} mods - versions {5.14.1}
[20Jul2026 16:47:34.485] [main/DEBUG] [net.neoforged.fml.loading.moddiscovery.ModFile/LOADING]: Loading mod file /var/opt/minecraft/crafty/crafty-4/servers/f208f13f-03b8-42f4-b07e-02f1dff6f964/mods/.connector/squaremap-fabric-mc1.21.1-1.3.2$adventure-platform-fabric-5.14.1_mapped_moj_1.21.1.jar with languages [LanguageSpec[languageName=javafml, acceptedVersions=[0,)]]
[20Jul2026 16:47:34.485] [main/DEBUG] [net.neoforged.fml.loading.moddiscovery.ModFile/LOADING]: Found mixin config MixinConfig[config=adventure-platform-fabric.parent.mixins.json, requiredMods=[]]
[20Jul2026 16:47:34.485] [main/DEBUG] [net.neoforged.fml.loading.moddiscovery.ModFile/LOADING]: Found mixin config MixinConfig[config=adventure-platform-fabric.mixins.json, requiredMods=[]]
[20Jul2026 16:47:34.485] [main/DEBUG] [net.neoforged.fml.loading.moddiscovery.ModFile/LOADING]: Found mixin config MixinConfig[config=adventure-platform-fabric.accessor.mixins.json, requiredMods=[]]
[20Jul2026 16:47:34.485] [main/DEBUG] [net.neoforged.fml.loading.moddiscovery.ModFileParser/LOADING]: Considering mod file candidate /var/opt/minecraft/crafty/crafty-4/servers/f208f13f-03b8-42f4-b07e-02f1dff6f964/mods/MyNethersDelight-1.21.1-1.10.2.jar
[20Jul2026 16:47:34.485] [main/DEBUG] [net.neoforged.fml.loading.moddiscovery.ModFileInfo/LOADING]: Found valid mod file MyNethersDelight-1.21.1-1.10.2.jar with {mynethersdelight} mods - versions {1.10.2}
[20Jul2026 16:47:34.485] [main/DEBUG] [net.neoforged.fml.loading.moddiscovery.ModFile/LOADING]: Loading mod file /var/opt/minecraft/crafty/crafty-4/servers/f208f13f-03b8-42f4-b07e-02f1dff6f964/mods/MyNethersDelight-1.21.1-1.10.2.jar with languages [LanguageSpec[languageName=javafml, acceptedVersions=[4,)]]
[20Jul2026 16:47:34.485] [main/DEBUG] [net.neoforged.fml.loading.moddiscovery.ModFile/LOADING]: Found mixin config MixinConfig[config=mynethersdelight.mixins.json, requiredMods=[]]
[20Jul2026 16:47:34.485] [main/DEBUG] [net.neoforged.fml.loading.moddiscovery.ModFileParser/LOADING]: Considering mod file candidate 
[20Jul2026 16:47:34.485] [main/DEBUG] [net.neoforged.fml.loading.moddiscovery.ModFileInfo/LOADING]: Found valid mod file cgl-1.21-neoforge-0.5.1.jar with {commongroovylibrary} mods - versions {0.5.1}
[20Jul2026 16:47:34.485] [main/DEBUG] [net.neoforged.fml.loading.moddiscovery.ModFile/LOADING]: Loading mod file  with languages [LanguageSpec[languageName=gml, acceptedVersions=[7.0.0,)]]
[20Jul2026 16:47:34.485] [main/DEBUG] [net.neoforged.fml.loading.moddiscovery.ModFileParser/LOADING]: Considering mod file candidate /var/opt/minecraft/crafty/crafty-4/servers/f208f13f-03b8-42f4-b07e-02f1dff6f964/mods/dungeons-and-taverns-v4.4.4.jar
[20Jul2026 16:47:34.485] [main/DEBUG] [net.neoforged.fml.loading.moddiscovery.ModFileInfo/LOADING]: Found valid mod file dungeons-and-taverns-v4.4.4.jar with {mr_dungeons_andtaverns} mods - versions {1-v4.4.4}
[20Jul2026 16:47:34.485] [main/DEBUG] [net.neoforged.fml.loading.moddiscovery.ModFile/LOADING]: Loading mod file /var/opt/minecraft/crafty/crafty-4/servers/f208f13f-03b8-42f4-b07e-02f1dff6f964/mods/dungeons-and-taverns-v4.4.4.jar with languages [LanguageSpec[languageName=javafml, acceptedVersions=[1,)]]
[20Jul2026 16:47:34.485] [main/DEBUG] [net.neoforged.fml.loading.moddiscovery.ModFileParser/LOADING]: Considering mod file candidate /var/opt/minecraft/crafty/crafty-4/servers/f208f13f-03b8-42f4-b07e-02f1dff6f964/mods/YungsExtras-1.21.1-NeoForge-5.1.1.jar
[20Jul2026 16:47:34.486] [main/DEBUG] [net.neoforged.fml.loading.moddiscovery.ModFileInfo/LOADING]: Found valid mod file YungsExtras-1.21.1-NeoForge-5.1.1.jar with {yungsextras} mods - versions {1.21.1-NeoForge-5.1.1}
[20Jul2026 16:47:34.486] [main/DEBUG] [net.neoforged.fml.loading.moddiscovery.ModFile/LOADING]: Loading mod file /var/opt/minecraft/crafty/crafty-4/servers/f208f13f-03b8-42f4-b07e-02f1dff6f964/mods/YungsExtras-1.21.1-NeoForge-5.1.1.jar with languages [LanguageSpec[languageName=javafml, acceptedVersions=[4,)]]
[20Jul2026 16:47:34.486] [main/DEBUG] [net.neoforged.fml.loading.moddiscovery.ModFileParser/LOADING]: Considering mod file candidate /var/opt/minecraft/crafty/crafty-4/servers/f208f13f-03b8-42f4-b07e-02f1dff6f964/mods/noisium-neoforge-2.7.0+mc1.21-1.21.1.jar
[20Jul2026 16:47:34.486] [main/DEBUG] [net.neoforged.fml.loading.moddiscovery.ModFileInfo/LOADING]: Found valid mod file noisium-neoforge-2.7.0+mc1.21-1.21.1.jar with {noisium} mods - versions {2.7.0+mc1.21-1.21.1}
[20Jul2026 16:47:34.486] [main/DEBUG] [net.neoforged.fml.loading.moddiscovery.ModFile/LOADING]: Loading mod file /var/opt/minecraft/crafty/crafty-4/servers/f208f13f-03b8-42f4-b07e-02f1dff6f964/mods/noisium-neoforge-2.7.0+mc1.21-1.21.1.jar with languages [LanguageSpec[languageName=javafml, acceptedVersions=>=21.1.22]]
[20Jul2026 16:47:34.486] [main/DEBUG] [net.neoforged.fml.loading.moddiscovery.ModFile/LOADING]: Found mixin config MixinConfig[config=noisium-common.mixins.json, requiredMods=[]]
[20Jul2026 16:47:34.486] [main/DEBUG] [net.neoforged.fml.loading.moddiscovery.ModFileParser/LOADING]: Considering mod file candidate /var/opt/minecraft/crafty/crafty-4/servers/f208f13f-03b8-42f4-b07e-02f1dff6f964/mods/Numismatic-Bounties-universal.jar
[20Jul2026 16:47:34.486] [main/DEBUG] [net.neoforged.fml.loading.moddiscovery.ModFileInfo/LOADING]: Found valid mod file Numismatic-Bounties-universal.jar with {numismatic_bounties} mods - versions {2.0}
[20Jul2026 16:47:34.486] [main/DEBUG] [net.neoforged.fml.loading.moddiscovery.ModFile/LOADING]: Loading mod file /var/opt/minecraft/crafty/crafty-4/servers/f208f13f-03b8-42f4-b07e-02f1dff6f964/mods/Numismatic-Bounties-universal.jar with languages [LanguageSpec[languageName=lowcodefml, acceptedVersions=[1,)]]
[20Jul2026 16:47:34.486] [main/DEBUG] [net.neoforged.fml.loading.moddiscovery.ModFileParser/LOADING]: Considering mod file candidate /var/opt/minecraft/crafty/crafty-4/servers/f208f13f-03b8-42f4-b07e-02f1dff6f964/mods/smart_bounds-1.0.0.jar
[20Jul2026 16:47:34.486] [main/DEBUG] [net.neoforged.fml.loading.moddiscovery.ModFileInfo/LOADING]: Found valid mod file smart_bounds-1.0.0.jar with {smart_bounds} mods - versions {1.0.0}
[20Jul2026 16:47:34.486] [main/DEBUG] [net.neoforged.fml.loading.moddiscovery.ModFile/LOADING]: Loading mod file /var/opt/minecraft/crafty/crafty-4/servers/f208f13f-03b8-42f4-b07e-02f1dff6f964/mods/smart_bounds-1.0.0.jar with languages [LanguageSpec[languageName=javafml, acceptedVersions=[4,)]]
[20Jul2026 16:47:34.486] [main/DEBUG] [net.neoforged.fml.loading.moddiscovery.ModFile/LOADING]: Found mixin config MixinConfig[config=smart_bounds.mixins.json, requiredMods=[]]
[20Jul2026 16:47:34.486] [main/DEBUG] [net.neoforged.fml.loading.moddiscovery.ModFileParser/LOADING]: Considering mod file candidate 
[20Jul2026 16:47:34.486] [main/DEBUG] [net.neoforged.fml.loading.moddiscovery.ModFileInfo/LOADING]: Found valid mod file fabric-rendering-data-attachment-v1-0.3.49+73761d2e19.jar with {fabric_rendering_data_attachment_v1} mods - versions {0.3.49+73761d2e19}
[20Jul2026 16:47:34.486] [main/DEBUG] [net.neoforged.fml.loading.moddiscovery.ModFile/LOADING]: Loading mod file  with languages [LanguageSpec[languageName=javafml, acceptedVersions=[1,)]]
[20Jul2026 16:47:34.486] [main/DEBUG] [net.neoforged.fml.loading.moddiscovery.ModFile/LOADING]: Found mixin config MixinConfig[config=fabric-rendering-data-attachment-v1.mixins.json, requiredMods=[]]
[20Jul2026 16:47:34.486] [main/DEBUG] [net.neoforged.fml.loading.moddiscovery.ModFile/LOADING]: Found mixin config MixinConfig[config=fabric-rendering-data-attachment-v1.client.mixins.json, requiredMods=[]]
[20Jul2026 16:47:34.486] [main/DEBUG] [net.neoforged.fml.loading.moddiscovery.ModFileParser/LOADING]: Considering mod file candidate /var/opt/minecraft/crafty/crafty-4/servers/f208f13f-03b8-42f4-b07e-02f1dff6f964/mods/YungsBetterEndIsland-1.21.1-NeoForge-3.1.2.jar
[20Jul2026 16:47:34.487] [main/DEBUG] [net.neoforged.fml.loading.moddiscovery.ModFileInfo/LOADING]: Found valid mod file YungsBetterEndIsland-1.21.1-NeoForge-3.1.2.jar with {betterendisland} mods - versions {1.21.1-NeoForge-3.1.2}
[20Jul2026 16:47:34.487] [main/DEBUG] [net.neoforged.fml.loading.moddiscovery.ModFile/LOADING]: Loading mod file /var/opt/minecraft/crafty/crafty-4/servers/f208f13f-03b8-42f4-b07e-02f1dff6f964/mods/YungsBetterEndIsland-1.21.1-NeoForge-3.1.2.jar with languages [LanguageSpec[languageName=javafml, acceptedVersions=[4,)]]
[20Jul2026 16:47:34.487] [main/DEBUG] [net.neoforged.fml.loading.moddiscovery.ModFile/LOADING]: Found mixin config MixinConfig[config=betterendisland.mixins.json, requiredMods=[]]
[20Jul2026 16:47:34.487] [main/DEBUG] [net.neoforged.fml.loading.moddiscovery.ModFileParser/LOADING]: Considering mod file candidate /var/opt/minecraft/crafty/crafty-4/servers/f208f13f-03b8-42f4-b07e-02f1dff6f964/mods/aerocopycats-1.1.1.jar
[20Jul2026 16:47:34.487] [main/DEBUG] [net.neoforged.fml.loading.moddiscovery.ModFileInfo/LOADING]: Found valid mod file aerocopycats-1.1.1.jar with {aerocopycats} mods - versions {1.1.0}
[20Jul2026 16:47:34.487] [main/DEBUG] [net.neoforged.fml.loading.moddiscovery.ModFile/LOADING]: Loading mod file /var/opt/minecraft/crafty/crafty-4/servers/f208f13f-03b8-42f4-b07e-02f1dff6f964/mods/aerocopycats-1.1.1.jar with languages [LanguageSpec[languageName=javafml, acceptedVersions=[1,)]]
[20Jul2026 16:47:34.487] [main/DEBUG] [net.neoforged.fml.loading.moddiscovery.ModFileParser/LOADING]: Considering mod file candidate 
[20Jul2026 16:47:34.487] [main/DEBUG] [net.neoforged.fml.loading.moddiscovery.ModFileInfo/LOADING]: Found valid mod file fabric-client-tags-api-v1-1.1.15+e053909619.jar with {fabric_client_tags_api_v1} mods - versions {1.1.15+e053909619}
[20Jul2026 16:47:34.487] [main/DEBUG] [net.neoforged.fml.loading.moddiscovery.ModFile/LOADING]: Loading mod file  with languages [LanguageSpec[languageName=javafml, acceptedVersions=[1,)]]
[20Jul2026 16:47:34.487] [main/DEBUG] [net.neoforged.fml.loading.moddiscovery.ModFileParser/LOADING]: Considering mod file candidate /var/opt/minecraft/crafty/crafty-4/servers/f208f13f-03b8-42f4-b07e-02f1dff6f964/mods/bellsandwhistles-0.4.7-1.21.1.jar
[20Jul2026 16:47:34.488] [main/DEBUG] [net.neoforged.fml.loading.moddiscovery.ModFileInfo/LOADING]: Found valid mod file bellsandwhistles-0.4.7-1.21.1.jar with {bellsandwhistles} mods - versions {0.4.7-1.21.1}
[20Jul2026 16:47:34.488] [main/DEBUG] [net.neoforged.fml.loading.moddiscovery.ModFile/LOADING]: Loading mod file /var/opt/minecraft/crafty/crafty-4/servers/f208f13f-03b8-42f4-b07e-02f1dff6f964/mods/bellsandwhistles-0.4.7-1.21.1.jar with languages [LanguageSpec[languageName=javafml, acceptedVersions=[4,)]]
[20Jul2026 16:47:34.488] [main/DEBUG] [net.neoforged.fml.loading.moddiscovery.ModFileParser/LOADING]: Considering mod file candidate /var/opt/minecraft/crafty/crafty-4/servers/f208f13f-03b8-42f4-b07e-02f1dff6f964/mods/Kiwi-1.21.1-NeoForge-15.8.4.jar
[20Jul2026 16:47:34.488] [main/DEBUG] [net.neoforged.fml.loading.moddiscovery.ModFileInfo/LOADING]: Found valid mod file Kiwi-1.21.1-NeoForge-15.8.4.jar with {kiwi} mods - versions {15.8.4+neoforge}
[20Jul2026 16:47:34.488] [main/DEBUG] [net.neoforged.fml.loading.moddiscovery.ModFile/LOADING]: Loading mod file /var/opt/minecraft/crafty/crafty-4/servers/f208f13f-03b8-42f4-b07e-02f1dff6f964/mods/Kiwi-1.21.1-NeoForge-15.8.4.jar with languages [LanguageSpec[languageName=javafml, acceptedVersions=[1,)]]
[20Jul2026 16:47:34.488] [main/DEBUG] [net.neoforged.fml.loading.moddiscovery.ModFile/LOADING]: Found mixin config MixinConfig[config=kiwi.mixins.json, requiredMods=[]]
[20Jul2026 16:47:34.488] [main/DEBUG] [net.neoforged.fml.loading.moddiscovery.ModFileParser/LOADING]: Considering mod file candidate 
[20Jul2026 16:47:34.488] [main/DEBUG] [net.neoforged.fml.loading.moddiscovery.ModFileInfo/LOADING]: Found valid mod file c2me-threading-lighting-mc1.21.1-0.3.0+alpha.0.93.jar with {c2me_threading_lighting} mods - versions {0.3.0+alpha.0.93+1.21.1}
[20Jul2026 16:47:34.488] [main/DEBUG] [net.neoforged.fml.loading.moddiscovery.ModFile/LOADING]: Loading mod file  with languages [LanguageSpec[languageName=lowcodefml, acceptedVersions=*]]
[20Jul2026 16:47:34.488] [main/DEBUG] [net.neoforged.fml.loading.moddiscovery.ModFile/LOADING]: Found mixin config MixinConfig[config=c2me-threading-lighting.mixins.json, requiredMods=[]]
[20Jul2026 16:47:34.488] [main/DEBUG] [net.neoforged.fml.loading.moddiscovery.ModFileParser/LOADING]: Considering mod file candidate /var/opt/minecraft/crafty/crafty-4/servers/f208f13f-03b8-42f4-b07e-02f1dff6f964/mods/alloyed-3.0.7+1.21.1-neoforge.jar
[20Jul2026 16:47:34.489] [main/DEBUG] [net.neoforged.fml.loading.moddiscovery.ModFileInfo/LOADING]: Found valid mod file alloyed-3.0.7+1.21.1-neoforge.jar with {alloyed} mods - versions {3.0.7+1.21.1}
[20Jul2026 16:47:34.489] [main/DEBUG] [net.neoforged.fml.loading.moddiscovery.ModFile/LOADING]: Loading mod file /var/opt/minecraft/crafty/crafty-4/servers/f208f13f-03b8-42f4-b07e-02f1dff6f964/mods/alloyed-3.0.7+1.21.1-neoforge.jar with languages [LanguageSpec[languageName=javafml, acceptedVersions=[4,)]]
[20Jul2026 16:47:34.489] [main/DEBUG] [net.neoforged.fml.loading.moddiscovery.ModFileParser/LOADING]: Considering mod file candidate /var/opt/minecraft/crafty/crafty-4/servers/f208f13f-03b8-42f4-b07e-02f1dff6f964/mods/connectiblechains-neoforge-1.21.1-2.1.0.jar
[20Jul2026 16:47:34.489] [main/DEBUG] [net.neoforged.fml.loading.moddiscovery.ModFileInfo/LOADING]: Found valid mod file connectiblechains-neoforge-1.21.1-2.1.0.jar with {connectiblechains} mods - versions {2.1.0}
[20Jul2026 16:47:34.489] [main/DEBUG] [net.neoforged.fml.loading.moddiscovery.ModFile/LOADING]: Loading mod file /var/opt/minecraft/crafty/crafty-4/servers/f208f13f-03b8-42f4-b07e-02f1dff6f964/mods/connectiblechains-neoforge-1.21.1-2.1.0.jar with languages [LanguageSpec[languageName=javafml, acceptedVersions=[4,)]]
[20Jul2026 16:47:34.489] [main/DEBUG] [net.neoforged.fml.loading.moddiscovery.ModFile/LOADING]: Found mixin config MixinConfig[config=connectiblechains.mixins.json, requiredMods=[]]
[20Jul2026 16:47:34.489] [main/DEBUG] [net.neoforged.fml.loading.moddiscovery.ModFile/LOADING]: Found mixin config MixinConfig[config=connectiblechains.neoforge.mixins.json, requiredMods=[]]
[20Jul2026 16:47:34.489] [main/DEBUG] [net.neoforged.fml.loading.moddiscovery.ModFileParser/LOADING]: Considering mod file candidate /var/opt/minecraft/crafty/crafty-4/servers/f208f13f-03b8-42f4-b07e-02f1dff6f964/mods/rechiseled-1.2.4-neoforge-mc1.21.jar
[20Jul2026 16:47:34.489] [main/DEBUG] [net.neoforged.fml.loading.moddiscovery.ModFileInfo/LOADING]: Found valid mod file rechiseled-1.2.4-neoforge-mc1.21.jar with {rechiseled} mods - versions {1.2.4}
[20Jul2026 16:47:34.489] [main/DEBUG] [net.neoforged.fml.loading.moddiscovery.ModFile/LOADING]: Loading mod file /var/opt/minecraft/crafty/crafty-4/servers/f208f13f-03b8-42f4-b07e-02f1dff6f964/mods/rechiseled-1.2.4-neoforge-mc1.21.jar with languages [LanguageSpec[languageName=javafml, acceptedVersions=[1,)]]
[20Jul2026 16:47:34.489] [main/DEBUG] [net.neoforged.fml.loading.moddiscovery.ModFile/LOADING]: Found mixin config MixinConfig[config=rechiseled.mixins.json, requiredMods=[]]
[20Jul2026 16:47:34.489] [main/DEBUG] [net.neoforged.fml.loading.moddiscovery.ModFileParser/LOADING]: Considering mod file candidate /var/opt/minecraft/crafty/crafty-4/servers/f208f13f-03b8-42f4-b07e-02f1dff6f964/mods/lithium-neoforge-0.15.3+mc1.21.1.jar
[20Jul2026 16:47:34.489] [main/DEBUG] [net.neoforged.fml.loading.moddiscovery.ModFileInfo/LOADING]: Found valid mod file lithium-neoforge-0.15.3+mc1.21.1.jar with {lithium} mods - versions {0.15.3+mc1.21.1}
[20Jul2026 16:47:34.490] [main/DEBUG] [net.neoforged.fml.loading.moddiscovery.ModFile/LOADING]: Loading mod file /var/opt/minecraft/crafty/crafty-4/servers/f208f13f-03b8-42f4-b07e-02f1dff6f964/mods/lithium-neoforge-0.15.3+mc1.21.1.jar with languages [LanguageSpec[languageName=javafml, acceptedVersions=*]]
[20Jul2026 16:47:34.490] [main/DEBUG] [net.neoforged.fml.loading.moddiscovery.ModFile/LOADING]: Found mixin config MixinConfig[config=lithium.mixins.json, requiredMods=[]]
[20Jul2026 16:47:34.490] [main/DEBUG] [net.neoforged.fml.loading.moddiscovery.ModFile/LOADING]: Found mixin config MixinConfig[config=lithium-neoforge.mixins.json, requiredMods=[]]
[20Jul2026 16:47:34.490] [main/DEBUG] [net.neoforged.fml.loading.moddiscovery.ModFileParser/LOADING]: Considering mod file candidate 
[20Jul2026 16:47:34.490] [main/DEBUG] [net.neoforged.fml.loading.moddiscovery.ModFileInfo/LOADING]: Found valid mod file fabric-screen-handler-api-v1-1.3.90+8dbc56dd19.jar with {fabric_screen_handler_api_v1} mods - versions {1.3.90+8dbc56dd19}
[20Jul2026 16:47:34.490] [main/DEBUG] [net.neoforged.fml.loading.moddiscovery.ModFile/LOADING]: Loading mod file  with languages [LanguageSpec[languageName=javafml, acceptedVersions=[1,)]]
[20Jul2026 16:47:34.490] [main/DEBUG] [net.neoforged.fml.loading.moddiscovery.ModFile/LOADING]: Found mixin config MixinConfig[config=fabric-screen-handler-api-v1.mixins.json, requiredMods=[]]
[20Jul2026 16:47:34.490] [main/DEBUG] [net.neoforged.fml.loading.moddiscovery.ModFileParser/LOADING]: Considering mod file candidate /var/opt/minecraft/crafty/crafty-4/servers/f208f13f-03b8-42f4-b07e-02f1dff6f964/mods/DnDesires-1.21.1-2.3a-BETA.jar
[20Jul2026 16:47:34.490] [main/DEBUG] [net.neoforged.fml.loading.moddiscovery.ModFileInfo/LOADING]: Found valid mod file DnDesires-1.21.1-2.3a-BETA.jar with {dndesires} mods - versions {2.3a-BETA}
[20Jul2026 16:47:34.490] [main/DEBUG] [net.neoforged.fml.loading.moddiscovery.ModFile/LOADING]: Loading mod file /var/opt/minecraft/crafty/crafty-4/servers/f208f13f-03b8-42f4-b07e-02f1dff6f964/mods/DnDesires-1.21.1-2.3a-BETA.jar with languages [LanguageSpec[languageName=javafml, acceptedVersions=[0,)]]
[20Jul2026 16:47:34.490] [main/DEBUG] [net.neoforged.fml.loading.moddiscovery.ModFile/LOADING]: Found mixin config MixinConfig[config=dndesires.mixins.json, requiredMods=[]]
[20Jul2026 16:47:34.490] [main/DEBUG] [net.neoforged.fml.loading.moddiscovery.ModFileParser/LOADING]: Considering mod file candidate /var/opt/minecraft/crafty/crafty-4/servers/f208f13f-03b8-42f4-b07e-02f1dff6f964/mods/libraryferret-neoforge-1.21.1-4.0.0.jar
[20Jul2026 16:47:34.490] [main/DEBUG] [net.neoforged.fml.loading.moddiscovery.ModFileInfo/LOADING]: Found valid mod file libraryferret-neoforge-1.21.1-4.0.0.jar with {libraryferret} mods - versions {4.0.0}
[20Jul2026 16:47:34.490] [main/DEBUG] [net.neoforged.fml.loading.moddiscovery.ModFile/LOADING]: Loading mod file /var/opt/minecraft/crafty/crafty-4/servers/f208f13f-03b8-42f4-b07e-02f1dff6f964/mods/libraryferret-neoforge-1.21.1-4.0.0.jar with languages [LanguageSpec[languageName=javafml, acceptedVersions=[1,)]]
[20Jul2026 16:47:34.490] [main/DEBUG] [net.neoforged.fml.loading.moddiscovery.ModFileParser/LOADING]: Considering mod file candidate /var/opt/minecraft/crafty/crafty-4/servers/f208f13f-03b8-42f4-b07e-02f1dff6f964/mods/extra-mod-integrations-all-neoforge-1.0.3+1.21.1.jar
[20Jul2026 16:47:34.491] [main/DEBUG] [net.neoforged.fml.loading.moddiscovery.ModFileInfo/LOADING]: Found valid mod file extra-mod-integrations-all-neoforge-1.0.3+1.21.1.jar with {extra_mod_integrations} mods - versions {1.0.3+1.21.1}
[20Jul2026 16:47:34.491] [main/DEBUG] [net.neoforged.fml.loading.moddiscovery.ModFile/LOADING]: Loading mod file /var/opt/minecraft/crafty/crafty-4/servers/f208f13f-03b8-42f4-b07e-02f1dff6f964/mods/extra-mod-integrations-all-neoforge-1.0.3+1.21.1.jar with languages [LanguageSpec[languageName=javafml, acceptedVersions=[1,)]]
[20Jul2026 16:47:34.491] [main/DEBUG] [net.neoforged.fml.loading.moddiscovery.ModFileParser/LOADING]: Considering mod file candidate /var/opt/minecraft/crafty/crafty-4/servers/f208f13f-03b8-42f4-b07e-02f1dff6f964/mods/EpheroLib-1.21.1-NEO-FORGE-1.2.0.jar
[20Jul2026 16:47:34.491] [main/DEBUG] [net.neoforged.fml.loading.moddiscovery.ModFileInfo/LOADING]: Found valid mod file EpheroLib-1.21.1-NEO-FORGE-1.2.0.jar with {epherolib} mods - versions {1.2.0}
[20Jul2026 16:47:34.491] [main/DEBUG] [net.neoforged.fml.loading.moddiscovery.ModFile/LOADING]: Loading mod file /var/opt/minecraft/crafty/crafty-4/servers/f208f13f-03b8-42f4-b07e-02f1dff6f964/mods/EpheroLib-1.21.1-NEO-FORGE-1.2.0.jar with languages [LanguageSpec[languageName=javafml, acceptedVersions=[4,)]]
[20Jul2026 16:47:34.491] [main/DEBUG] [net.neoforged.fml.loading.moddiscovery.ModFileParser/LOADING]: Considering mod file candidate /var/opt/minecraft/crafty/crafty-4/servers/f208f13f-03b8-42f4-b07e-02f1dff6f964/mods/potionstacks-1.0.0.jar
[20Jul2026 16:47:34.491] [main/DEBUG] [net.neoforged.fml.loading.moddiscovery.ModFileInfo/LOADING]: Found valid mod file potionstacks-1.0.0.jar with {potionstacks} mods - versions {1.0.0}
[20Jul2026 16:47:34.491] [main/DEBUG] [net.neoforged.fml.loading.moddiscovery.ModFile/LOADING]: Loading mod file /var/opt/minecraft/crafty/crafty-4/servers/f208f13f-03b8-42f4-b07e-02f1dff6f964/mods/potionstacks-1.0.0.jar with languages [LanguageSpec[languageName=javafml, acceptedVersions=[0,)]]
[20Jul2026 16:47:34.491] [main/DEBUG] [net.neoforged.fml.loading.moddiscovery.ModFile/LOADING]: Found mixin config MixinConfig[config=potionstacks.mixins.json, requiredMods=[]]
[20Jul2026 16:47:34.491] [main/DEBUG] [net.neoforged.fml.loading.moddiscovery.ModFileParser/LOADING]: Considering mod file candidate /var/opt/minecraft/crafty/crafty-4/servers/f208f13f-03b8-42f4-b07e-02f1dff6f964/mods/rechiseledcreate-1.1.0-neoforge-mc1.21.jar
[20Jul2026 16:47:34.492] [main/DEBUG] [net.neoforged.fml.loading.moddiscovery.ModFileInfo/LOADING]: Found valid mod file rechiseledcreate-1.1.0-neoforge-mc1.21.jar with {rechiseledcreate} mods - versions {1.1.0}
[20Jul2026 16:47:34.492] [main/DEBUG] [net.neoforged.fml.loading.moddiscovery.ModFile/LOADING]: Loading mod file /var/opt/minecraft/crafty/crafty-4/servers/f208f13f-03b8-42f4-b07e-02f1dff6f964/mods/rechiseledcreate-1.1.0-neoforge-mc1.21.jar with languages [LanguageSpec[languageName=javafml, acceptedVersions=[1,)]]
[20Jul2026 16:47:34.492] [main/DEBUG] [net.neoforged.fml.loading.moddiscovery.ModFile/LOADING]: Found mixin config MixinConfig[config=rechiseledcreate.mixins.json, requiredMods=[]]
[20Jul2026 16:47:34.492] [main/DEBUG] [net.neoforged.fml.loading.moddiscovery.ModFileParser/LOADING]: Considering mod file candidate 
[20Jul2026 16:47:34.492] [main/DEBUG] [net.neoforged.fml.loading.moddiscovery.ModFileInfo/LOADING]: Found valid mod file midnightlib-1.6.9+1.21-neoforge.jar with {midnightlib} mods - versions {1.6.9}
[20Jul2026 16:47:34.492] [main/DEBUG] [net.neoforged.fml.loading.moddiscovery.ModFile/LOADING]: Loading mod file  with languages [LanguageSpec[languageName=javafml, acceptedVersions=[2,)]]
[20Jul2026 16:47:34.492] [main/DEBUG] [net.neoforged.fml.loading.moddiscovery.ModFile/LOADING]: Found mixin config MixinConfig[config=midnightlib.mixins.json, requiredMods=[]]
[20Jul2026 16:47:34.492] [main/DEBUG] [net.neoforged.fml.loading.moddiscovery.ModFileParser/LOADING]: Considering mod file candidate /var/opt/minecraft/crafty/crafty-4/servers/f208f13f-03b8-42f4-b07e-02f1dff6f964/mods/watchtower-neoforge-1.1.0+mc1.21.jar
[20Jul2026 16:47:34.492] [main/DEBUG] [net.neoforged.fml.loading.moddiscovery.ModFileInfo/LOADING]: Found valid mod file watchtower-neoforge-1.1.0+mc1.21.jar with {watchtower} mods - versions {1.1.0}
[20Jul2026 16:47:34.492] [main/DEBUG] [net.neoforged.fml.loading.moddiscovery.ModFile/LOADING]: Loading mod file /var/opt/minecraft/crafty/crafty-4/servers/f208f13f-03b8-42f4-b07e-02f1dff6f964/mods/watchtower-neoforge-1.1.0+mc1.21.jar with languages [LanguageSpec[languageName=javafml, acceptedVersions=[1,)]]
[20Jul2026 16:47:34.492] [main/DEBUG] [net.neoforged.fml.loading.moddiscovery.ModFileParser/LOADING]: Considering mod file candidate /var/opt/minecraft/crafty/crafty-4/servers/f208f13f-03b8-42f4-b07e-02f1dff6f964/mods/scholar-neoforge-1.21.1-1.2.0.jar
[20Jul2026 16:47:34.492] [main/DEBUG] [net.neoforged.fml.loading.moddiscovery.ModFileInfo/LOADING]: Found valid mod file scholar-neoforge-1.21.1-1.2.0.jar with {scholar} mods - versions {1.2.0}
[20Jul2026 16:47:34.492] [main/DEBUG] [net.neoforged.fml.loading.moddiscovery.ModFile/LOADING]: Loading mod file /var/opt/minecraft/crafty/crafty-4/servers/f208f13f-03b8-42f4-b07e-02f1dff6f964/mods/scholar-neoforge-1.21.1-1.2.0.jar with languages [LanguageSpec[languageName=javafml, acceptedVersions=[4,)]]
[20Jul2026 16:47:34.492] [main/DEBUG] [net.neoforged.fml.loading.moddiscovery.ModFile/LOADING]: Found mixin config MixinConfig[config=scholar-common.mixins.json, requiredMods=[]]
[20Jul2026 16:47:34.492] [main/DEBUG] [net.neoforged.fml.loading.moddiscovery.ModFile/LOADING]: Found mixin config MixinConfig[config=scholar-neoforge.mixins.json, requiredMods=[]]
[20Jul2026 16:47:34.492] [main/DEBUG] [net.neoforged.fml.loading.moddiscovery.ModFileParser/LOADING]: Considering mod file candidate /var/opt/minecraft/crafty/crafty-4/servers/f208f13f-03b8-42f4-b07e-02f1dff6f964/mods/fusion-1.2.12-neoforge-mc1.21.1.jar
[20Jul2026 16:47:34.493] [main/DEBUG] [net.neoforged.fml.loading.moddiscovery.ModFileInfo/LOADING]: Found valid mod file fusion-1.2.12-neoforge-mc1.21.1.jar with {fusion} mods - versions {1.2.12}
[20Jul2026 16:47:34.493] [main/DEBUG] [net.neoforged.fml.loading.moddiscovery.ModFile/LOADING]: Loading mod file /var/opt/minecraft/crafty/crafty-4/servers/f208f13f-03b8-42f4-b07e-02f1dff6f964/mods/fusion-1.2.12-neoforge-mc1.21.1.jar with languages [LanguageSpec[languageName=javafml, acceptedVersions=[1,)]]
[20Jul2026 16:47:34.493] [main/DEBUG] [net.neoforged.fml.loading.moddiscovery.ModFile/LOADING]: Found mixin config MixinConfig[config=fusion.mixins.json, requiredMods=[]]
[20Jul2026 16:47:34.493] [main/DEBUG] [net.neoforged.fml.loading.moddiscovery.ModFileParser/LOADING]: Considering mod file candidate 
[20Jul2026 16:47:34.493] [main/DEBUG] [net.neoforged.fml.loading.moddiscovery.ModFileInfo/LOADING]: Found valid mod file fabric-particles-v1-4.0.2+824f924c19.jar with {fabric_particles_v1} mods - versions {4.0.2+824f924c19}
[20Jul2026 16:47:34.493] [main/DEBUG] [net.neoforged.fml.loading.moddiscovery.ModFile/LOADING]: Loading mod file  with languages [LanguageSpec[languageName=javafml, acceptedVersions=[1,)]]
[20Jul2026 16:47:34.493] [main/DEBUG] [net.neoforged.fml.loading.moddiscovery.ModFile/LOADING]: Found mixin config MixinConfig[config=fabric-particles-v1.client.mixins.json, requiredMods=[]]
[20Jul2026 16:47:34.493] [main/DEBUG] [net.neoforged.fml.loading.moddiscovery.ModFileParser/LOADING]: Considering mod file candidate 
[20Jul2026 16:47:34.493] [main/DEBUG] [net.neoforged.fml.loading.moddiscovery.ModFileInfo/LOADING]: Found valid mod file c2me-opts-worldgen-vanilla-mc1.21.1-0.3.0+alpha.0.93.jar with {c2me_opts_worldgen_vanilla} mods - versions {0.3.0+alpha.0.93+1.21.1}
[20Jul2026 16:47:34.493] [main/DEBUG] [net.neoforged.fml.loading.moddiscovery.ModFile/LOADING]: Loading mod file  with languages [LanguageSpec[languageName=lowcodefml, acceptedVersions=*]]
[20Jul2026 16:47:34.493] [main/DEBUG] [net.neoforged.fml.loading.moddiscovery.ModFile/LOADING]: Found mixin config MixinConfig[config=c2me-opts-worldgen-vanilla.mixins.json, requiredMods=[]]
[20Jul2026 16:47:34.493] [main/DEBUG] [net.neoforged.fml.loading.moddiscovery.ModFileParser/LOADING]: Considering mod file candidate 
[20Jul2026 16:47:34.493] [main/DEBUG] [net.neoforged.fml.loading.moddiscovery.ModFileInfo/LOADING]: Found valid mod file c2me-opts-scheduling-mc1.21.1-0.3.0+alpha.0.93.jar with {c2me_opts_scheduling} mods - versions {0.3.0+alpha.0.93+1.21.1}
[20Jul2026 16:47:34.493] [main/DEBUG] [net.neoforged.fml.loading.moddiscovery.ModFile/LOADING]: Loading mod file  with languages [LanguageSpec[languageName=lowcodefml, acceptedVersions=*]]
[20Jul2026 16:47:34.493] [main/DEBUG] [net.neoforged.fml.loading.moddiscovery.ModFile/LOADING]: Found mixin config MixinConfig[config=c2me-opts-scheduling.mixins.json, requiredMods=[]]
[20Jul2026 16:47:34.493] [main/DEBUG] [net.neoforged.fml.loading.moddiscovery.ModFileParser/LOADING]: Considering mod file candidate /var/opt/minecraft/crafty/crafty-4/servers/f208f13f-03b8-42f4-b07e-02f1dff6f964/mods/ArmorStatues-v21.1.0-1.21.1-NeoForge.jar
[20Jul2026 16:47:34.494] [main/DEBUG] [net.neoforged.fml.loading.moddiscovery.ModFileInfo/LOADING]: Found valid mod file ArmorStatues-v21.1.0-1.21.1-NeoForge.jar with {armorstatues} mods - versions {21.1.0}
[20Jul2026 16:47:34.494] [main/DEBUG] [net.neoforged.fml.loading.moddiscovery.ModFile/LOADING]: Loading mod file /var/opt/minecraft/crafty/crafty-4/servers/f208f13f-03b8-42f4-b07e-02f1dff6f964/mods/ArmorStatues-v21.1.0-1.21.1-NeoForge.jar with languages [LanguageSpec[languageName=javafml, acceptedVersions=*]]
[20Jul2026 16:47:34.494] [main/DEBUG] [net.neoforged.fml.loading.moddiscovery.ModFile/LOADING]: Found mixin config MixinConfig[config=armorstatues.common.mixins.json, requiredMods=[]]
[20Jul2026 16:47:34.494] [main/DEBUG] [net.neoforged.fml.loading.moddiscovery.ModFile/LOADING]: Found mixin config MixinConfig[config=armorstatues.neoforge.mixins.json, requiredMods=[]]
[20Jul2026 16:47:34.494] [main/DEBUG] [net.neoforged.fml.loading.moddiscovery.ModFileParser/LOADING]: Considering mod file candidate /var/opt/minecraft/crafty/crafty-4/servers/f208f13f-03b8-42f4-b07e-02f1dff6f964/mods/AxesAreWeapons-1.10.2-neoforge-1.21.jar
[20Jul2026 16:47:34.494] [main/DEBUG] [net.neoforged.fml.loading.moddiscovery.ModFileInfo/LOADING]: Found valid mod file AxesAreWeapons-1.10.2-neoforge-1.21.jar with {axesareweapons} mods - versions {1.10.2}
[20Jul2026 16:47:34.494] [main/DEBUG] [net.neoforged.fml.loading.moddiscovery.ModFile/LOADING]: Loading mod file /var/opt/minecraft/crafty/crafty-4/servers/f208f13f-03b8-42f4-b07e-02f1dff6f964/mods/AxesAreWeapons-1.10.2-neoforge-1.21.jar with languages [LanguageSpec[languageName=javafml, acceptedVersions=[1,)]]
[20Jul2026 16:47:34.494] [main/DEBUG] [net.neoforged.fml.loading.moddiscovery.ModFile/LOADING]: Found mixin config MixinConfig[config=axesareweapons.common.mixins.json, requiredMods=[]]
[20Jul2026 16:47:34.494] [main/DEBUG] [net.neoforged.fml.loading.moddiscovery.ModFileParser/LOADING]: Considering mod file candidate /var/opt/minecraft/crafty/crafty-4/servers/f208f13f-03b8-42f4-b07e-02f1dff6f964/mods/distractingtrims-neoforge-1.21.1-21.1.1.jar
[20Jul2026 16:47:34.494] [main/DEBUG] [net.neoforged.fml.loading.moddiscovery.ModFileInfo/LOADING]: Found valid mod file distractingtrims-neoforge-1.21.1-21.1.1.jar with {distractingtrims} mods - versions {21.1.1}
[20Jul2026 16:47:34.494] [main/DEBUG] [net.neoforged.fml.loading.moddiscovery.ModFile/LOADING]: Loading mod file /var/opt/minecraft/crafty/crafty-4/servers/f208f13f-03b8-42f4-b07e-02f1dff6f964/mods/distractingtrims-neoforge-1.21.1-21.1.1.jar with languages [LanguageSpec[languageName=javafml, acceptedVersions=[4,)]]
[20Jul2026 16:47:34.494] [main/DEBUG] [net.neoforged.fml.loading.moddiscovery.ModFile/LOADING]: Found mixin config MixinConfig[config=distractingtrims.mixins.json, requiredMods=[]]
[20Jul2026 16:47:34.494] [main/DEBUG] [net.neoforged.fml.loading.moddiscovery.ModFile/LOADING]: Found mixin config MixinConfig[config=distractingtrims.neoforge.mixins.json, requiredMods=[]]
[20Jul2026 16:47:34.494] [main/DEBUG] [net.neoforged.fml.loading.moddiscovery.ModFileInfo/LOADING]: Found valid mod file server-1.21.1-20240808.144430-srg.jar with {minecraft} mods - versions {1.21.1}
[20Jul2026 16:47:34.494] [main/DEBUG] [net.neoforged.fml.loading.moddiscovery.ModFile/LOADING]: Loading mod file /var/opt/minecraft/crafty/crafty-4/servers/f208f13f-03b8-42f4-b07e-02f1dff6f964/libraries/net/minecraft/server/1.21.1-20240808.144430/server-1.21.1-20240808.144430-srg.jar with languages [LanguageSpec[languageName=minecraft, acceptedVersions=1]]
[20Jul2026 16:47:34.494] [main/DEBUG] [net.neoforged.fml.loading.moddiscovery.ModFileParser/LOADING]: Considering mod file candidate /var/opt/minecraft/crafty/crafty-4/servers/f208f13f-03b8-42f4-b07e-02f1dff6f964/mods/emi-1.1.24+1.21.1+neoforge.jar
[20Jul2026 16:47:34.494] [main/DEBUG] [net.neoforged.fml.loading.moddiscovery.ModFileInfo/LOADING]: Found valid mod file emi-1.1.24+1.21.1+neoforge.jar with {emi} mods - versions {1.1.24+1.21.1+neoforge}
[20Jul2026 16:47:34.494] [main/DEBUG] [net.neoforged.fml.loading.moddiscovery.ModFile/LOADING]: Loading mod file /var/opt/minecraft/crafty/crafty-4/servers/f208f13f-03b8-42f4-b07e-02f1dff6f964/mods/emi-1.1.24+1.21.1+neoforge.jar with languages [LanguageSpec[languageName=javafml, acceptedVersions=[1,)]]
[20Jul2026 16:47:34.494] [main/DEBUG] [net.neoforged.fml.loading.moddiscovery.ModFile/LOADING]: Found mixin config MixinConfig[config=emi.mixins.json, requiredMods=[]]
[20Jul2026 16:47:34.494] [main/DEBUG] [net.neoforged.fml.loading.moddiscovery.ModFile/LOADING]: Found mixin config MixinConfig[config=emi-neoforge.mixins.json, requiredMods=[]]
[20Jul2026 16:47:34.494] [main/DEBUG] [net.neoforged.fml.loading.moddiscovery.ModFileParser/LOADING]: Considering mod file candidate /var/opt/minecraft/crafty/crafty-4/servers/f208f13f-03b8-42f4-b07e-02f1dff6f964/mods/emi_create_schematics-1.1.0.jar
[20Jul2026 16:47:34.494] [main/DEBUG] [net.neoforged.fml.loading.moddiscovery.ModFileInfo/LOADING]: Found valid mod file emi_create_schematics-1.1.0.jar with {emi_create_schematics} mods - versions {1.1.0}
[20Jul2026 16:47:34.494] [main/DEBUG] [net.neoforged.fml.loading.moddiscovery.ModFile/LOADING]: Loading mod file /var/opt/minecraft/crafty/crafty-4/servers/f208f13f-03b8-42f4-b07e-02f1dff6f964/mods/emi_create_schematics-1.1.0.jar with languages [LanguageSpec[languageName=javafml, acceptedVersions=[1,)]]
[20Jul2026 16:47:34.494] [main/DEBUG] [net.neoforged.fml.loading.moddiscovery.ModFile/LOADING]: Found mixin config MixinConfig[config=emi_create_schematics.mixins.json, requiredMods=[]]
[20Jul2026 16:47:34.494] [main/DEBUG] [net.neoforged.fml.loading.moddiscovery.ModFileParser/LOADING]: Considering mod file candidate /var/opt/minecraft/crafty/crafty-4/servers/f208f13f-03b8-42f4-b07e-02f1dff6f964/mods/TerraBlender-neoforge-1.21.1-4.1.0.8.jar
[20Jul2026 16:47:34.495] [main/DEBUG] [net.neoforged.fml.loading.moddiscovery.ModFileInfo/LOADING]: Found valid mod file TerraBlender-neoforge-1.21.1-4.1.0.8.jar with {terrablender} mods - versions {4.1.0.8}
[20Jul2026 16:47:34.495] [main/DEBUG] [net.neoforged.fml.loading.moddiscovery.ModFile/LOADING]: Loading mod file /var/opt/minecraft/crafty/crafty-4/servers/f208f13f-03b8-42f4-b07e-02f1dff6f964/mods/TerraBlender-neoforge-1.21.1-4.1.0.8.jar with languages [LanguageSpec[languageName=javafml, acceptedVersions=[1,)]]
[20Jul2026 16:47:34.495] [main/DEBUG] [net.neoforged.fml.loading.moddiscovery.ModFile/LOADING]: Found mixin config MixinConfig[config=terrablender.mixins.json, requiredMods=[]]
[20Jul2026 16:47:34.495] [main/DEBUG] [net.neoforged.fml.loading.moddiscovery.ModFile/LOADING]: Found mixin config MixinConfig[config=terrablender_neoforge.mixins.json, requiredMods=[]]
[20Jul2026 16:47:34.495] [main/DEBUG] [net.neoforged.fml.loading.moddiscovery.ModFileParser/LOADING]: Considering mod file candidate /var/opt/minecraft/crafty/crafty-4/servers/f208f13f-03b8-42f4-b07e-02f1dff6f964/mods/Companion-1.21.1-NeoForge-6.2.1.jar
[20Jul2026 16:47:34.495] [main/DEBUG] [net.neoforged.fml.loading.moddiscovery.ModFileInfo/LOADING]: Found valid mod file Companion-1.21.1-NeoForge-6.2.1.jar with {companion} mods - versions {0.0NONE}
[20Jul2026 16:47:34.495] [main/DEBUG] [net.neoforged.fml.loading.moddiscovery.ModFile/LOADING]: Loading mod file /var/opt/minecraft/crafty/crafty-4/servers/f208f13f-03b8-42f4-b07e-02f1dff6f964/mods/Companion-1.21.1-NeoForge-6.2.1.jar with languages [LanguageSpec[languageName=javafml, acceptedVersions=[1,)]]
[20Jul2026 16:47:34.495] [main/DEBUG] [net.neoforged.fml.loading.moddiscovery.ModFile/LOADING]: Found mixin config MixinConfig[config=companion.mixins.json, requiredMods=[]]
[20Jul2026 16:47:34.495] [main/DEBUG] [net.neoforged.fml.loading.moddiscovery.ModFileParser/LOADING]: Considering mod file candidate 
[20Jul2026 16:47:34.495] [main/DEBUG] [net.neoforged.fml.loading.moddiscovery.ModFileInfo/LOADING]: Found valid mod file fabric-block-api-v1-1.1.0+b0c22bb819.jar with {fabric_block_api_v1} mods - versions {1.1.0+b0c22bb819}
[20Jul2026 16:47:34.495] [main/DEBUG] [net.neoforged.fml.loading.moddiscovery.ModFile/LOADING]: Loading mod file  with languages [LanguageSpec[languageName=javafml, acceptedVersions=[1,)]]
[20Jul2026 16:47:34.495] [main/DEBUG] [net.neoforged.fml.loading.moddiscovery.ModFile/LOADING]: Found mixin config MixinConfig[config=fabric-block-api-v1.mixins.json, requiredMods=[]]
[20Jul2026 16:47:34.495] [main/DEBUG] [net.neoforged.fml.loading.moddiscovery.ModFileParser/LOADING]: Considering mod file candidate 
[20Jul2026 16:47:34.495] [main/DEBUG] [net.neoforged.fml.loading.moddiscovery.ModFileInfo/LOADING]: Found valid mod file fabric-resource-conditions-api-v1-4.3.0+5bdd099819.jar with {fabric_resource_conditions_api_v1} mods - versions {4.3.0+5bdd099819}
[20Jul2026 16:47:34.495] [main/DEBUG] [net.neoforged.fml.loading.moddiscovery.ModFile/LOADING]: Loading mod file  with languages [LanguageSpec[languageName=javafml, acceptedVersions=[1,)]]
[20Jul2026 16:47:34.495] [main/DEBUG] [net.neoforged.fml.loading.moddiscovery.ModFile/LOADING]: Found mixin config MixinConfig[config=fabric-resource-conditions-api-v1.mixins.json, requiredMods=[]]
[20Jul2026 16:47:34.495] [main/DEBUG] [net.neoforged.fml.loading.moddiscovery.ModFileParser/LOADING]: Considering mod file candidate 
[20Jul2026 16:47:34.495] [main/DEBUG] [net.neoforged.fml.loading.moddiscovery.ModFileInfo/LOADING]: Found valid mod file flywheel-neoforge-1.21.1-1.0.6.jar with {flywheel} mods - versions {1.0.6}
[20Jul2026 16:47:34.495] [main/DEBUG] [net.neoforged.fml.loading.moddiscovery.ModFile/LOADING]: Loading mod file  with languages [LanguageSpec[languageName=javafml, acceptedVersions=[0,)]]
[20Jul2026 16:47:34.495] [main/DEBUG] [net.neoforged.fml.loading.moddiscovery.ModFile/LOADING]: Found mixin config MixinConfig[config=flywheel.backend.mixins.json, requiredMods=[]]
[20Jul2026 16:47:34.495] [main/DEBUG] [net.neoforged.fml.loading.moddiscovery.ModFile/LOADING]: Found mixin config MixinConfig[config=flywheel.impl.mixins.json, requiredMods=[]]
[20Jul2026 16:47:34.495] [main/DEBUG] [net.neoforged.fml.loading.moddiscovery.ModFile/LOADING]: Found mixin config MixinConfig[config=flywheel.impl.neoforge.mixins.json, requiredMods=[]]
[20Jul2026 16:47:34.495] [main/DEBUG] [net.neoforged.fml.loading.moddiscovery.ModFileParser/LOADING]: Considering mod file candidate 
[20Jul2026 16:47:34.495] [main/DEBUG] [net.neoforged.fml.loading.moddiscovery.ModFileInfo/LOADING]: Found valid mod file sable-companion-common-1.21.1-1.6.0.jar with {sablecompanion} mods - versions {1.6.0}
[20Jul2026 16:47:34.495] [main/DEBUG] [net.neoforged.fml.loading.moddiscovery.ModFile/LOADING]: Loading mod file  with languages [LanguageSpec[languageName=javafml, acceptedVersions=[4,)]]
[20Jul2026 16:47:34.495] [main/DEBUG] [net.neoforged.fml.loading.moddiscovery.ModFileParser/LOADING]: Considering mod file candidate 
[20Jul2026 16:47:34.496] [main/DEBUG] [net.neoforged.fml.loading.moddiscovery.ModFileInfo/LOADING]: Found valid mod file fabric-registry-sync-v0-5.3.1+f9aace1619.jar with {fabric_registry_sync_v0} mods - versions {5.3.1+f9aace1619}
[20Jul2026 16:47:34.496] [main/DEBUG] [net.neoforged.fml.loading.moddiscovery.ModFile/LOADING]: Loading mod file  with languages [LanguageSpec[languageName=javafml, acceptedVersions=[1,)]]
[20Jul2026 16:47:34.496] [main/DEBUG] [net.neoforged.fml.loading.moddiscovery.ModFile/LOADING]: Found mixin config MixinConfig[config=fabric-registry-sync-v0.mixins.json, requiredMods=[]]
[20Jul2026 16:47:34.496] [main/DEBUG] [net.neoforged.fml.loading.moddiscovery.ModFileParser/LOADING]: Considering mod file candidate 
[20Jul2026 16:47:34.496] [main/DEBUG] [net.neoforged.fml.loading.moddiscovery.ModFileInfo/LOADING]: Found valid mod file lambdynamiclights-api-4.8.8+1.21.1-mojmap.jar with {lambdynlights_api} mods - versions {4.8.8+1.21.1}
[20Jul2026 16:47:34.496] [main/DEBUG] [net.neoforged.fml.loading.moddiscovery.ModFile/LOADING]: Loading mod file  with languages [LanguageSpec[languageName=javafml, acceptedVersions=[2,)]]
[20Jul2026 16:47:34.496] [main/DEBUG] [net.neoforged.fml.loading.moddiscovery.ModFileParser/LOADING]: Considering mod file candidate /var/opt/minecraft/crafty/crafty-4/servers/f208f13f-03b8-42f4-b07e-02f1dff6f964/mods/appleskin-neoforge-mc1.21-3.0.9.jar
[20Jul2026 16:47:34.496] [main/DEBUG] [net.neoforged.fml.loading.moddiscovery.ModFileInfo/LOADING]: Found valid mod file appleskin-neoforge-mc1.21-3.0.9.jar with {appleskin} mods - versions {3.0.9+mc1.21}
[20Jul2026 16:47:34.496] [main/DEBUG] [net.neoforged.fml.loading.moddiscovery.ModFile/LOADING]: Loading mod file /var/opt/minecraft/crafty/crafty-4/servers/f208f13f-03b8-42f4-b07e-02f1dff6f964/mods/appleskin-neoforge-mc1.21-3.0.9.jar with languages [LanguageSpec[languageName=javafml, acceptedVersions=[2,)]]
[20Jul2026 16:47:34.496] [main/DEBUG] [net.neoforged.fml.loading.moddiscovery.ModFileParser/LOADING]: Considering mod file candidate 
[20Jul2026 16:47:34.496] [main/DEBUG] [net.neoforged.fml.loading.moddiscovery.ModFileInfo/LOADING]: Found valid mod file fabric-object-builder-api-v1-15.2.1+cc242efd19.jar with {fabric_object_builder_api_v1} mods - versions {15.2.1+cc242efd19}
[20Jul2026 16:47:34.496] [main/DEBUG] [net.neoforged.fml.loading.moddiscovery.ModFile/LOADING]: Loading mod file  with languages [LanguageSpec[languageName=javafml, acceptedVersions=[1,)]]
[20Jul2026 16:47:34.496] [main/DEBUG] [net.neoforged.fml.loading.moddiscovery.ModFile/LOADING]: Found mixin config MixinConfig[config=fabric-object-builder-v1.mixins.json, requiredMods=[]]
[20Jul2026 16:47:34.496] [main/DEBUG] [net.neoforged.fml.loading.moddiscovery.ModFileParser/LOADING]: Considering mod file candidate 
[20Jul2026 16:47:34.496] [main/DEBUG] [net.neoforged.fml.loading.moddiscovery.ModFileInfo/LOADING]: Found valid mod file com.kneelawk.extra-mod-integrations.extra-mod-integrations-farmers-delight-neoforge-1.0.3+1.21.1.jar with {extra_mod_integrations_farmers_delight} mods - versions {1.0.3+1.21.1}
[20Jul2026 16:47:34.496] [main/DEBUG] [net.neoforged.fml.loading.moddiscovery.ModFile/LOADING]: Loading mod file  with languages [LanguageSpec[languageName=javafml, acceptedVersions=[1,)]]
[20Jul2026 16:47:34.496] [main/DEBUG] [net.neoforged.fml.loading.moddiscovery.ModFileParser/LOADING]: Considering mod file candidate /var/opt/minecraft/crafty/crafty-4/servers/f208f13f-03b8-42f4-b07e-02f1dff6f964/mods/lootr-neoforge-1.21.1-1.11.37.120.jar
[20Jul2026 16:47:34.496] [main/DEBUG] [net.neoforged.fml.loading.moddiscovery.ModFileInfo/LOADING]: Found valid mod file lootr-neoforge-1.21.1-1.11.37.120.jar with {lootr} mods - versions {1.21.1-1.11.37.120}
[20Jul2026 16:47:34.496] [main/DEBUG] [net.neoforged.fml.loading.moddiscovery.ModFile/LOADING]: Loading mod file /var/opt/minecraft/crafty/crafty-4/servers/f208f13f-03b8-42f4-b07e-02f1dff6f964/mods/lootr-neoforge-1.21.1-1.11.37.120.jar with languages [LanguageSpec[languageName=javafml, acceptedVersions=[2,)]]
[20Jul2026 16:47:34.496] [main/DEBUG] [net.neoforged.fml.loading.moddiscovery.ModFile/LOADING]: Found mixin config MixinConfig[config=lootr-common.mixins.json, requiredMods=[]]
[20Jul2026 16:47:34.496] [main/DEBUG] [net.neoforged.fml.loading.moddiscovery.ModFile/LOADING]: Found mixin config MixinConfig[config=lootr-neoforge.mixins.json, requiredMods=[]]
[20Jul2026 16:47:34.496] [main/DEBUG] [net.neoforged.fml.loading.moddiscovery.ModFile/LOADING]: Found mixin config MixinConfig[config=lootr-neoforge-digsite_workshop.mixins.json, requiredMods=[digsite_workshop]]
[20Jul2026 16:47:34.496] [main/DEBUG] [net.neoforged.fml.loading.moddiscovery.ModFileInfo/LOADING]: Found valid mod file squaremap-fabric-mc1.21.1-1.3.2$cloud-fabric-2.0.0-beta.9$cloud-minecraft-modded-common-fabric-repack-2.0.0-beta.9_mapped_moj_1.21.1.jar with {org_incendo_cloud_minecraft_modded_common_fabric_repack_} mods - versions {2.0.0-beta.9}
[20Jul2026 16:47:34.496] [main/DEBUG] [net.neoforged.fml.loading.moddiscovery.ModFile/LOADING]: Loading mod file /var/opt/minecraft/crafty/crafty-4/servers/f208f13f-03b8-42f4-b07e-02f1dff6f964/mods/.connector/squaremap-fabric-mc1.21.1-1.3.2$cloud-fabric-2.0.0-beta.9$cloud-minecraft-modded-common-fabric-repack-2.0.0-beta.9_mapped_moj_1.21.1.jar with languages [LanguageSpec[languageName=javafml, acceptedVersions=[0,)]]
[20Jul2026 16:47:34.496] [main/DEBUG] [net.neoforged.fml.loading.moddiscovery.ModFileParser/LOADING]: Considering mod file candidate 
[20Jul2026 16:47:34.497] [main/DEBUG] [net.neoforged.fml.loading.moddiscovery.ModFileInfo/LOADING]: Found valid mod file fabric-message-api-v1-6.0.14+6a754fce19.jar with {fabric_message_api_v1} mods - versions {6.0.14+6a754fce19}
[20Jul2026 16:47:34.497] [main/DEBUG] [net.neoforged.fml.loading.moddiscovery.ModFile/LOADING]: Loading mod file  with languages [LanguageSpec[languageName=javafml, acceptedVersions=[1,)]]
[20Jul2026 16:47:34.497] [main/DEBUG] [net.neoforged.fml.loading.moddiscovery.ModFile/LOADING]: Found mixin config MixinConfig[config=fabric-message-api-v1.mixins.json, requiredMods=[]]
[20Jul2026 16:47:34.497] [main/DEBUG] [net.neoforged.fml.loading.moddiscovery.ModFile/LOADING]: Found mixin config MixinConfig[config=fabric-message-api-v1.client.mixins.json, requiredMods=[]]
[20Jul2026 16:47:34.497] [main/DEBUG] [net.neoforged.fml.loading.moddiscovery.ModFileParser/LOADING]: Considering mod file candidate 
[20Jul2026 16:47:34.497] [main/DEBUG] [net.neoforged.fml.loading.moddiscovery.ModFileInfo/LOADING]: Found valid mod file kuma-api-neoforge-21.0.8+1.21.jar with {kuma_api} mods - versions {21.0.8}
[20Jul2026 16:47:34.497] [main/DEBUG] [net.neoforged.fml.loading.moddiscovery.ModFile/LOADING]: Loading mod file  with languages [LanguageSpec[languageName=javafml, acceptedVersions=[1,)]]
[20Jul2026 16:47:34.497] [main/DEBUG] [net.neoforged.fml.loading.moddiscovery.ModFile/LOADING]: Found mixin config MixinConfig[config=kuma_api.mixins.json, requiredMods=[]]
[20Jul2026 16:47:34.497] [main/DEBUG] [net.neoforged.fml.loading.moddiscovery.ModFile/LOADING]: Found mixin config MixinConfig[config=kuma_api.neoforge.mixins.json, requiredMods=[]]
[20Jul2026 16:47:34.497] [main/DEBUG] [net.neoforged.fml.loading.moddiscovery.ModFileParser/LOADING]: Considering mod file candidate 
[20Jul2026 16:47:34.497] [main/DEBUG] [net.neoforged.fml.loading.moddiscovery.ModFileInfo/LOADING]: Found valid mod file fabric-renderer-api-v1-3.4.1+9125b6dc19.jar with {fabric_renderer_api_v1} mods - versions {3.4.1+9125b6dc19}
[20Jul2026 16:47:34.497] [main/DEBUG] [net.neoforged.fml.loading.moddiscovery.ModFile/LOADING]: Loading mod file  with languages [LanguageSpec[languageName=javafml, acceptedVersions=[1,)]]
[20Jul2026 16:47:34.497] [main/DEBUG] [net.neoforged.fml.loading.moddiscovery.ModFile/LOADING]: Found mixin config MixinConfig[config=fabric-renderer-api-v1.mixins.json, requiredMods=[]]
[20Jul2026 16:47:34.497] [main/DEBUG] [net.neoforged.fml.loading.moddiscovery.ModFile/LOADING]: Found mixin config MixinConfig[config=fabric-renderer-api-v1.debughud.mixins.json, requiredMods=[]]
[20Jul2026 16:47:34.497] [main/DEBUG] [net.neoforged.fml.loading.moddiscovery.ModFileParser/LOADING]: Considering mod file candidate 
[20Jul2026 16:47:34.497] [main/DEBUG] [net.neoforged.fml.loading.moddiscovery.ModFileInfo/LOADING]: Found valid mod file fabric-item-api-v1-11.2.0+0c57911319.jar with {fabric_item_api_v1} mods - versions {11.2.0+0c57911319}
[20Jul2026 16:47:34.497] [main/DEBUG] [net.neoforged.fml.loading.moddiscovery.ModFile/LOADING]: Loading mod file  with languages [LanguageSpec[languageName=javafml, acceptedVersions=[1,)]]
[20Jul2026 16:47:34.497] [main/DEBUG] [net.neoforged.fml.loading.moddiscovery.ModFile/LOADING]: Found mixin config MixinConfig[config=fabric-item-api-v1.mixins.json, requiredMods=[]]
[20Jul2026 16:47:34.497] [main/DEBUG] [net.neoforged.fml.loading.moddiscovery.ModFile/LOADING]: Found mixin config MixinConfig[config=fabric-item-api-v1.client.mixins.json, requiredMods=[]]
[20Jul2026 16:47:34.497] [main/DEBUG] [net.neoforged.fml.loading.moddiscovery.ModFileParser/LOADING]: Considering mod file candidate /var/opt/minecraft/crafty/crafty-4/servers/f208f13f-03b8-42f4-b07e-02f1dff6f964/mods/minersdelight-1.21.1-1.4.5.jar
[20Jul2026 16:47:34.497] [main/DEBUG] [net.neoforged.fml.loading.moddiscovery.ModFileInfo/LOADING]: Found valid mod file minersdelight-1.21.1-1.4.5.jar with {minersdelight} mods - versions {1.4.5}
[20Jul2026 16:47:34.497] [main/DEBUG] [net.neoforged.fml.loading.moddiscovery.ModFile/LOADING]: Loading mod file /var/opt/minecraft/crafty/crafty-4/servers/f208f13f-03b8-42f4-b07e-02f1dff6f964/mods/minersdelight-1.21.1-1.4.5.jar with languages [LanguageSpec[languageName=javafml, acceptedVersions=[4,)]]
[20Jul2026 16:47:34.497] [main/DEBUG] [net.neoforged.fml.loading.moddiscovery.ModFile/LOADING]: Found mixin config MixinConfig[config=minersdelight.mixins.json, requiredMods=[]]
[20Jul2026 16:47:34.497] [main/DEBUG] [net.neoforged.fml.loading.moddiscovery.ModFileParser/LOADING]: Considering mod file candidate /var/opt/minecraft/crafty/crafty-4/servers/f208f13f-03b8-42f4-b07e-02f1dff6f964/mods/YungsBetterOceanMonuments-1.21.1-NeoForge-4.1.2.jar
[20Jul2026 16:47:34.497] [main/DEBUG] [net.neoforged.fml.loading.moddiscovery.ModFileInfo/LOADING]: Found valid mod file YungsBetterOceanMonuments-1.21.1-NeoForge-4.1.2.jar with {betteroceanmonuments} mods - versions {1.21.1-NeoForge-4.1.2}
[20Jul2026 16:47:34.497] [main/DEBUG] [net.neoforged.fml.loading.moddiscovery.ModFile/LOADING]: Loading mod file /var/opt/minecraft/crafty/crafty-4/servers/f208f13f-03b8-42f4-b07e-02f1dff6f964/mods/YungsBetterOceanMonuments-1.21.1-NeoForge-4.1.2.jar with languages [LanguageSpec[languageName=javafml, acceptedVersions=[4,)]]
[20Jul2026 16:47:34.498] [main/DEBUG] [net.neoforged.fml.loading.moddiscovery.ModFile/LOADING]: Found mixin config MixinConfig[config=betteroceanmonuments.mixins.json, requiredMods=[]]
[20Jul2026 16:47:34.498] [main/DEBUG] [net.neoforged.fml.loading.moddiscovery.ModFileParser/LOADING]: Considering mod file candidate /var/opt/minecraft/crafty/crafty-4/servers/f208f13f-03b8-42f4-b07e-02f1dff6f964/mods/Incendium_1.21.x_v5.4.4.jar
[20Jul2026 16:47:34.498] [main/DEBUG] [net.neoforged.fml.loading.moddiscovery.ModFileInfo/LOADING]: Found valid mod file Incendium_1.21.x_v5.4.4.jar with {incendium} mods - versions {5.4.3}
[20Jul2026 16:47:34.498] [main/DEBUG] [net.neoforged.fml.loading.moddiscovery.ModFile/LOADING]: Loading mod file /var/opt/minecraft/crafty/crafty-4/servers/f208f13f-03b8-42f4-b07e-02f1dff6f964/mods/Incendium_1.21.x_v5.4.4.jar with languages [LanguageSpec[languageName=lowcodefml, acceptedVersions=[1,)]]
[20Jul2026 16:47:34.498] [main/DEBUG] [net.neoforged.fml.loading.moddiscovery.ModFileParser/LOADING]: Considering mod file candidate /var/opt/minecraft/crafty/crafty-4/servers/f208f13f-03b8-42f4-b07e-02f1dff6f964/mods/emi_loot-0.7.9+1.21+neoforge.jar
[20Jul2026 16:47:34.498] [main/DEBUG] [net.neoforged.fml.loading.moddiscovery.ModFileInfo/LOADING]: Found valid mod file emi_loot-0.7.9+1.21+neoforge.jar with {emi_loot} mods - versions {0.7.9+1.21+neoforge}
[20Jul2026 16:47:34.498] [main/DEBUG] [net.neoforged.fml.loading.moddiscovery.ModFile/LOADING]: Loading mod file /var/opt/minecraft/crafty/crafty-4/servers/f208f13f-03b8-42f4-b07e-02f1dff6f964/mods/emi_loot-0.7.9+1.21+neoforge.jar with languages [LanguageSpec[languageName=javafml, acceptedVersions=[2,)]]
[20Jul2026 16:47:34.498] [main/DEBUG] [net.neoforged.fml.loading.moddiscovery.ModFile/LOADING]: Found mixin config MixinConfig[config=emi_loot.mixins.json, requiredMods=[]]
[20Jul2026 16:47:34.498] [main/DEBUG] [net.neoforged.fml.loading.moddiscovery.ModFileParser/LOADING]: Considering mod file candidate /var/opt/minecraft/crafty/crafty-4/servers/f208f13f-03b8-42f4-b07e-02f1dff6f964/mods/Placebo-1.21.1-9.9.1.jar
[20Jul2026 16:47:34.498] [main/DEBUG] [net.neoforged.fml.loading.moddiscovery.ModFileInfo/LOADING]: Found valid mod file Placebo-1.21.1-9.9.1.jar with {placebo} mods - versions {9.9.1}
[20Jul2026 16:47:34.498] [main/DEBUG] [net.neoforged.fml.loading.moddiscovery.ModFile/LOADING]: Loading mod file /var/opt/minecraft/crafty/crafty-4/servers/f208f13f-03b8-42f4-b07e-02f1dff6f964/mods/Placebo-1.21.1-9.9.1.jar with languages [LanguageSpec[languageName=javafml, acceptedVersions=[2,)]]
[20Jul2026 16:47:34.499] [main/DEBUG] [net.neoforged.fml.loading.moddiscovery.ModFile/LOADING]: Found mixin config MixinConfig[config=placebo.mixins.json, requiredMods=[]]
[20Jul2026 16:47:34.499] [main/DEBUG] [net.neoforged.fml.loading.moddiscovery.ModFileParser/LOADING]: Considering mod file candidate /var/opt/minecraft/crafty/crafty-4/servers/f208f13f-03b8-42f4-b07e-02f1dff6f964/mods/bookshelf-neoforge-1.21.1-21.1.81.jar
[20Jul2026 16:47:34.499] [main/DEBUG] [net.neoforged.fml.loading.moddiscovery.ModFileInfo/LOADING]: Found valid mod file bookshelf-neoforge-1.21.1-21.1.81.jar with {bookshelf} mods - versions {21.1.81}
[20Jul2026 16:47:34.499] [main/DEBUG] [net.neoforged.fml.loading.moddiscovery.ModFile/LOADING]: Loading mod file /var/opt/minecraft/crafty/crafty-4/servers/f208f13f-03b8-42f4-b07e-02f1dff6f964/mods/bookshelf-neoforge-1.21.1-21.1.81.jar with languages [LanguageSpec[languageName=javafml, acceptedVersions=[4,)]]
[20Jul2026 16:47:34.499] [main/DEBUG] [net.neoforged.fml.loading.moddiscovery.ModFile/LOADING]: Found mixin config MixinConfig[config=bookshelf.mixins.json, requiredMods=[]]
[20Jul2026 16:47:34.499] [main/DEBUG] [net.neoforged.fml.loading.moddiscovery.ModFile/LOADING]: Found mixin config MixinConfig[config=bookshelf.neoforge.mixins.json, requiredMods=[]]
[20Jul2026 16:47:34.499] [main/DEBUG] [net.neoforged.fml.loading.moddiscovery.ModFileParser/LOADING]: Considering mod file candidate /var/opt/minecraft/crafty/crafty-4/servers/f208f13f-03b8-42f4-b07e-02f1dff6f964/mods/ends_delight-2.6+neoforge.1.21.1.jar
[20Jul2026 16:47:34.499] [main/DEBUG] [net.neoforged.fml.loading.moddiscovery.ModFileInfo/LOADING]: Found valid mod file ends_delight-2.6+neoforge.1.21.1.jar with {ends_delight} mods - versions {2.6+neoforge.1.21.1}
[20Jul2026 16:47:34.499] [main/DEBUG] [net.neoforged.fml.loading.moddiscovery.ModFile/LOADING]: Loading mod file /var/opt/minecraft/crafty/crafty-4/servers/f208f13f-03b8-42f4-b07e-02f1dff6f964/mods/ends_delight-2.6+neoforge.1.21.1.jar with languages [LanguageSpec[languageName=javafml, acceptedVersions=[4,)]]
[20Jul2026 16:47:34.499] [main/DEBUG] [net.neoforged.fml.loading.moddiscovery.ModFileParser/LOADING]: Considering mod file candidate /var/opt/minecraft/crafty/crafty-4/servers/f208f13f-03b8-42f4-b07e-02f1dff6f964/mods/quick-pack-neoforge-1.3.2+1.21.8.jar
[20Jul2026 16:47:34.499] [main/DEBUG] [net.neoforged.fml.loading.moddiscovery.ModFileInfo/LOADING]: Found valid mod file quick-pack-neoforge-1.3.2+1.21.8.jar with {quick_pack} mods - versions {1.3.2}
[20Jul2026 16:47:34.499] [main/DEBUG] [net.neoforged.fml.loading.moddiscovery.ModFile/LOADING]: Loading mod file /var/opt/minecraft/crafty/crafty-4/servers/f208f13f-03b8-42f4-b07e-02f1dff6f964/mods/quick-pack-neoforge-1.3.2+1.21.8.jar with languages [LanguageSpec[languageName=javafml, acceptedVersions=*]]
[20Jul2026 16:47:34.499] [main/DEBUG] [net.neoforged.fml.loading.moddiscovery.ModFile/LOADING]: Found mixin config MixinConfig[config=quick-pack.mixins.json, requiredMods=[]]
[20Jul2026 16:47:34.499] [main/DEBUG] [net.neoforged.fml.loading.moddiscovery.ModFileParser/LOADING]: Considering mod file candidate 
[20Jul2026 16:47:34.500] [main/DEBUG] [net.neoforged.fml.loading.moddiscovery.ModFileInfo/LOADING]: Found valid mod file org.sinytra.connector-2.0.0-beta.14+1.21.1-mod.jar with {connector} mods - versions {2.0.0-beta.14+1.21.1}
[20Jul2026 16:47:34.500] [main/DEBUG] [net.neoforged.fml.loading.moddiscovery.ModFile/LOADING]: Loading mod file  with languages [LanguageSpec[languageName=javafml, acceptedVersions=*]]
[20Jul2026 16:47:34.500] [main/DEBUG] [net.neoforged.fml.loading.moddiscovery.ModFile/LOADING]: Found mixin config MixinConfig[config=connector.mixins.json, requiredMods=[]]
[20Jul2026 16:47:34.500] [main/DEBUG] [net.neoforged.fml.loading.moddiscovery.ModFileParser/LOADING]: Considering mod file candidate /var/opt/minecraft/crafty/crafty-4/servers/f208f13f-03b8-42f4-b07e-02f1dff6f964/mods/interiors-1.21.1-neoforge-0.6.1.jar
[20Jul2026 16:47:34.500] [main/DEBUG] [net.neoforged.fml.loading.moddiscovery.ModFileInfo/LOADING]: Found valid mod file interiors-1.21.1-neoforge-0.6.1.jar with {interiors} mods - versions {0.6.1}
[20Jul2026 16:47:34.500] [main/DEBUG] [net.neoforged.fml.loading.moddiscovery.ModFile/LOADING]: Loading mod file /var/opt/minecraft/crafty/crafty-4/servers/f208f13f-03b8-42f4-b07e-02f1dff6f964/mods/interiors-1.21.1-neoforge-0.6.1.jar with languages [LanguageSpec[languageName=javafml, acceptedVersions=[1,)]]
[20Jul2026 16:47:34.500] [main/DEBUG] [net.neoforged.fml.loading.moddiscovery.ModFile/LOADING]: Found mixin config MixinConfig[config=interiors.mixins.json, requiredMods=[]]
[20Jul2026 16:47:34.500] [main/DEBUG] [net.neoforged.fml.loading.moddiscovery.ModFileParser/LOADING]: Considering mod file candidate 
[20Jul2026 16:47:34.500] [main/DEBUG] [net.neoforged.fml.loading.moddiscovery.ModFileInfo/LOADING]: Found valid mod file c2me-fixes-worldgen-vanilla-bugs-mc1.21.1-0.3.0+alpha.0.93.jar with {c2me_fixes_worldgen_vanilla_bugs} mods - versions {0.3.0+alpha.0.93+1.21.1}
[20Jul2026 16:47:34.500] [main/DEBUG] [net.neoforged.fml.loading.moddiscovery.ModFile/LOADING]: Loading mod file  with languages [LanguageSpec[languageName=lowcodefml, acceptedVersions=*]]
[20Jul2026 16:47:34.500] [main/DEBUG] [net.neoforged.fml.loading.moddiscovery.ModFile/LOADING]: Found mixin config MixinConfig[config=c2me-fixes-worldgen-vanilla-bugs.mixins.json, requiredMods=[]]
[20Jul2026 16:47:34.500] [main/DEBUG] [net.neoforged.fml.loading.moddiscovery.ModFileParser/LOADING]: Considering mod file candidate 
[20Jul2026 16:47:34.500] [main/DEBUG] [net.neoforged.fml.loading.moddiscovery.ModFileInfo/LOADING]: Found valid mod file modmenu-bridge-1.12.1+1.21.1.jar with {connectorextras_modmenu_bridge,modmenu} mods - versions {1.12.1+1.21.1,11.0.1}
[20Jul2026 16:47:34.500] [main/DEBUG] [net.neoforged.fml.loading.moddiscovery.ModFile/LOADING]: Loading mod file  with languages [LanguageSpec[languageName=javafml, acceptedVersions=*]]
[20Jul2026 16:47:34.500] [main/DEBUG] [net.neoforged.fml.loading.moddiscovery.ModFile/LOADING]: Found mixin config MixinConfig[config=mixins.connectorextras_modmenu_bridge.json, requiredMods=[]]
[20Jul2026 16:47:34.500] [main/DEBUG] [net.neoforged.fml.loading.moddiscovery.ModFileParser/LOADING]: Considering mod file candidate /var/opt/minecraft/crafty/crafty-4/servers/f208f13f-03b8-42f4-b07e-02f1dff6f964/mods/create-shufflefilter-2.1.0-neo.jar
[20Jul2026 16:47:34.500] [main/DEBUG] [net.neoforged.fml.loading.moddiscovery.ModFileInfo/LOADING]: Found valid mod file create-shufflefilter-2.1.0-neo.jar with {createshufflefilter} mods - versions {2.1.0}
[20Jul2026 16:47:34.500] [main/DEBUG] [net.neoforged.fml.loading.moddiscovery.ModFile/LOADING]: Loading mod file /var/opt/minecraft/crafty/crafty-4/servers/f208f13f-03b8-42f4-b07e-02f1dff6f964/mods/create-shufflefilter-2.1.0-neo.jar with languages [LanguageSpec[languageName=javafml, acceptedVersions=[1,)]]
[20Jul2026 16:47:34.500] [main/DEBUG] [net.neoforged.fml.loading.moddiscovery.ModFile/LOADING]: Found mixin config MixinConfig[config=createshufflefilter.mixins.json, requiredMods=[]]
[20Jul2026 16:47:34.500] [main/DEBUG] [net.neoforged.fml.loading.moddiscovery.ModFileParser/LOADING]: Considering mod file candidate /var/opt/minecraft/crafty/crafty-4/servers/f208f13f-03b8-42f4-b07e-02f1dff6f964/mods/forgified-fabric-api-0.116.7+2.2.4+1.21.1.jar
[20Jul2026 16:47:34.500] [main/DEBUG] [net.neoforged.fml.loading.moddiscovery.ModFileInfo/LOADING]: Found valid mod file forgified-fabric-api-0.116.7+2.2.4+1.21.1.jar with {fabric_api,forgified_fabric_api} mods - versions {0.116.7+2.2.4+1.21.1,0.116.7+2.2.4+1.21.1}
[20Jul2026 16:47:34.500] [main/DEBUG] [net.neoforged.fml.loading.moddiscovery.ModFile/LOADING]: Loading mod file /var/opt/minecraft/crafty/crafty-4/servers/f208f13f-03b8-42f4-b07e-02f1dff6f964/mods/forgified-fabric-api-0.116.7+2.2.4+1.21.1.jar with languages [LanguageSpec[languageName=lowcodefml, acceptedVersions=[1,)]]
[20Jul2026 16:47:34.500] [main/DEBUG] [net.neoforged.fml.loading.moddiscovery.ModFileParser/LOADING]: Considering mod file candidate /var/opt/minecraft/crafty/crafty-4/servers/f208f13f-03b8-42f4-b07e-02f1dff6f964/mods/fzzy_config-0.7.6+1.21+neoforge.jar
[20Jul2026 16:47:34.501] [main/DEBUG] [net.neoforged.fml.loading.moddiscovery.ModFileInfo/LOADING]: Found valid mod file fzzy_config-0.7.6+1.21+neoforge.jar with {fzzy_config} mods - versions {0.7.6+1.21+neoforge}
[20Jul2026 16:47:34.501] [main/DEBUG] [net.neoforged.fml.loading.moddiscovery.ModFile/LOADING]: Loading mod file /var/opt/minecraft/crafty/crafty-4/servers/f208f13f-03b8-42f4-b07e-02f1dff6f964/mods/fzzy_config-0.7.6+1.21+neoforge.jar with languages [LanguageSpec[languageName=javafml, acceptedVersions=[1,)]]
[20Jul2026 16:47:34.501] [main/DEBUG] [net.neoforged.fml.loading.moddiscovery.ModFileParser/LOADING]: Considering mod file candidate /var/opt/minecraft/crafty/crafty-4/servers/f208f13f-03b8-42f4-b07e-02f1dff6f964/mods/konkrete_neoforge_1.9.9_MC_1.21.jar
[20Jul2026 16:47:34.501] [main/DEBUG] [net.neoforged.fml.loading.moddiscovery.ModFileInfo/LOADING]: Found valid mod file konkrete_neoforge_1.9.9_MC_1.21.jar with {konkrete} mods - versions {1.9.9}
[20Jul2026 16:47:34.501] [main/DEBUG] [net.neoforged.fml.loading.moddiscovery.ModFile/LOADING]: Loading mod file /var/opt/minecraft/crafty/crafty-4/servers/f208f13f-03b8-42f4-b07e-02f1dff6f964/mods/konkrete_neoforge_1.9.9_MC_1.21.jar with languages [LanguageSpec[languageName=javafml, acceptedVersions=[2,)]]
[20Jul2026 16:47:34.501] [main/DEBUG] [net.neoforged.fml.loading.moddiscovery.ModFile/LOADING]: Found mixin config MixinConfig[config=konkrete.mixins.json, requiredMods=[]]
[20Jul2026 16:47:34.501] [main/DEBUG] [net.neoforged.fml.loading.moddiscovery.ModFile/LOADING]: Found mixin config MixinConfig[config=konkrete.neoforge.mixins.json, requiredMods=[]]
[20Jul2026 16:47:34.501] [main/DEBUG] [net.neoforged.fml.loading.moddiscovery.ModFileParser/LOADING]: Considering mod file candidate /var/opt/minecraft/crafty/crafty-4/servers/f208f13f-03b8-42f4-b07e-02f1dff6f964/mods/dsbg-1.0-1.21.1-neoforge.jar
[20Jul2026 16:47:34.501] [main/DEBUG] [net.neoforged.fml.loading.moddiscovery.ModFileInfo/LOADING]: Found valid mod file dsbg-1.0-1.21.1-neoforge.jar with {dsbg} mods - versions {1.0}
[20Jul2026 16:47:34.501] [main/DEBUG] [net.neoforged.fml.loading.moddiscovery.ModFile/LOADING]: Loading mod file /var/opt/minecraft/crafty/crafty-4/servers/f208f13f-03b8-42f4-b07e-02f1dff6f964/mods/dsbg-1.0-1.21.1-neoforge.jar with languages [LanguageSpec[languageName=javafml, acceptedVersions=[2,)]]
[20Jul2026 16:47:34.501] [main/DEBUG] [net.neoforged.fml.loading.moddiscovery.ModFile/LOADING]: Found mixin config MixinConfig[config=dsbg.mixins.json, requiredMods=[]]
[20Jul2026 16:47:34.501] [main/DEBUG] [net.neoforged.fml.loading.moddiscovery.ModFileParser/LOADING]: Considering mod file candidate /var/opt/minecraft/crafty/crafty-4/servers/f208f13f-03b8-42f4-b07e-02f1dff6f964/mods/chipped-neoforge-1.21.1-4.0.2.jar
[20Jul2026 16:47:34.501] [main/DEBUG] [net.neoforged.fml.loading.moddiscovery.ModFileInfo/LOADING]: Found valid mod file chipped-neoforge-1.21.1-4.0.2.jar with {chipped} mods - versions {4.0.2}
[20Jul2026 16:47:34.501] [main/DEBUG] [net.neoforged.fml.loading.moddiscovery.ModFile/LOADING]: Loading mod file /var/opt/minecraft/crafty/crafty-4/servers/f208f13f-03b8-42f4-b07e-02f1dff6f964/mods/chipped-neoforge-1.21.1-4.0.2.jar with languages [LanguageSpec[languageName=javafml, acceptedVersions=[1,)]]
[20Jul2026 16:47:34.501] [main/DEBUG] [net.neoforged.fml.loading.moddiscovery.ModFile/LOADING]: Found mixin config MixinConfig[config=chipped-common.mixins.json, requiredMods=[]]
[20Jul2026 16:47:34.501] [main/DEBUG] [net.neoforged.fml.loading.moddiscovery.ModFileParser/LOADING]: Considering mod file candidate /var/opt/minecraft/crafty/crafty-4/servers/f208f13f-03b8-42f4-b07e-02f1dff6f964/mods/create_connected-1.2.2-mc1.21.1.jar
[20Jul2026 16:47:34.501] [main/DEBUG] [net.neoforged.fml.loading.moddiscovery.ModFileInfo/LOADING]: Found valid mod file create_connected-1.2.2-mc1.21.1.jar with {create_connected} mods - versions {1.2.2-mc1.21.1}
[20Jul2026 16:47:34.501] [main/DEBUG] [net.neoforged.fml.loading.moddiscovery.ModFile/LOADING]: Loading mod file /var/opt/minecraft/crafty/crafty-4/servers/f208f13f-03b8-42f4-b07e-02f1dff6f964/mods/create_connected-1.2.2-mc1.21.1.jar with languages [LanguageSpec[languageName=javafml, acceptedVersions=[4,)]]
[20Jul2026 16:47:34.501] [main/DEBUG] [net.neoforged.fml.loading.moddiscovery.ModFile/LOADING]: Found mixin config MixinConfig[config=create_connected.mixins.json, requiredMods=[]]
[20Jul2026 16:47:34.501] [main/DEBUG] [net.neoforged.fml.loading.moddiscovery.ModFileParser/LOADING]: Considering mod file candidate 
[20Jul2026 16:47:34.502] [main/DEBUG] [net.neoforged.fml.loading.moddiscovery.ModFileInfo/LOADING]: Found valid mod file fabric-api-lookup-api-v1-1.6.71+c290471319.jar with {fabric_api_lookup_api_v1} mods - versions {1.6.71+c290471319}
[20Jul2026 16:47:34.502] [main/DEBUG] [net.neoforged.fml.loading.moddiscovery.ModFile/LOADING]: Loading mod file  with languages [LanguageSpec[languageName=javafml, acceptedVersions=[1,)]]
[20Jul2026 16:47:34.502] [main/DEBUG] [net.neoforged.fml.loading.moddiscovery.ModFile/LOADING]: Found mixin config MixinConfig[config=fabric-api-lookup-api-v1.mixins.json, requiredMods=[]]
[20Jul2026 16:47:34.502] [main/DEBUG] [net.neoforged.fml.loading.moddiscovery.ModFileInfo/LOADING]: Found valid mod file squaremap-fabric-mc1.21.1-1.3.2_mapped_moj_1.21.1.jar with {squaremap} mods - versions {1.3.2}
[20Jul2026 16:47:34.502] [main/DEBUG] [net.neoforged.fml.loading.moddiscovery.ModFile/LOADING]: Loading mod file /var/opt/minecraft/crafty/crafty-4/servers/f208f13f-03b8-42f4-b07e-02f1dff6f964/mods/.connector/squaremap-fabric-mc1.21.1-1.3.2_mapped_moj_1.21.1.jar with languages [LanguageSpec[languageName=javafml, acceptedVersions=[0,)]]
[20Jul2026 16:47:34.502] [main/DEBUG] [net.neoforged.fml.loading.moddiscovery.ModFile/LOADING]: Found mixin config MixinConfig[config=squaremap-fabric.mixins.json, requiredMods=[]]
[20Jul2026 16:47:34.502] [main/DEBUG] [net.neoforged.fml.loading.moddiscovery.ModFileParser/LOADING]: Considering mod file candidate /var/opt/minecraft/crafty/crafty-4/servers/f208f13f-03b8-42f4-b07e-02f1dff6f964/mods/Chunky-NeoForge-1.4.23.jar
[20Jul2026 16:47:34.502] [main/DEBUG] [net.neoforged.fml.loading.moddiscovery.ModFileInfo/LOADING]: Found valid mod file Chunky-NeoForge-1.4.23.jar with {chunky} mods - versions {1.4.23}
[20Jul2026 16:47:34.502] [main/DEBUG] [net.neoforged.fml.loading.moddiscovery.ModFile/LOADING]: Loading mod file /var/opt/minecraft/crafty/crafty-4/servers/f208f13f-03b8-42f4-b07e-02f1dff6f964/mods/Chunky-NeoForge-1.4.23.jar with languages [LanguageSpec[languageName=javafml, acceptedVersions=[3,)]]
[20Jul2026 16:47:34.502] [main/DEBUG] [net.neoforged.fml.loading.moddiscovery.ModFileParser/LOADING]: Considering mod file candidate /var/opt/minecraft/crafty/crafty-4/servers/f208f13f-03b8-42f4-b07e-02f1dff6f964/mods/delightfulcreators-1.2.jar
[20Jul2026 16:47:34.502] [main/DEBUG] [net.neoforged.fml.loading.moddiscovery.ModFileInfo/LOADING]: Found valid mod file delightfulcreators-1.2.jar with {delightfulcreators} mods - versions {1.2}
[20Jul2026 16:47:34.502] [main/DEBUG] [net.neoforged.fml.loading.moddiscovery.ModFile/LOADING]: Loading mod file /var/opt/minecraft/crafty/crafty-4/servers/f208f13f-03b8-42f4-b07e-02f1dff6f964/mods/delightfulcreators-1.2.jar with languages [LanguageSpec[languageName=javafml, acceptedVersions=[4,)]]
[20Jul2026 16:47:34.502] [main/DEBUG] [net.neoforged.fml.loading.moddiscovery.ModFileInfo/LOADING]: Found valid mod file squaremap-fabric-mc1.21.1-1.3.2$cardinal-components-base-6.1.1_mapped_moj_1.21.1.jar with {cardinal_components_base} mods - versions {6.1.1}
[20Jul2026 16:47:34.502] [main/DEBUG] [net.neoforged.fml.loading.moddiscovery.ModFile/LOADING]: Loading mod file /var/opt/minecraft/crafty/crafty-4/servers/f208f13f-03b8-42f4-b07e-02f1dff6f964/mods/.connector/squaremap-fabric-mc1.21.1-1.3.2$cardinal-components-base-6.1.1_mapped_moj_1.21.1.jar with languages [LanguageSpec[languageName=javafml, acceptedVersions=[0,)]]
[20Jul2026 16:47:34.502] [main/DEBUG] [net.neoforged.fml.loading.moddiscovery.ModFile/LOADING]: Found mixin config MixinConfig[config=mixins.cardinal_components_base.json, requiredMods=[]]
[20Jul2026 16:47:34.502] [main/DEBUG] [net.neoforged.fml.loading.moddiscovery.ModFileParser/LOADING]: Considering mod file candidate /META-INF/jarjar/asynclogger-1.1.4+1.21.1-neoforge-mod.jar
[20Jul2026 16:47:34.503] [main/DEBUG] [net.neoforged.fml.loading.moddiscovery.ModFileInfo/LOADING]: Found valid mod file asynclogger-1.1.4+1.21.1-neoforge-mod.jar with {asynclogger} mods - versions {1.1.4+1.21.1-neoforge}
[20Jul2026 16:47:34.503] [main/DEBUG] [net.neoforged.fml.loading.moddiscovery.ModFile/LOADING]: Loading mod file /META-INF/jarjar/asynclogger-1.1.4+1.21.1-neoforge-mod.jar with languages [LanguageSpec[languageName=javafml, acceptedVersions=[2,)]]
[20Jul2026 16:47:34.503] [main/DEBUG] [net.neoforged.fml.loading.moddiscovery.ModFileParser/LOADING]: Considering mod file candidate /var/opt/minecraft/crafty/crafty-4/servers/f208f13f-03b8-42f4-b07e-02f1dff6f964/mods/AI-Improvements-1.21-0.5.3.jar
[20Jul2026 16:47:34.503] [main/DEBUG] [net.neoforged.fml.loading.moddiscovery.ModFileInfo/LOADING]: Found valid mod file AI-Improvements-1.21-0.5.3.jar with {aiimprovements} mods - versions {0.5.3}
[20Jul2026 16:47:34.503] [main/DEBUG] [net.neoforged.fml.loading.moddiscovery.ModFile/LOADING]: Loading mod file /var/opt/minecraft/crafty/crafty-4/servers/f208f13f-03b8-42f4-b07e-02f1dff6f964/mods/AI-Improvements-1.21-0.5.3.jar with languages [LanguageSpec[languageName=javafml, acceptedVersions=[1,)]]
[20Jul2026 16:47:34.503] [main/DEBUG] [net.neoforged.fml.loading.moddiscovery.ModFileParser/LOADING]: Considering mod file candidate 
[20Jul2026 16:47:34.503] [main/DEBUG] [net.neoforged.fml.loading.moddiscovery.ModFileInfo/LOADING]: Found valid mod file com.kneelawk.extra-mod-integrations.extra-mod-integrations-isns-neoforge-1.0.3+1.21.1.jar with {extra_mod_integrations_irons_spellbooks} mods - versions {1.0.3+1.21.1}
[20Jul2026 16:47:34.503] [main/DEBUG] [net.neoforged.fml.loading.moddiscovery.ModFile/LOADING]: Loading mod file  with languages [LanguageSpec[languageName=javafml, acceptedVersions=[1,)]]
[20Jul2026 16:47:34.503] [main/DEBUG] [net.neoforged.fml.loading.moddiscovery.ModFileParser/LOADING]: Considering mod file candidate 
[20Jul2026 16:47:34.503] [main/DEBUG] [net.neoforged.fml.loading.moddiscovery.ModFileInfo/LOADING]: Found valid mod file c2me-rewrites-chunkio-mc1.21.1-0.3.0+alpha.0.93.jar with {c2me_rewrites_chunkio} mods - versions {0.3.0+alpha.0.93+1.21.1}
[20Jul2026 16:47:34.503] [main/DEBUG] [net.neoforged.fml.loading.moddiscovery.ModFile/LOADING]: Loading mod file  with languages [LanguageSpec[languageName=lowcodefml, acceptedVersions=*]]
[20Jul2026 16:47:34.503] [main/DEBUG] [net.neoforged.fml.loading.moddiscovery.ModFile/LOADING]: Found mixin config MixinConfig[config=c2me-rewrites-chunkio.mixins.json, requiredMods=[]]
[20Jul2026 16:47:34.503] [main/DEBUG] [net.neoforged.fml.loading.moddiscovery.ModFileParser/LOADING]: Considering mod file candidate 
[20Jul2026 16:47:34.503] [main/DEBUG] [net.neoforged.fml.loading.moddiscovery.ModFileInfo/LOADING]: Found valid mod file fabric-key-binding-api-v1-1.0.47+62cc7ce119.jar with {fabric_key_binding_api_v1} mods - versions {1.0.47+62cc7ce119}
[20Jul2026 16:47:34.503] [main/DEBUG] [net.neoforged.fml.loading.moddiscovery.ModFile/LOADING]: Loading mod file  with languages [LanguageSpec[languageName=javafml, acceptedVersions=[1,)]]
[20Jul2026 16:47:34.503] [main/DEBUG] [net.neoforged.fml.loading.moddiscovery.ModFile/LOADING]: Found mixin config MixinConfig[config=fabric-key-binding-api-v1.mixins.json, requiredMods=[]]
[20Jul2026 16:47:34.503] [main/DEBUG] [net.neoforged.fml.loading.moddiscovery.ModFileParser/LOADING]: Considering mod file candidate 
[20Jul2026 16:47:34.503] [main/DEBUG] [net.neoforged.fml.loading.moddiscovery.ModFileInfo/LOADING]: Found valid mod file fabric-transfer-api-v1-5.4.3+a25cb45619.jar with {fabric_transfer_api_v1} mods - versions {5.4.3+a25cb45619}
[20Jul2026 16:47:34.503] [main/DEBUG] [net.neoforged.fml.loading.moddiscovery.ModFile/LOADING]: Loading mod file  with languages [LanguageSpec[languageName=javafml, acceptedVersions=[1,)]]
[20Jul2026 16:47:34.503] [main/DEBUG] [net.neoforged.fml.loading.moddiscovery.ModFile/LOADING]: Found mixin config MixinConfig[config=fabric-transfer-api-v1.mixins.json, requiredMods=[]]
[20Jul2026 16:47:34.503] [main/DEBUG] [net.neoforged.fml.loading.moddiscovery.ModFileParser/LOADING]: Considering mod file candidate /var/opt/minecraft/crafty/crafty-4/servers/f208f13f-03b8-42f4-b07e-02f1dff6f964/mods/copycats-3.0.4+mc.1.21.1-neoforge.jar
[20Jul2026 16:47:34.503] [main/DEBUG] [net.neoforged.fml.loading.moddiscovery.ModFileInfo/LOADING]: Found valid mod file copycats-3.0.4+mc.1.21.1-neoforge.jar with {copycats} mods - versions {3.0.4+mc.1.21.1-neoforge}
[20Jul2026 16:47:34.503] [main/DEBUG] [net.neoforged.fml.loading.moddiscovery.ModFile/LOADING]: Loading mod file /var/opt/minecraft/crafty/crafty-4/servers/f208f13f-03b8-42f4-b07e-02f1dff6f964/mods/copycats-3.0.4+mc.1.21.1-neoforge.jar with languages [LanguageSpec[languageName=javafml, acceptedVersions=[1,)]]
[20Jul2026 16:47:34.503] [main/DEBUG] [net.neoforged.fml.loading.moddiscovery.ModFile/LOADING]: Found mixin config MixinConfig[config=copycats-common.mixins.json, requiredMods=[]]
[20Jul2026 16:47:34.503] [main/DEBUG] [net.neoforged.fml.loading.moddiscovery.ModFile/LOADING]: Found mixin config MixinConfig[config=copycats-neoforge.mixins.json, requiredMods=[]]
[20Jul2026 16:47:34.503] [main/DEBUG] [net.neoforged.fml.loading.moddiscovery.ModFileParser/LOADING]: Considering mod file candidate 
[20Jul2026 16:47:34.504] [main/DEBUG] [net.neoforged.fml.loading.moddiscovery.ModFileInfo/LOADING]: Found valid mod file pehkui-bridge-1.12.1+1.21.1.jar with {connectorextras_pehkui_bridge} mods - versions {1.12.1+1.21.1}
[20Jul2026 16:47:34.504] [main/DEBUG] [net.neoforged.fml.loading.moddiscovery.ModFile/LOADING]: Loading mod file  with languages [LanguageSpec[languageName=javafml, acceptedVersions=*]]
[20Jul2026 16:47:34.504] [main/DEBUG] [net.neoforged.fml.loading.moddiscovery.ModFile/LOADING]: Found mixin config MixinConfig[config=mixins.pehkuibridge.json, requiredMods=[]]
[20Jul2026 16:47:34.504] [main/DEBUG] [net.neoforged.fml.loading.moddiscovery.ModFileParser/LOADING]: Considering mod file candidate 
[20Jul2026 16:47:34.504] [main/DEBUG] [net.neoforged.fml.loading.moddiscovery.ModFileInfo/LOADING]: Found valid mod file xaerolib-neoforge-1.21-1.0.42.jar with {xaerolib} mods - versions {1.0.42}
[20Jul2026 16:47:34.504] [main/DEBUG] [net.neoforged.fml.loading.moddiscovery.ModFile/LOADING]: Loading mod file  with languages [LanguageSpec[languageName=javafml, acceptedVersions=[4,)]]
[20Jul2026 16:47:34.504] [main/DEBUG] [net.neoforged.fml.loading.moddiscovery.ModFile/LOADING]: Found mixin config MixinConfig[config=xaerolib.mixins.json, requiredMods=[]]
[20Jul2026 16:47:34.504] [main/DEBUG] [net.neoforged.fml.loading.moddiscovery.ModFile/LOADING]: Found mixin config MixinConfig[config=xaerolib.neoforge.mixins.json, requiredMods=[]]
[20Jul2026 16:47:34.504] [main/DEBUG] [net.neoforged.fml.loading.moddiscovery.ModFileParser/LOADING]: Considering mod file candidate 
[20Jul2026 16:47:34.504] [main/DEBUG] [net.neoforged.fml.loading.moddiscovery.ModFileInfo/LOADING]: Found valid mod file fabric-resource-loader-v0-1.3.1+4ea8954419.jar with {fabric_resource_loader_v0} mods - versions {1.3.1+4ea8954419}
[20Jul2026 16:47:34.504] [main/DEBUG] [net.neoforged.fml.loading.moddiscovery.ModFile/LOADING]: Loading mod file  with languages [LanguageSpec[languageName=javafml, acceptedVersions=[1,)]]
[20Jul2026 16:47:34.504] [main/DEBUG] [net.neoforged.fml.loading.moddiscovery.ModFile/LOADING]: Found mixin config MixinConfig[config=fabric-resource-loader-v0.mixins.json, requiredMods=[]]
[20Jul2026 16:47:34.504] [main/DEBUG] [net.neoforged.fml.loading.moddiscovery.ModFile/LOADING]: Found mixin config MixinConfig[config=fabric-resource-loader-v0.client.mixins.json, requiredMods=[]]
[20Jul2026 16:47:34.504] [main/DEBUG] [net.neoforged.fml.loading.moddiscovery.ModFileParser/LOADING]: Considering mod file candidate /var/opt/minecraft/crafty/crafty-4/servers/f208f13f-03b8-42f4-b07e-02f1dff6f964/mods/CreateDragonsPlus-1.11.2b.jar
[20Jul2026 16:47:34.504] [main/DEBUG] [net.neoforged.fml.loading.moddiscovery.ModFileInfo/LOADING]: Found valid mod file CreateDragonsPlus-1.11.2b.jar with {create_dragons_plus} mods - versions {1.11.2b}
[20Jul2026 16:47:34.504] [main/DEBUG] [net.neoforged.fml.loading.moddiscovery.ModFile/LOADING]: Loading mod file /var/opt/minecraft/crafty/crafty-4/servers/f208f13f-03b8-42f4-b07e-02f1dff6f964/mods/CreateDragonsPlus-1.11.2b.jar with languages [LanguageSpec[languageName=javafml, acceptedVersions=[4,)]]
[20Jul2026 16:47:34.504] [main/DEBUG] [net.neoforged.fml.loading.moddiscovery.ModFile/LOADING]: Found mixin config MixinConfig[config=create_dragons_plus.mixins.json, requiredMods=[]]
[20Jul2026 16:47:34.504] [main/DEBUG] [net.neoforged.fml.loading.moddiscovery.ModFile/LOADING]: Found mixin config MixinConfig[config=create_dragons_plus.sable.mixins.json, requiredMods=[]]
[20Jul2026 16:47:34.504] [main/DEBUG] [net.neoforged.fml.loading.moddiscovery.ModFile/LOADING]: Found mixin config MixinConfig[config=create_dragons_plus.create_garnished.mixins.json, requiredMods=[]]
[20Jul2026 16:47:34.504] [main/DEBUG] [net.neoforged.fml.loading.moddiscovery.ModFile/LOADING]: Found mixin config MixinConfig[config=create_dragons_plus.create_dnd.mixins.json, requiredMods=[]]
[20Jul2026 16:47:34.504] [main/DEBUG] [net.neoforged.fml.loading.moddiscovery.ModFile/LOADING]: Found mixin config MixinConfig[config=create_dragons_plus.aether.mixins.json, requiredMods=[]]
[20Jul2026 16:47:34.504] [main/DEBUG] [net.neoforged.fml.loading.moddiscovery.ModFileParser/LOADING]: Considering mod file candidate /var/opt/minecraft/crafty/crafty-4/servers/f208f13f-03b8-42f4-b07e-02f1dff6f964/mods/mapsyncer-1.0.3-neoforge-1.21.1.jar
[20Jul2026 16:47:34.504] [main/DEBUG] [net.neoforged.fml.loading.moddiscovery.ModFileInfo/LOADING]: Found valid mod file mapsyncer-1.0.3-neoforge-1.21.1.jar with {mapsyncer} mods - versions {1.0.3}
[20Jul2026 16:47:34.504] [main/DEBUG] [net.neoforged.fml.loading.moddiscovery.ModFile/LOADING]: Loading mod file /var/opt/minecraft/crafty/crafty-4/servers/f208f13f-03b8-42f4-b07e-02f1dff6f964/mods/mapsyncer-1.0.3-neoforge-1.21.1.jar with languages [LanguageSpec[languageName=javafml, acceptedVersions=[4,)]]
[20Jul2026 16:47:34.504] [main/DEBUG] [net.neoforged.fml.loading.moddiscovery.ModFileParser/LOADING]: Considering mod file candidate /var/opt/minecraft/crafty/crafty-4/servers/f208f13f-03b8-42f4-b07e-02f1dff6f964/mods/iChunUtil-1.21-NeoForge-1.0.3.jar
[20Jul2026 16:47:34.505] [main/DEBUG] [net.neoforged.fml.loading.moddiscovery.ModFileInfo/LOADING]: Found valid mod file iChunUtil-1.21-NeoForge-1.0.3.jar with {ichunutil} mods - versions {1.0.3}
[20Jul2026 16:47:34.505] [main/DEBUG] [net.neoforged.fml.loading.moddiscovery.ModFile/LOADING]: Loading mod file /var/opt/minecraft/crafty/crafty-4/servers/f208f13f-03b8-42f4-b07e-02f1dff6f964/mods/iChunUtil-1.21-NeoForge-1.0.3.jar with languages [LanguageSpec[languageName=javafml, acceptedVersions=[4,)]]
[20Jul2026 16:47:34.505] [main/DEBUG] [net.neoforged.fml.loading.moddiscovery.ModFile/LOADING]: Found mixin config MixinConfig[config=ichunutil.mixins.json, requiredMods=[]]
[20Jul2026 16:47:34.505] [main/DEBUG] [net.neoforged.fml.loading.moddiscovery.ModFileParser/LOADING]: Considering mod file candidate /var/opt/minecraft/crafty/crafty-4/servers/f208f13f-03b8-42f4-b07e-02f1dff6f964/mods/txnilib-neoforge-1.0.24-1.21.1.jar
[20Jul2026 16:47:34.505] [main/DEBUG] [net.neoforged.fml.loading.moddiscovery.ModFileInfo/LOADING]: Found valid mod file txnilib-neoforge-1.0.24-1.21.1.jar with {txnilib} mods - versions {1.0.24}
[20Jul2026 16:47:34.505] [main/DEBUG] [net.neoforged.fml.loading.moddiscovery.ModFile/LOADING]: Loading mod file /var/opt/minecraft/crafty/crafty-4/servers/f208f13f-03b8-42f4-b07e-02f1dff6f964/mods/txnilib-neoforge-1.0.24-1.21.1.jar with languages [LanguageSpec[languageName=javafml, acceptedVersions=[1,)]]
[20Jul2026 16:47:34.505] [main/DEBUG] [net.neoforged.fml.loading.moddiscovery.ModFile/LOADING]: Found mixin config MixinConfig[config=mixins.txnilib.json, requiredMods=[]]
[20Jul2026 16:47:34.505] [main/DEBUG] [net.neoforged.fml.loading.moddiscovery.ModFileParser/LOADING]: Considering mod file candidate 
[20Jul2026 16:47:34.505] [main/DEBUG] [net.neoforged.fml.loading.moddiscovery.ModFileInfo/LOADING]: Found valid mod file energy-bridge-1.12.1+1.21.1.jar with {connectorextras_energy_bridge} mods - versions {1.12.1+1.21.1}
[20Jul2026 16:47:34.505] [main/DEBUG] [net.neoforged.fml.loading.moddiscovery.ModFile/LOADING]: Loading mod file  with languages [LanguageSpec[languageName=javafml, acceptedVersions=*]]
[20Jul2026 16:47:34.505] [main/DEBUG] [net.neoforged.fml.loading.moddiscovery.ModFileParser/LOADING]: Considering mod file candidate /var/opt/minecraft/crafty/crafty-4/servers/f208f13f-03b8-42f4-b07e-02f1dff6f964/mods/GPUTape-1.20.6-1.21x-1.0.3.jar
[20Jul2026 16:47:34.505] [main/DEBUG] [net.neoforged.fml.loading.moddiscovery.ModFileInfo/LOADING]: Found valid mod file GPUTape-1.20.6-1.21x-1.0.3.jar with {gpu_tape} mods - versions {1.0.2}
[20Jul2026 16:47:34.505] [main/DEBUG] [net.neoforged.fml.loading.moddiscovery.ModFile/LOADING]: Loading mod file /var/opt/minecraft/crafty/crafty-4/servers/f208f13f-03b8-42f4-b07e-02f1dff6f964/mods/GPUTape-1.20.6-1.21x-1.0.3.jar with languages [LanguageSpec[languageName=javafml, acceptedVersions=[1,)]]
[20Jul2026 16:47:34.505] [main/DEBUG] [net.neoforged.fml.loading.moddiscovery.ModFile/LOADING]: Found mixin config MixinConfig[config=gpu_tape.mixins.json, requiredMods=[]]
[20Jul2026 16:47:34.505] [main/DEBUG] [net.neoforged.fml.loading.moddiscovery.ModFileParser/LOADING]: Considering mod file candidate /var/opt/minecraft/crafty/crafty-4/servers/f208f13f-03b8-42f4-b07e-02f1dff6f964/mods/create_better_villagers-1.3.2.jar
[20Jul2026 16:47:34.505] [main/DEBUG] [net.neoforged.fml.loading.moddiscovery.ModFileInfo/LOADING]: Found valid mod file create_better_villagers-1.3.2.jar with {create_better_villagers} mods - versions {1.3.2}
[20Jul2026 16:47:34.505] [main/DEBUG] [net.neoforged.fml.loading.moddiscovery.ModFile/LOADING]: Loading mod file /var/opt/minecraft/crafty/crafty-4/servers/f208f13f-03b8-42f4-b07e-02f1dff6f964/mods/create_better_villagers-1.3.2.jar with languages [LanguageSpec[languageName=javafml, acceptedVersions=[4,)]]
[20Jul2026 16:47:34.505] [main/DEBUG] [net.neoforged.fml.loading.moddiscovery.ModFile/LOADING]: Found mixin config MixinConfig[config=create_better_villagers.mixins.json, requiredMods=[]]
[20Jul2026 16:47:34.505] [main/DEBUG] [net.neoforged.fml.loading.moddiscovery.ModFileParser/LOADING]: Considering mod file candidate /var/opt/minecraft/crafty/crafty-4/servers/f208f13f-03b8-42f4-b07e-02f1dff6f964/mods/ballastmod-0.1.0.jar
[20Jul2026 16:47:34.506] [main/DEBUG] [net.neoforged.fml.loading.moddiscovery.ModFileInfo/LOADING]: Found valid mod file ballastmod-0.1.0.jar with {ballastmod} mods - versions {0.1.0}
[20Jul2026 16:47:34.506] [main/DEBUG] [net.neoforged.fml.loading.moddiscovery.ModFile/LOADING]: Loading mod file /var/opt/minecraft/crafty/crafty-4/servers/f208f13f-03b8-42f4-b07e-02f1dff6f964/mods/ballastmod-0.1.0.jar with languages [LanguageSpec[languageName=javafml, acceptedVersions=[4,)]]
[20Jul2026 16:47:34.506] [main/DEBUG] [net.neoforged.fml.loading.moddiscovery.ModFileParser/LOADING]: Considering mod file candidate 
[20Jul2026 16:47:34.506] [main/DEBUG] [net.neoforged.fml.loading.moddiscovery.ModFileInfo/LOADING]: Found valid mod file fabric-blockrenderlayer-v1-1.1.52+c290471319.jar with {fabric_blockrenderlayer_v1} mods - versions {1.1.52+c290471319}
[20Jul2026 16:47:34.506] [main/DEBUG] [net.neoforged.fml.loading.moddiscovery.ModFile/LOADING]: Loading mod file  with languages [LanguageSpec[languageName=javafml, acceptedVersions=[1,)]]
[20Jul2026 16:47:34.506] [main/DEBUG] [net.neoforged.fml.loading.moddiscovery.ModFile/LOADING]: Found mixin config MixinConfig[config=fabric-blockrenderlayer-v1.mixins.json, requiredMods=[]]
[20Jul2026 16:47:34.506] [main/DEBUG] [net.neoforged.fml.loading.moddiscovery.ModFileParser/LOADING]: Considering mod file candidate /var/opt/minecraft/crafty/crafty-4/servers/f208f13f-03b8-42f4-b07e-02f1dff6f964/mods/create_bb-1.0.7-1.21.1-Neoforge.jar
[20Jul2026 16:47:34.506] [main/DEBUG] [net.neoforged.fml.loading.moddiscovery.ModFileInfo/LOADING]: Found valid mod file create_bb-1.0.7-1.21.1-Neoforge.jar with {create_bb} mods - versions {1.0.7}
[20Jul2026 16:47:34.506] [main/DEBUG] [net.neoforged.fml.loading.moddiscovery.ModFile/LOADING]: Loading mod file /var/opt/minecraft/crafty/crafty-4/servers/f208f13f-03b8-42f4-b07e-02f1dff6f964/mods/create_bb-1.0.7-1.21.1-Neoforge.jar with languages [LanguageSpec[languageName=javafml, acceptedVersions=[4,)]]
[20Jul2026 16:47:34.506] [main/DEBUG] [net.neoforged.fml.loading.moddiscovery.ModFile/LOADING]: Found mixin config MixinConfig[config=create_bb.mixins.json, requiredMods=[]]
[20Jul2026 16:47:34.506] [main/DEBUG] [net.neoforged.fml.loading.moddiscovery.ModFile/LOADING]: Found mixin config MixinConfig[config=create_bb.snr.mixins.json, requiredMods=[]]
[20Jul2026 16:47:34.506] [main/DEBUG] [net.neoforged.fml.loading.moddiscovery.ModFileParser/LOADING]: Considering mod file candidate /var/opt/minecraft/crafty/crafty-4/servers/f208f13f-03b8-42f4-b07e-02f1dff6f964/mods/another_furniture-neoforge-4.0.2.jar
[20Jul2026 16:47:34.506] [main/DEBUG] [net.neoforged.fml.loading.moddiscovery.ModFileInfo/LOADING]: Found valid mod file another_furniture-neoforge-4.0.2.jar with {another_furniture} mods - versions {4.0.2}
[20Jul2026 16:47:34.506] [main/DEBUG] [net.neoforged.fml.loading.moddiscovery.ModFile/LOADING]: Loading mod file /var/opt/minecraft/crafty/crafty-4/servers/f208f13f-03b8-42f4-b07e-02f1dff6f964/mods/another_furniture-neoforge-4.0.2.jar with languages [LanguageSpec[languageName=javafml, acceptedVersions=[4,)]]
[20Jul2026 16:47:34.506] [main/DEBUG] [net.neoforged.fml.loading.moddiscovery.ModFile/LOADING]: Found mixin config MixinConfig[config=another_furniture.mixins.json, requiredMods=[]]
[20Jul2026 16:47:34.506] [main/DEBUG] [net.neoforged.fml.loading.moddiscovery.ModFile/LOADING]: Found mixin config MixinConfig[config=another_furniture.common.mixins.json, requiredMods=[]]
[20Jul2026 16:47:34.506] [main/DEBUG] [net.neoforged.fml.loading.moddiscovery.ModFileParser/LOADING]: Considering mod file candidate /var/opt/minecraft/crafty/crafty-4/servers/f208f13f-03b8-42f4-b07e-02f1dff6f964/mods/croptopiadelight-1.0.1.jar
[20Jul2026 16:47:34.506] [main/DEBUG] [net.neoforged.fml.loading.moddiscovery.ModFileInfo/LOADING]: Found valid mod file croptopiadelight-1.0.1.jar with {croptopiadelight} mods - versions {1.0.1}
[20Jul2026 16:47:34.506] [main/DEBUG] [net.neoforged.fml.loading.moddiscovery.ModFile/LOADING]: Loading mod file /var/opt/minecraft/crafty/crafty-4/servers/f208f13f-03b8-42f4-b07e-02f1dff6f964/mods/croptopiadelight-1.0.1.jar with languages [LanguageSpec[languageName=javafml, acceptedVersions=[1,)]]
[20Jul2026 16:47:34.506] [main/DEBUG] [net.neoforged.fml.loading.moddiscovery.ModFileParser/LOADING]: Considering mod file candidate /var/opt/minecraft/crafty/crafty-4/servers/f208f13f-03b8-42f4-b07e-02f1dff6f964/mods/fxntstorage-1.2.7+mc-1.21.1-neoforge.jar
[20Jul2026 16:47:34.506] [main/DEBUG] [net.neoforged.fml.loading.moddiscovery.ModFileInfo/LOADING]: Found valid mod file fxntstorage-1.2.7+mc-1.21.1-neoforge.jar with {fxntstorage} mods - versions {1.2.7}
[20Jul2026 16:47:34.507] [main/DEBUG] [net.neoforged.fml.loading.moddiscovery.ModFile/LOADING]: Loading mod file /var/opt/minecraft/crafty/crafty-4/servers/f208f13f-03b8-42f4-b07e-02f1dff6f964/mods/fxntstorage-1.2.7+mc-1.21.1-neoforge.jar with languages [LanguageSpec[languageName=javafml, acceptedVersions=[4,)]]
[20Jul2026 16:47:34.507] [main/DEBUG] [net.neoforged.fml.loading.moddiscovery.ModFile/LOADING]: Found mixin config MixinConfig[config=fxntstorage.mixins.json, requiredMods=[]]
[20Jul2026 16:47:34.507] [main/DEBUG] [net.neoforged.fml.loading.moddiscovery.ModFileParser/LOADING]: Considering mod file candidate 
[20Jul2026 16:47:34.507] [main/DEBUG] [net.neoforged.fml.loading.moddiscovery.ModFileInfo/LOADING]: Found valid mod file fabric-gametest-api-v1-2.0.5+29f188ce19.jar with {fabric_gametest_api_v1} mods - versions {2.0.5+29f188ce19}
[20Jul2026 16:47:34.507] [main/DEBUG] [net.neoforged.fml.loading.moddiscovery.ModFile/LOADING]: Loading mod file  with languages [LanguageSpec[languageName=javafml, acceptedVersions=[1,)]]
[20Jul2026 16:47:34.507] [main/DEBUG] [net.neoforged.fml.loading.moddiscovery.ModFile/LOADING]: Found mixin config MixinConfig[config=fabric-gametest-api-v1.mixins.json, requiredMods=[]]
[20Jul2026 16:47:34.507] [main/DEBUG] [net.neoforged.fml.loading.moddiscovery.ModFileParser/LOADING]: Considering mod file candidate /var/opt/minecraft/crafty/crafty-4/servers/f208f13f-03b8-42f4-b07e-02f1dff6f964/mods/neobeefix-1.21.1-2.0.1.jar
[20Jul2026 16:47:34.507] [main/DEBUG] [net.neoforged.fml.loading.moddiscovery.ModFileInfo/LOADING]: Found valid mod file neobeefix-1.21.1-2.0.1.jar with {neobeefix} mods - versions {2.0.1}
[20Jul2026 16:47:34.507] [main/DEBUG] [net.neoforged.fml.loading.moddiscovery.ModFile/LOADING]: Loading mod file /var/opt/minecraft/crafty/crafty-4/servers/f208f13f-03b8-42f4-b07e-02f1dff6f964/mods/neobeefix-1.21.1-2.0.1.jar with languages [LanguageSpec[languageName=javafml, acceptedVersions=[1,)]]
[20Jul2026 16:47:34.507] [main/DEBUG] [net.neoforged.fml.loading.moddiscovery.ModFile/LOADING]: Found mixin config MixinConfig[config=neobeefix.mixins.json, requiredMods=[]]
[20Jul2026 16:47:34.507] [main/DEBUG] [net.neoforged.fml.loading.moddiscovery.ModFileParser/LOADING]: Considering mod file candidate 
[20Jul2026 16:47:34.507] [main/DEBUG] [net.neoforged.fml.loading.moddiscovery.ModFileInfo/LOADING]: Found valid mod file fabric-biome-api-v1-13.0.31+1e62d33c19.jar with {fabric_biome_api_v1} mods - versions {13.0.31+1e62d33c19}
[20Jul2026 16:47:34.507] [main/DEBUG] [net.neoforged.fml.loading.moddiscovery.ModFile/LOADING]: Loading mod file  with languages [LanguageSpec[languageName=javafml, acceptedVersions=[1,)]]
[20Jul2026 16:47:34.507] [main/DEBUG] [net.neoforged.fml.loading.moddiscovery.ModFile/LOADING]: Found mixin config MixinConfig[config=fabric-biome-api-v1.mixins.json, requiredMods=[]]
[20Jul2026 16:47:34.507] [main/DEBUG] [net.neoforged.fml.loading.moddiscovery.ModFileParser/LOADING]: Considering mod file candidate /var/opt/minecraft/crafty/crafty-4/servers/f208f13f-03b8-42f4-b07e-02f1dff6f964/mods/create_submarine-2.1.6.jar
[20Jul2026 16:47:34.507] [main/DEBUG] [net.neoforged.fml.loading.moddiscovery.ModFileInfo/LOADING]: Found valid mod file create_submarine-2.1.6.jar with {create_submarine} mods - versions {2.1.6}
[20Jul2026 16:47:34.507] [main/DEBUG] [net.neoforged.fml.loading.moddiscovery.ModFile/LOADING]: Loading mod file /var/opt/minecraft/crafty/crafty-4/servers/f208f13f-03b8-42f4-b07e-02f1dff6f964/mods/create_submarine-2.1.6.jar with languages [LanguageSpec[languageName=javafml, acceptedVersions=[1,)]]
[20Jul2026 16:47:34.507] [main/DEBUG] [net.neoforged.fml.loading.moddiscovery.ModFile/LOADING]: Found mixin config MixinConfig[config=create_submarine.mixins.json, requiredMods=[]]
[20Jul2026 16:47:34.507] [main/DEBUG] [net.neoforged.fml.loading.moddiscovery.ModFile/LOADING]: Found mixin config MixinConfig[config=abyss.mixins.json, requiredMods=[]]
[20Jul2026 16:47:34.507] [main/DEBUG] [net.neoforged.fml.loading.moddiscovery.ModFileParser/LOADING]: Considering mod file candidate /var/opt/minecraft/crafty/crafty-4/servers/f208f13f-03b8-42f4-b07e-02f1dff6f964/mods/ferritecore-7.0.3-neoforge.jar
[20Jul2026 16:47:34.507] [main/DEBUG] [net.neoforged.fml.loading.moddiscovery.ModFileInfo/LOADING]: Found valid mod file ferritecore-7.0.3-neoforge.jar with {ferritecore} mods - versions {7.0.3}
[20Jul2026 16:47:34.507] [main/DEBUG] [net.neoforged.fml.loading.moddiscovery.ModFile/LOADING]: Loading mod file /var/opt/minecraft/crafty/crafty-4/servers/f208f13f-03b8-42f4-b07e-02f1dff6f964/mods/ferritecore-7.0.3-neoforge.jar with languages [LanguageSpec[languageName=javafml, acceptedVersions=[1,)]]
[20Jul2026 16:47:34.507] [main/DEBUG] [net.neoforged.fml.loading.moddiscovery.ModFile/LOADING]: Found mixin config MixinConfig[config=ferritecore.predicates.mixin.json, requiredMods=[]]
[20Jul2026 16:47:34.507] [main/DEBUG] [net.neoforged.fml.loading.moddiscovery.ModFile/LOADING]: Found mixin config MixinConfig[config=ferritecore.fastmap.mixin.json, requiredMods=[]]
[20Jul2026 16:47:34.508] [main/DEBUG] [net.neoforged.fml.loading.moddiscovery.ModFile/LOADING]: Found mixin config MixinConfig[config=ferritecore.mrl.mixin.json, requiredMods=[]]
[20Jul2026 16:47:34.508] [main/DEBUG] [net.neoforged.fml.loading.moddiscovery.ModFile/LOADING]: Found mixin config MixinConfig[config=ferritecore.dedupmultipart.mixin.json, requiredMods=[]]
[20Jul2026 16:47:34.508] [main/DEBUG] [net.neoforged.fml.loading.moddiscovery.ModFile/LOADING]: Found mixin config MixinConfig[config=ferritecore.blockstatecache.mixin.json, requiredMods=[]]
[20Jul2026 16:47:34.508] [main/DEBUG] [net.neoforged.fml.loading.moddiscovery.ModFile/LOADING]: Found mixin config MixinConfig[config=ferritecore.dedupbakedquad.mixin.json, requiredMods=[]]
[20Jul2026 16:47:34.508] [main/DEBUG] [net.neoforged.fml.loading.moddiscovery.ModFile/LOADING]: Found mixin config MixinConfig[config=ferritecore.threaddetec.mixin.json, requiredMods=[]]
[20Jul2026 16:47:34.508] [main/DEBUG] [net.neoforged.fml.loading.moddiscovery.ModFile/LOADING]: Found mixin config MixinConfig[config=ferritecore.modelsides.mixin.json, requiredMods=[]]
[20Jul2026 16:47:34.508] [main/DEBUG] [net.neoforged.fml.loading.moddiscovery.ModFile/LOADING]: Found mixin config MixinConfig[config=ferritecore.datacomponents.mixin.json, requiredMods=[]]
[20Jul2026 16:47:34.508] [main/DEBUG] [net.neoforged.fml.loading.moddiscovery.ModFile/LOADING]: Found mixin config MixinConfig[config=ferritecore.accessors.mixin.json, requiredMods=[]]
[20Jul2026 16:47:34.508] [main/DEBUG] [net.neoforged.fml.loading.moddiscovery.ModFileParser/LOADING]: Considering mod file candidate /var/opt/minecraft/crafty/crafty-4/servers/f208f13f-03b8-42f4-b07e-02f1dff6f964/mods/lodestone-1.21.1-1.8.2.jar
[20Jul2026 16:47:34.508] [main/DEBUG] [net.neoforged.fml.loading.moddiscovery.ModFileInfo/LOADING]: Found valid mod file lodestone-1.21.1-1.8.2.jar with {lodestone} mods - versions {1.8.2}
[20Jul2026 16:47:34.508] [main/DEBUG] [net.neoforged.fml.loading.moddiscovery.ModFile/LOADING]: Loading mod file /var/opt/minecraft/crafty/crafty-4/servers/f208f13f-03b8-42f4-b07e-02f1dff6f964/mods/lodestone-1.21.1-1.8.2.jar with languages [LanguageSpec[languageName=javafml, acceptedVersions=[4,)]]
[20Jul2026 16:47:34.508] [main/DEBUG] [net.neoforged.fml.loading.moddiscovery.ModFile/LOADING]: Found mixin config MixinConfig[config=lodestone.mixins.json, requiredMods=[]]
[20Jul2026 16:47:34.508] [main/DEBUG] [net.neoforged.fml.loading.moddiscovery.ModFileParser/LOADING]: Considering mod file candidate /var/opt/minecraft/crafty/crafty-4/servers/f208f13f-03b8-42f4-b07e-02f1dff6f964/mods/create-enchantment-industry-2.4.2.jar
[20Jul2026 16:47:34.508] [main/DEBUG] [net.neoforged.fml.loading.moddiscovery.ModFileInfo/LOADING]: Found valid mod file create-enchantment-industry-2.4.2.jar with {create_enchantment_industry} mods - versions {2.4.2}
[20Jul2026 16:47:34.508] [main/DEBUG] [net.neoforged.fml.loading.moddiscovery.ModFile/LOADING]: Loading mod file /var/opt/minecraft/crafty/crafty-4/servers/f208f13f-03b8-42f4-b07e-02f1dff6f964/mods/create-enchantment-industry-2.4.2.jar with languages [LanguageSpec[languageName=javafml, acceptedVersions=[4,)]]
[20Jul2026 16:47:34.508] [main/DEBUG] [net.neoforged.fml.loading.moddiscovery.ModFile/LOADING]: Found mixin config MixinConfig[config=create_enchantment_industry.mixins.json, requiredMods=[]]
[20Jul2026 16:47:34.508] [main/DEBUG] [net.neoforged.fml.loading.moddiscovery.ModFile/LOADING]: Found mixin config MixinConfig[config=create_enchantment_industry.apothic_enchanting.mixins.json, requiredMods=[]]
[20Jul2026 16:47:34.508] [main/DEBUG] [net.neoforged.fml.loading.moddiscovery.ModFile/LOADING]: Found mixin config MixinConfig[config=create_enchantment_industry.apotheosis.mixins.json, requiredMods=[]]
[20Jul2026 16:47:34.508] [main/DEBUG] [net.neoforged.fml.loading.moddiscovery.ModFile/LOADING]: Found mixin config MixinConfig[config=create_enchantment_industry.sable.mixins.json, requiredMods=[]]
[20Jul2026 16:47:34.508] [main/DEBUG] [net.neoforged.fml.loading.moddiscovery.ModFile/LOADING]: Found mixin config MixinConfig[config=create_enchantment_industry.touhou_little_maid.mixins.json, requiredMods=[]]
[20Jul2026 16:47:34.508] [main/DEBUG] [net.neoforged.fml.loading.moddiscovery.ModFileParser/LOADING]: Considering mod file candidate /var/opt/minecraft/crafty/crafty-4/servers/f208f13f-03b8-42f4-b07e-02f1dff6f964/mods/createaddition-1.6.0.jar
[20Jul2026 16:47:34.508] [main/DEBUG] [net.neoforged.fml.loading.moddiscovery.ModFileInfo/LOADING]: Found valid mod file createaddition-1.6.0.jar with {createaddition} mods - versions {1.6.0}
[20Jul2026 16:47:34.508] [main/DEBUG] [net.neoforged.fml.loading.moddiscovery.ModFile/LOADING]: Loading mod file /var/opt/minecraft/crafty/crafty-4/servers/f208f13f-03b8-42f4-b07e-02f1dff6f964/mods/createaddition-1.6.0.jar with languages [LanguageSpec[languageName=javafml, acceptedVersions=[1,)]]
[20Jul2026 16:47:34.508] [main/DEBUG] [net.neoforged.fml.loading.moddiscovery.ModFile/LOADING]: Found mixin config MixinConfig[config=createaddition.mixins.json, requiredMods=[]]
[20Jul2026 16:47:34.508] [main/DEBUG] [net.neoforged.fml.loading.moddiscovery.ModFileParser/LOADING]: Considering mod file candidate 
[20Jul2026 16:47:34.508] [main/DEBUG] [net.neoforged.fml.loading.moddiscovery.ModFileInfo/LOADING]: Found valid mod file c2me-fixes-worldgen-threading-issues-mc1.21.1-0.3.0+alpha.0.93.jar with {c2me_fixes_worldgen_threading_issues} mods - versions {0.3.0+alpha.0.93+1.21.1}
[20Jul2026 16:47:34.508] [main/DEBUG] [net.neoforged.fml.loading.moddiscovery.ModFile/LOADING]: Loading mod file  with languages [LanguageSpec[languageName=lowcodefml, acceptedVersions=*]]
[20Jul2026 16:47:34.509] [main/DEBUG] [net.neoforged.fml.loading.moddiscovery.ModFile/LOADING]: Found mixin config MixinConfig[config=c2me-fixes-worldgen-threading-issues.mixins.json, requiredMods=[]]
[20Jul2026 16:47:34.509] [main/DEBUG] [net.neoforged.fml.loading.moddiscovery.ModFileParser/LOADING]: Considering mod file candidate /var/opt/minecraft/crafty/crafty-4/servers/f208f13f-03b8-42f4-b07e-02f1dff6f964/mods/EasyAnvils-v21.1.0-1.21.1-NeoForge.jar
[20Jul2026 16:47:34.509] [main/DEBUG] [net.neoforged.fml.loading.moddiscovery.ModFileInfo/LOADING]: Found valid mod file EasyAnvils-v21.1.0-1.21.1-NeoForge.jar with {easyanvils} mods - versions {21.1.0}
[20Jul2026 16:47:34.509] [main/DEBUG] [net.neoforged.fml.loading.moddiscovery.ModFile/LOADING]: Loading mod file /var/opt/minecraft/crafty/crafty-4/servers/f208f13f-03b8-42f4-b07e-02f1dff6f964/mods/EasyAnvils-v21.1.0-1.21.1-NeoForge.jar with languages [LanguageSpec[languageName=javafml, acceptedVersions=*]]
[20Jul2026 16:47:34.509] [main/DEBUG] [net.neoforged.fml.loading.moddiscovery.ModFile/LOADING]: Found mixin config MixinConfig[config=easyanvils.common.mixins.json, requiredMods=[]]
[20Jul2026 16:47:34.509] [main/DEBUG] [net.neoforged.fml.loading.moddiscovery.ModFile/LOADING]: Found mixin config MixinConfig[config=easyanvils.neoforge.mixins.json, requiredMods=[]]
[20Jul2026 16:47:34.509] [main/DEBUG] [net.neoforged.fml.loading.moddiscovery.ModFileParser/LOADING]: Considering mod file candidate /var/opt/minecraft/crafty/crafty-4/servers/f208f13f-03b8-42f4-b07e-02f1dff6f964/mods/supermartijn642configlib-1.1.8-neoforge-mc1.21.jar
[20Jul2026 16:47:34.509] [main/DEBUG] [net.neoforged.fml.loading.moddiscovery.ModFileInfo/LOADING]: Found valid mod file supermartijn642configlib-1.1.8-neoforge-mc1.21.jar with {supermartijn642configlib} mods - versions {1.1.8}
[20Jul2026 16:47:34.509] [main/DEBUG] [net.neoforged.fml.loading.moddiscovery.ModFile/LOADING]: Loading mod file /var/opt/minecraft/crafty/crafty-4/servers/f208f13f-03b8-42f4-b07e-02f1dff6f964/mods/supermartijn642configlib-1.1.8-neoforge-mc1.21.jar with languages [LanguageSpec[languageName=javafml, acceptedVersions=[1,)]]
[20Jul2026 16:47:34.509] [main/DEBUG] [net.neoforged.fml.loading.moddiscovery.ModFileParser/LOADING]: Considering mod file candidate /var/opt/minecraft/crafty/crafty-4/servers/f208f13f-03b8-42f4-b07e-02f1dff6f964/mods/createdeco-2.1.3.jar
[20Jul2026 16:47:34.509] [main/DEBUG] [net.neoforged.fml.loading.moddiscovery.ModFileInfo/LOADING]: Found valid mod file createdeco-2.1.3.jar with {createdeco} mods - versions {2.1.3}
[20Jul2026 16:47:34.509] [main/DEBUG] [net.neoforged.fml.loading.moddiscovery.ModFile/LOADING]: Loading mod file /var/opt/minecraft/crafty/crafty-4/servers/f208f13f-03b8-42f4-b07e-02f1dff6f964/mods/createdeco-2.1.3.jar with languages [LanguageSpec[languageName=javafml, acceptedVersions=[1,)]]
[20Jul2026 16:47:34.509] [main/DEBUG] [net.neoforged.fml.loading.moddiscovery.ModFile/LOADING]: Found mixin config MixinConfig[config=createdeco.mixins.json, requiredMods=[]]
[20Jul2026 16:47:34.509] [main/DEBUG] [net.neoforged.fml.loading.moddiscovery.ModFile/LOADING]: Found mixin config MixinConfig[config=createdeco-common.mixins.json, requiredMods=[]]
[20Jul2026 16:47:34.509] [main/DEBUG] [net.neoforged.fml.loading.moddiscovery.ModFileParser/LOADING]: Considering mod file candidate 
[20Jul2026 16:47:34.509] [main/DEBUG] [net.neoforged.fml.loading.moddiscovery.ModFileInfo/LOADING]: Found valid mod file ponder-neoforge-1.0.82+mc1.21.1.jar with {ponder} mods - versions {1.0.82+mc1.21.1}
[20Jul2026 16:47:34.509] [main/DEBUG] [net.neoforged.fml.loading.moddiscovery.ModFile/LOADING]: Loading mod file  with languages [LanguageSpec[languageName=javafml, acceptedVersions=[0,)]]
[20Jul2026 16:47:34.509] [main/DEBUG] [net.neoforged.fml.loading.moddiscovery.ModFile/LOADING]: Found mixin config MixinConfig[config=ponder.mixins.json, requiredMods=[]]
[20Jul2026 16:47:34.509] [main/DEBUG] [net.neoforged.fml.loading.moddiscovery.ModFile/LOADING]: Found mixin config MixinConfig[config=ponder-common.mixins.json, requiredMods=[]]
[20Jul2026 16:47:34.509] [main/DEBUG] [net.neoforged.fml.loading.moddiscovery.ModFileParser/LOADING]: Considering mod file candidate 
[20Jul2026 16:47:34.509] [main/DEBUG] [net.neoforged.fml.loading.moddiscovery.ModFileInfo/LOADING]: Found valid mod file c2me-rewrites-chunk-serializer-mc1.21.1-0.3.0+alpha.0.93.jar with {c2me_rewrites_chunk_serializer} mods - versions {0.3.0+alpha.0.93+1.21.1}
[20Jul2026 16:47:34.509] [main/DEBUG] [net.neoforged.fml.loading.moddiscovery.ModFile/LOADING]: Loading mod file  with languages [LanguageSpec[languageName=javafml, acceptedVersions=*]]
[20Jul2026 16:47:34.509] [main/DEBUG] [net.neoforged.fml.loading.moddiscovery.ModFile/LOADING]: Found mixin config MixinConfig[config=c2me-rewrites-chunk-serializer.mixins.json, requiredMods=[]]
[20Jul2026 16:47:34.509] [main/DEBUG] [net.neoforged.fml.loading.moddiscovery.ModFileParser/LOADING]: Considering mod file candidate /var/opt/minecraft/crafty/crafty-4/servers/f208f13f-03b8-42f4-b07e-02f1dff6f964/mods/create-aeronautics-bundled-1.21.1-1.3.0.jar
[20Jul2026 16:47:34.510] [main/DEBUG] [net.neoforged.fml.loading.moddiscovery.ModFileInfo/LOADING]: Found valid mod file create-aeronautics-bundled-1.21.1-1.3.0.jar with {aeronautics_bundled} mods - versions {1.3.0}
[20Jul2026 16:47:34.510] [main/DEBUG] [net.neoforged.fml.loading.moddiscovery.ModFile/LOADING]: Loading mod file /var/opt/minecraft/crafty/crafty-4/servers/f208f13f-03b8-42f4-b07e-02f1dff6f964/mods/create-aeronautics-bundled-1.21.1-1.3.0.jar with languages [LanguageSpec[languageName=lowcodefml, acceptedVersions=[4,)]]
[20Jul2026 16:47:34.510] [main/DEBUG] [net.neoforged.fml.loading.moddiscovery.ModFileParser/LOADING]: Considering mod file candidate /var/opt/minecraft/crafty/crafty-4/servers/f208f13f-03b8-42f4-b07e-02f1dff6f964/mods/Not Enough Recipe Book-NEOFORGE-0.4.3+1.21.jar
[20Jul2026 16:47:34.510] [main/DEBUG] [net.neoforged.fml.loading.moddiscovery.ModFileInfo/LOADING]: Found valid mod file Not Enough Recipe Book-NEOFORGE-0.4.3+1.21.jar with {nerb} mods - versions {0.4.3}
[20Jul2026 16:47:34.510] [main/DEBUG] [net.neoforged.fml.loading.moddiscovery.ModFile/LOADING]: Loading mod file /var/opt/minecraft/crafty/crafty-4/servers/f208f13f-03b8-42f4-b07e-02f1dff6f964/mods/Not Enough Recipe Book-NEOFORGE-0.4.3+1.21.jar with languages [LanguageSpec[languageName=javafml, acceptedVersions=[4,)]]
[20Jul2026 16:47:34.510] [main/DEBUG] [net.neoforged.fml.loading.moddiscovery.ModFile/LOADING]: Found mixin config MixinConfig[config=nerb-common.mixins.json, requiredMods=[]]
[20Jul2026 16:47:34.510] [main/DEBUG] [net.neoforged.fml.loading.moddiscovery.ModFileParser/LOADING]: Considering mod file candidate /var/opt/minecraft/crafty/crafty-4/servers/f208f13f-03b8-42f4-b07e-02f1dff6f964/mods/sound-physics-remastered-neoforge-1.21.1-1.5.1.jar
[20Jul2026 16:47:34.510] [main/DEBUG] [net.neoforged.fml.loading.moddiscovery.ModFileInfo/LOADING]: Found valid mod file sound-physics-remastered-neoforge-1.21.1-1.5.1.jar with {sound_physics_remastered} mods - versions {1.21.1-1.5.1}
[20Jul2026 16:47:34.510] [main/DEBUG] [net.neoforged.fml.loading.moddiscovery.ModFile/LOADING]: Loading mod file /var/opt/minecraft/crafty/crafty-4/servers/f208f13f-03b8-42f4-b07e-02f1dff6f964/mods/sound-physics-remastered-neoforge-1.21.1-1.5.1.jar with languages [LanguageSpec[languageName=javafml, acceptedVersions=*]]
[20Jul2026 16:47:34.510] [main/DEBUG] [net.neoforged.fml.loading.moddiscovery.ModFileParser/LOADING]: Considering mod file candidate /var/opt/minecraft/crafty/crafty-4/servers/f208f13f-03b8-42f4-b07e-02f1dff6f964/mods/aileron-1.21.1-neoforge-1.1.4.jar
[20Jul2026 16:47:34.510] [main/DEBUG] [net.neoforged.fml.loading.moddiscovery.ModFileInfo/LOADING]: Found valid mod file aileron-1.21.1-neoforge-1.1.4.jar with {aileron} mods - versions {1.21.1-neoforge-1.1.4}
[20Jul2026 16:47:34.510] [main/DEBUG] [net.neoforged.fml.loading.moddiscovery.ModFile/LOADING]: Loading mod file /var/opt/minecraft/crafty/crafty-4/servers/f208f13f-03b8-42f4-b07e-02f1dff6f964/mods/aileron-1.21.1-neoforge-1.1.4.jar with languages [LanguageSpec[languageName=javafml, acceptedVersions=[4,)]]
[20Jul2026 16:47:34.510] [main/DEBUG] [net.neoforged.fml.loading.moddiscovery.ModFile/LOADING]: Found mixin config MixinConfig[config=aileron-common.mixins.json, requiredMods=[]]
[20Jul2026 16:47:34.510] [main/DEBUG] [net.neoforged.fml.loading.moddiscovery.ModFile/LOADING]: Found mixin config MixinConfig[config=aileron-neoforge.mixins.json, requiredMods=[]]
[20Jul2026 16:47:34.510] [main/DEBUG] [net.neoforged.fml.loading.moddiscovery.ModFileParser/LOADING]: Considering mod file candidate 
[20Jul2026 16:47:34.510] [main/DEBUG] [net.neoforged.fml.loading.moddiscovery.ModFileInfo/LOADING]: Found valid mod file fabric-convention-tags-v1-2.1.5+7f945d5b19.jar with {fabric_convention_tags_v1} mods - versions {2.1.5+7f945d5b19}
[20Jul2026 16:47:34.510] [main/DEBUG] [net.neoforged.fml.loading.moddiscovery.ModFile/LOADING]: Loading mod file  with languages [LanguageSpec[languageName=javafml, acceptedVersions=[1,)]]
[20Jul2026 16:47:34.510] [main/DEBUG] [net.neoforged.fml.loading.moddiscovery.ModFileParser/LOADING]: Considering mod file candidate 
[20Jul2026 16:47:34.510] [main/DEBUG] [net.neoforged.fml.loading.moddiscovery.ModFileInfo/LOADING]: Found valid mod file fabric-convention-tags-v2-2.11.1+87e5848019.jar with {fabric_convention_tags_v2} mods - versions {2.11.1+87e5848019}
[20Jul2026 16:47:34.510] [main/DEBUG] [net.neoforged.fml.loading.moddiscovery.ModFile/LOADING]: Loading mod file  with languages [LanguageSpec[languageName=javafml, acceptedVersions=[1,)]]
[20Jul2026 16:47:34.510] [main/DEBUG] [net.neoforged.fml.loading.moddiscovery.ModFile/LOADING]: Found mixin config MixinConfig[config=fabric-convention-tags-api-v2.mixins.json, requiredMods=[]]
[20Jul2026 16:47:34.510] [main/DEBUG] [net.neoforged.fml.loading.moddiscovery.ModFileParser/LOADING]: Considering mod file candidate /var/opt/minecraft/crafty/crafty-4/servers/f208f13f-03b8-42f4-b07e-02f1dff6f964/mods/Create Encased-1.21.1-1.8.1-ht1.jar
[20Jul2026 16:47:34.511] [main/DEBUG] [net.neoforged.fml.loading.moddiscovery.ModFileInfo/LOADING]: Found valid mod file Create Encased-1.21.1-1.8.1-ht1.jar with {createcasing} mods - versions {1.8.1-ht1}
[20Jul2026 16:47:34.511] [main/DEBUG] [net.neoforged.fml.loading.moddiscovery.ModFile/LOADING]: Loading mod file /var/opt/minecraft/crafty/crafty-4/servers/f208f13f-03b8-42f4-b07e-02f1dff6f964/mods/Create Encased-1.21.1-1.8.1-ht1.jar with languages [LanguageSpec[languageName=javafml, acceptedVersions=[2,)]]
[20Jul2026 16:47:34.511] [main/DEBUG] [net.neoforged.fml.loading.moddiscovery.ModFile/LOADING]: Found mixin config MixinConfig[config=createcasing.mixins.json, requiredMods=[]]
[20Jul2026 16:47:34.511] [main/DEBUG] [net.neoforged.fml.loading.moddiscovery.ModFileParser/LOADING]: Considering mod file candidate /var/opt/minecraft/crafty/crafty-4/servers/f208f13f-03b8-42f4-b07e-02f1dff6f964/mods/c2me-neoforge-mc1.21.1-0.3.0+alpha.0.93.jar
[20Jul2026 16:47:34.511] [main/DEBUG] [net.neoforged.fml.loading.moddiscovery.ModFileInfo/LOADING]: Found valid mod file c2me-neoforge-mc1.21.1-0.3.0+alpha.0.93.jar with {c2me} mods - versions {0.3.0+alpha.0.93+1.21.1}
[20Jul2026 16:47:34.511] [main/DEBUG] [net.neoforged.fml.loading.moddiscovery.ModFile/LOADING]: Loading mod file /var/opt/minecraft/crafty/crafty-4/servers/f208f13f-03b8-42f4-b07e-02f1dff6f964/mods/c2me-neoforge-mc1.21.1-0.3.0+alpha.0.93.jar with languages [LanguageSpec[languageName=javafml, acceptedVersions=*]]
[20Jul2026 16:47:34.511] [main/DEBUG] [net.neoforged.fml.loading.moddiscovery.ModFileParser/LOADING]: Considering mod file candidate 
[20Jul2026 16:47:34.511] [main/DEBUG] [net.neoforged.fml.loading.moddiscovery.ModFileInfo/LOADING]: Found valid mod file statuemenus-neoforge-21.1.0.jar with {statuemenus} mods - versions {21.1.0}
[20Jul2026 16:47:34.511] [main/DEBUG] [net.neoforged.fml.loading.moddiscovery.ModFile/LOADING]: Loading mod file  with languages [LanguageSpec[languageName=javafml, acceptedVersions=*]]
[20Jul2026 16:47:34.511] [main/DEBUG] [net.neoforged.fml.loading.moddiscovery.ModFile/LOADING]: Found mixin config MixinConfig[config=statuemenus.common.mixins.json, requiredMods=[]]
[20Jul2026 16:47:34.511] [main/DEBUG] [net.neoforged.fml.loading.moddiscovery.ModFile/LOADING]: Found mixin config MixinConfig[config=statuemenus.neoforge.mixins.json, requiredMods=[]]
[20Jul2026 16:47:34.511] [main/DEBUG] [net.neoforged.fml.loading.moddiscovery.ModFileParser/LOADING]: Considering mod file candidate /var/opt/minecraft/crafty/crafty-4/servers/f208f13f-03b8-42f4-b07e-02f1dff6f964/mods/balm-neoforge-1.21.1-21.0.58.jar
[20Jul2026 16:47:34.511] [main/DEBUG] [net.neoforged.fml.loading.moddiscovery.ModFileInfo/LOADING]: Found valid mod file balm-neoforge-1.21.1-21.0.58.jar with {balm} mods - versions {21.0.58}
[20Jul2026 16:47:34.511] [main/DEBUG] [net.neoforged.fml.loading.moddiscovery.ModFile/LOADING]: Loading mod file /var/opt/minecraft/crafty/crafty-4/servers/f208f13f-03b8-42f4-b07e-02f1dff6f964/mods/balm-neoforge-1.21.1-21.0.58.jar with languages [LanguageSpec[languageName=javafml, acceptedVersions=[1,)]]
[20Jul2026 16:47:34.511] [main/DEBUG] [net.neoforged.fml.loading.moddiscovery.ModFile/LOADING]: Found mixin config MixinConfig[config=balm.mixins.json, requiredMods=[]]
[20Jul2026 16:47:34.511] [main/DEBUG] [net.neoforged.fml.loading.moddiscovery.ModFile/LOADING]: Found mixin config MixinConfig[config=balm.neoforge.mixins.json, requiredMods=[]]
[20Jul2026 16:47:34.511] [main/DEBUG] [net.neoforged.fml.loading.moddiscovery.ModFileParser/LOADING]: Considering mod file candidate 
[20Jul2026 16:47:34.511] [main/DEBUG] [net.neoforged.fml.loading.moddiscovery.ModFileInfo/LOADING]: Found valid mod file fabric-screen-api-v1-2.0.25+4228281319.jar with {fabric_screen_api_v1} mods - versions {2.0.25+4228281319}
[20Jul2026 16:47:34.511] [main/DEBUG] [net.neoforged.fml.loading.moddiscovery.ModFile/LOADING]: Loading mod file  with languages [LanguageSpec[languageName=javafml, acceptedVersions=[1,)]]
[20Jul2026 16:47:34.511] [main/DEBUG] [net.neoforged.fml.loading.moddiscovery.ModFile/LOADING]: Found mixin config MixinConfig[config=fabric-screen-api-v1.mixins.json, requiredMods=[]]
[20Jul2026 16:47:34.511] [main/DEBUG] [net.neoforged.fml.loading.moddiscovery.ModFileParser/LOADING]: Considering mod file candidate /var/opt/minecraft/crafty/crafty-4/servers/f208f13f-03b8-42f4-b07e-02f1dff6f964/mods/prickle-neoforge-1.21.1-21.1.11.jar
[20Jul2026 16:47:34.511] [main/DEBUG] [net.neoforged.fml.loading.moddiscovery.ModFileInfo/LOADING]: Found valid mod file prickle-neoforge-1.21.1-21.1.11.jar with {prickle} mods - versions {21.1.11}
[20Jul2026 16:47:34.511] [main/DEBUG] [net.neoforged.fml.loading.moddiscovery.ModFile/LOADING]: Loading mod file /var/opt/minecraft/crafty/crafty-4/servers/f208f13f-03b8-42f4-b07e-02f1dff6f964/mods/prickle-neoforge-1.21.1-21.1.11.jar with languages [LanguageSpec[languageName=javafml, acceptedVersions=[4,)]]
[20Jul2026 16:47:34.511] [main/DEBUG] [net.neoforged.fml.loading.moddiscovery.ModFile/LOADING]: Found mixin config MixinConfig[config=prickle.mixins.json, requiredMods=[]]
[20Jul2026 16:47:34.511] [main/DEBUG] [net.neoforged.fml.loading.moddiscovery.ModFile/LOADING]: Found mixin config MixinConfig[config=prickle.neoforge.mixins.json, requiredMods=[]]
[20Jul2026 16:47:34.511] [main/DEBUG] [net.neoforged.fml.loading.moddiscovery.ModFileParser/LOADING]: Considering mod file candidate 
[20Jul2026 16:47:34.512] [main/DEBUG] [net.neoforged.fml.loading.moddiscovery.ModFileInfo/LOADING]: Found valid mod file c2me-base-mc1.21.1-0.3.0+alpha.0.93-all.jar with {c2me_base} mods - versions {0.3.0+alpha.0.93+1.21.1}
[20Jul2026 16:47:34.512] [main/DEBUG] [net.neoforged.fml.loading.moddiscovery.ModFile/LOADING]: Loading mod file  with languages [LanguageSpec[languageName=javafml, acceptedVersions=*]]
[20Jul2026 16:47:34.512] [main/DEBUG] [net.neoforged.fml.loading.moddiscovery.ModFile/LOADING]: Found mixin config MixinConfig[config=c2me-base.mixins.json, requiredMods=[]]
[20Jul2026 16:47:34.512] [main/DEBUG] [net.neoforged.fml.loading.moddiscovery.ModFileParser/LOADING]: Considering mod file candidate /var/opt/minecraft/crafty/crafty-4/servers/f208f13f-03b8-42f4-b07e-02f1dff6f964/mods/structure_layout_optimizer-neoforge-1.0.12.jar
[20Jul2026 16:47:34.512] [main/DEBUG] [net.neoforged.fml.loading.moddiscovery.ModFileInfo/LOADING]: Found valid mod file structure_layout_optimizer-neoforge-1.0.12.jar with {structure_layout_optimizer} mods - versions {1.0.12}
[20Jul2026 16:47:34.512] [main/DEBUG] [net.neoforged.fml.loading.moddiscovery.ModFile/LOADING]: Loading mod file /var/opt/minecraft/crafty/crafty-4/servers/f208f13f-03b8-42f4-b07e-02f1dff6f964/mods/structure_layout_optimizer-neoforge-1.0.12.jar with languages [LanguageSpec[languageName=javafml, acceptedVersions=[4,)]]
[20Jul2026 16:47:34.512] [main/DEBUG] [net.neoforged.fml.loading.moddiscovery.ModFile/LOADING]: Found mixin config MixinConfig[config=structure_layout_optimizer.mixins.json, requiredMods=[]]
[20Jul2026 16:47:34.512] [main/DEBUG] [net.neoforged.fml.loading.moddiscovery.ModFileParser/LOADING]: Considering mod file candidate /var/opt/minecraft/crafty/crafty-4/servers/f208f13f-03b8-42f4-b07e-02f1dff6f964/mods/[Neoforge]ctov-3.6.3.jar
[20Jul2026 16:47:34.512] [main/DEBUG] [net.neoforged.fml.loading.moddiscovery.ModFileInfo/LOADING]: Found valid mod file [Neoforge]ctov-3.6.3.jar with {ctov} mods - versions {3.6.3}
[20Jul2026 16:47:34.512] [main/DEBUG] [net.neoforged.fml.loading.moddiscovery.ModFile/LOADING]: Loading mod file /var/opt/minecraft/crafty/crafty-4/servers/f208f13f-03b8-42f4-b07e-02f1dff6f964/mods/[Neoforge]ctov-3.6.3.jar with languages [LanguageSpec[languageName=javafml, acceptedVersions=[1,)]]
[20Jul2026 16:47:34.512] [main/DEBUG] [net.neoforged.fml.loading.moddiscovery.ModFile/LOADING]: Found mixin config MixinConfig[config=ctov.mixins.json, requiredMods=[]]
[20Jul2026 16:47:34.512] [main/DEBUG] [net.neoforged.fml.loading.moddiscovery.ModFile/LOADING]: Found mixin config MixinConfig[config=ctov-common.mixins.json, requiredMods=[]]
[20Jul2026 16:47:34.512] [main/DEBUG] [net.neoforged.fml.loading.moddiscovery.ModFileParser/LOADING]: Considering mod file candidate 
[20Jul2026 16:47:34.512] [main/DEBUG] [net.neoforged.fml.loading.moddiscovery.ModFileInfo/LOADING]: Found valid mod file com.kneelawk.extra-mod-integrations.extra-mod-integrations-chipped-neoforge-1.0.3+1.21.1.jar with {extra_mod_integrations_chipped} mods - versions {1.0.3+1.21.1}
[20Jul2026 16:47:34.512] [main/DEBUG] [net.neoforged.fml.loading.moddiscovery.ModFile/LOADING]: Loading mod file  with languages [LanguageSpec[languageName=javafml, acceptedVersions=[1,)]]
[20Jul2026 16:47:34.512] [main/DEBUG] [net.neoforged.fml.loading.moddiscovery.ModFileParser/LOADING]: Considering mod file candidate 
[20Jul2026 16:47:34.512] [main/DEBUG] [net.neoforged.fml.loading.moddiscovery.ModFileInfo/LOADING]: Found valid mod file terrablender-bridge-1.12.1+1.21.1.jar with {connectorextras_terrablender_bridge} mods - versions {1.12.1+1.21.1}
[20Jul2026 16:47:34.512] [main/DEBUG] [net.neoforged.fml.loading.moddiscovery.ModFile/LOADING]: Loading mod file  with languages [LanguageSpec[languageName=javafml, acceptedVersions=*]]
[20Jul2026 16:47:34.512] [main/DEBUG] [net.neoforged.fml.loading.moddiscovery.ModFileParser/LOADING]: Considering mod file candidate /var/opt/minecraft/crafty/crafty-4/servers/f208f13f-03b8-42f4-b07e-02f1dff6f964/mods/athena-neoforge-1.21.1-4.0.6.jar
[20Jul2026 16:47:34.513] [main/DEBUG] [net.neoforged.fml.loading.moddiscovery.ModFileInfo/LOADING]: Found valid mod file athena-neoforge-1.21.1-4.0.6.jar with {athena} mods - versions {4.0.6}
[20Jul2026 16:47:34.513] [main/DEBUG] [net.neoforged.fml.loading.moddiscovery.ModFile/LOADING]: Loading mod file /var/opt/minecraft/crafty/crafty-4/servers/f208f13f-03b8-42f4-b07e-02f1dff6f964/mods/athena-neoforge-1.21.1-4.0.6.jar with languages [LanguageSpec[languageName=javafml, acceptedVersions=[1,)]]
[20Jul2026 16:47:34.513] [main/DEBUG] [net.neoforged.fml.loading.moddiscovery.ModFile/LOADING]: Found mixin config MixinConfig[config=athena.mixins.json, requiredMods=[]]
[20Jul2026 16:47:34.513] [main/DEBUG] [net.neoforged.fml.loading.moddiscovery.ModFile/LOADING]: Found mixin config MixinConfig[config=athena-neoforge.mixins.json, requiredMods=[]]
[20Jul2026 16:47:34.513] [main/DEBUG] [net.neoforged.fml.loading.moddiscovery.ModFileParser/LOADING]: Considering mod file candidate /var/opt/minecraft/crafty/crafty-4/servers/f208f13f-03b8-42f4-b07e-02f1dff6f964/mods/Geophilic v3.5.mod.jar
[20Jul2026 16:47:34.513] [main/DEBUG] [net.neoforged.fml.loading.moddiscovery.ModFileInfo/LOADING]: Found valid mod file Geophilic v3.5.mod.jar with {geophilic} mods - versions {3.5}
[20Jul2026 16:47:34.513] [main/DEBUG] [net.neoforged.fml.loading.moddiscovery.ModFile/LOADING]: Loading mod file /var/opt/minecraft/crafty/crafty-4/servers/f208f13f-03b8-42f4-b07e-02f1dff6f964/mods/Geophilic v3.5.mod.jar with languages [LanguageSpec[languageName=lowcodefml, acceptedVersions=[1,)]]
[20Jul2026 16:47:34.513] [main/DEBUG] [net.neoforged.fml.loading.moddiscovery.ModFileParser/LOADING]: Considering mod file candidate /var/opt/minecraft/crafty/crafty-4/servers/f208f13f-03b8-42f4-b07e-02f1dff6f964/mods/creategoggles-1.21.1-6.1.1-[NEOFORGE].jar
[20Jul2026 16:47:34.513] [main/DEBUG] [net.neoforged.fml.loading.moddiscovery.ModFileInfo/LOADING]: Found valid mod file creategoggles-1.21.1-6.1.1-[NEOFORGE].jar with {creategoggles} mods - versions {6.1.1}
[20Jul2026 16:47:34.513] [main/DEBUG] [net.neoforged.fml.loading.moddiscovery.ModFile/LOADING]: Loading mod file /var/opt/minecraft/crafty/crafty-4/servers/f208f13f-03b8-42f4-b07e-02f1dff6f964/mods/creategoggles-1.21.1-6.1.1-[NEOFORGE].jar with languages [LanguageSpec[languageName=javafml, acceptedVersions=[4,)]]
[20Jul2026 16:47:34.513] [main/DEBUG] [net.neoforged.fml.loading.moddiscovery.ModFile/LOADING]: Found mixin config MixinConfig[config=creategoggles.mixins.json, requiredMods=[]]
[20Jul2026 16:47:34.513] [main/DEBUG] [net.neoforged.fml.loading.moddiscovery.ModFile/LOADING]: Found mixin config MixinConfig[config=creategoggles-common.mixins.json, requiredMods=[]]
[20Jul2026 16:47:34.513] [main/DEBUG] [net.neoforged.fml.loading.moddiscovery.ModFileParser/LOADING]: Considering mod file candidate 
[20Jul2026 16:47:34.514] [main/DEBUG] [net.neoforged.fml.loading.moddiscovery.ModFileInfo/LOADING]: Found valid mod file fabric-game-rule-api-v1-1.0.53+36d727be19.jar with {fabric_game_rule_api_v1} mods - versions {1.0.53+36d727be19}
[20Jul2026 16:47:34.514] [main/DEBUG] [net.neoforged.fml.loading.moddiscovery.ModFile/LOADING]: Loading mod file  with languages [LanguageSpec[languageName=javafml, acceptedVersions=[1,)]]
[20Jul2026 16:47:34.514] [main/DEBUG] [net.neoforged.fml.loading.moddiscovery.ModFile/LOADING]: Found mixin config MixinConfig[config=fabric-game-rule-api-v1.mixins.json, requiredMods=[]]
[20Jul2026 16:47:34.514] [main/DEBUG] [net.neoforged.fml.loading.moddiscovery.ModFile/LOADING]: Found mixin config MixinConfig[config=fabric-game-rule-api-v1.client.mixins.json, requiredMods=[]]
[20Jul2026 16:47:34.514] [main/DEBUG] [net.neoforged.fml.loading.moddiscovery.ModFileParser/LOADING]: Considering mod file candidate /var/opt/minecraft/crafty/crafty-4/servers/f208f13f-03b8-42f4-b07e-02f1dff6f964/mods/chefsdelight-1.0.5-neoforge-1.21.1.jar
[20Jul2026 16:47:34.514] [main/DEBUG] [net.neoforged.fml.loading.moddiscovery.ModFileInfo/LOADING]: Found valid mod file chefsdelight-1.0.5-neoforge-1.21.1.jar with {chefsdelight} mods - versions {1.0.5}
[20Jul2026 16:47:34.514] [main/DEBUG] [net.neoforged.fml.loading.moddiscovery.ModFile/LOADING]: Loading mod file /var/opt/minecraft/crafty/crafty-4/servers/f208f13f-03b8-42f4-b07e-02f1dff6f964/mods/chefsdelight-1.0.5-neoforge-1.21.1.jar with languages [LanguageSpec[languageName=javafml, acceptedVersions=[4,)]]
[20Jul2026 16:47:34.514] [main/DEBUG] [net.neoforged.fml.loading.moddiscovery.ModFileParser/LOADING]: Considering mod file candidate /var/opt/minecraft/crafty/crafty-4/servers/f208f13f-03b8-42f4-b07e-02f1dff6f964/mods/supermartijn642corelib-1.1.21-neoforge-mc1.21.jar
[20Jul2026 16:47:34.514] [main/DEBUG] [net.neoforged.fml.loading.moddiscovery.ModFileInfo/LOADING]: Found valid mod file supermartijn642corelib-1.1.21-neoforge-mc1.21.jar with {supermartijn642corelib} mods - versions {1.1.21}
[20Jul2026 16:47:34.514] [main/DEBUG] [net.neoforged.fml.loading.moddiscovery.ModFile/LOADING]: Loading mod file /var/opt/minecraft/crafty/crafty-4/servers/f208f13f-03b8-42f4-b07e-02f1dff6f964/mods/supermartijn642corelib-1.1.21-neoforge-mc1.21.jar with languages [LanguageSpec[languageName=javafml, acceptedVersions=[1,)]]
[20Jul2026 16:47:34.514] [main/DEBUG] [net.neoforged.fml.loading.moddiscovery.ModFile/LOADING]: Found mixin config MixinConfig[config=supermartijn642corelib.mixins.json, requiredMods=[]]
[20Jul2026 16:47:34.514] [main/DEBUG] [net.neoforged.fml.loading.moddiscovery.ModFileParser/LOADING]: Considering mod file candidate /var/opt/minecraft/crafty/crafty-4/servers/f208f13f-03b8-42f4-b07e-02f1dff6f964/mods/VanillaBackport-neoforge-1.21.1-1.1.7.10.jar
[20Jul2026 16:47:34.514] [main/DEBUG] [net.neoforged.fml.loading.moddiscovery.ModFileInfo/LOADING]: Found valid mod file VanillaBackport-neoforge-1.21.1-1.1.7.10.jar with {vanillabackport} mods - versions {1.1.7.10}
[20Jul2026 16:47:34.514] [main/DEBUG] [net.neoforged.fml.loading.moddiscovery.ModFile/LOADING]: Loading mod file /var/opt/minecraft/crafty/crafty-4/servers/f208f13f-03b8-42f4-b07e-02f1dff6f964/mods/VanillaBackport-neoforge-1.21.1-1.1.7.10.jar with languages [LanguageSpec[languageName=javafml, acceptedVersions=[4,)]]
[20Jul2026 16:47:34.514] [main/DEBUG] [net.neoforged.fml.loading.moddiscovery.ModFile/LOADING]: Found mixin config MixinConfig[config=vanillabackport.mixins.json, requiredMods=[]]
[20Jul2026 16:47:34.514] [main/DEBUG] [net.neoforged.fml.loading.moddiscovery.ModFileParser/LOADING]: Considering mod file candidate /var/opt/minecraft/crafty/crafty-4/servers/f208f13f-03b8-42f4-b07e-02f1dff6f964/mods/YungsBridges-1.21.1-NeoForge-5.1.1.jar
[20Jul2026 16:47:34.514] [main/DEBUG] [net.neoforged.fml.loading.moddiscovery.ModFileInfo/LOADING]: Found valid mod file YungsBridges-1.21.1-NeoForge-5.1.1.jar with {yungsbridges} mods - versions {1.21.1-NeoForge-5.1.1}
[20Jul2026 16:47:34.514] [main/DEBUG] [net.neoforged.fml.loading.moddiscovery.ModFile/LOADING]: Loading mod file /var/opt/minecraft/crafty/crafty-4/servers/f208f13f-03b8-42f4-b07e-02f1dff6f964/mods/YungsBridges-1.21.1-NeoForge-5.1.1.jar with languages [LanguageSpec[languageName=javafml, acceptedVersions=[4,)]]
[20Jul2026 16:47:34.514] [main/DEBUG] [net.neoforged.fml.loading.moddiscovery.ModFile/LOADING]: Found mixin config MixinConfig[config=yungsbridges.mixins.json, requiredMods=[]]
[20Jul2026 16:47:34.514] [main/DEBUG] [net.neoforged.fml.loading.moddiscovery.ModFileParser/LOADING]: Considering mod file candidate /var/opt/minecraft/crafty/crafty-4/servers/f208f13f-03b8-42f4-b07e-02f1dff6f964/mods/resourcefulconfig-neoforge-1.21-3.0.11.jar
[20Jul2026 16:47:34.515] [main/DEBUG] [net.neoforged.fml.loading.moddiscovery.ModFileInfo/LOADING]: Found valid mod file resourcefulconfig-neoforge-1.21-3.0.11.jar with {resourcefulconfig} mods - versions {3.0.11}
[20Jul2026 16:47:34.515] [main/DEBUG] [net.neoforged.fml.loading.moddiscovery.ModFile/LOADING]: Loading mod file /var/opt/minecraft/crafty/crafty-4/servers/f208f13f-03b8-42f4-b07e-02f1dff6f964/mods/resourcefulconfig-neoforge-1.21-3.0.11.jar with languages [LanguageSpec[languageName=javafml, acceptedVersions=[1,)]]
[20Jul2026 16:47:34.515] [main/DEBUG] [net.neoforged.fml.loading.moddiscovery.ModFile/LOADING]: Found mixin config MixinConfig[config=resourcefulconfig.mixins.json, requiredMods=[]]
[20Jul2026 16:47:34.515] [main/DEBUG] [net.neoforged.fml.loading.moddiscovery.ModFileParser/LOADING]: Considering mod file candidate /var/opt/minecraft/crafty/crafty-4/servers/f208f13f-03b8-42f4-b07e-02f1dff6f964/mods/servercore-neoforge-1.5.17+1.21.1.jar
[20Jul2026 16:47:34.515] [main/DEBUG] [net.neoforged.fml.loading.moddiscovery.ModFileInfo/LOADING]: Found valid mod file servercore-neoforge-1.5.17+1.21.1.jar with {servercore} mods - versions {1.5.17+1.21.1}
[20Jul2026 16:47:34.515] [main/DEBUG] [net.neoforged.fml.loading.moddiscovery.ModFile/LOADING]: Loading mod file /var/opt/minecraft/crafty/crafty-4/servers/f208f13f-03b8-42f4-b07e-02f1dff6f964/mods/servercore-neoforge-1.5.17+1.21.1.jar with languages [LanguageSpec[languageName=javafml, acceptedVersions=[1,)]]
[20Jul2026 16:47:34.515] [main/DEBUG] [net.neoforged.fml.loading.moddiscovery.ModFile/LOADING]: Found mixin config MixinConfig[config=servercore.common.mixins.json, requiredMods=[]]
[20Jul2026 16:47:34.515] [main/DEBUG] [net.neoforged.fml.loading.moddiscovery.ModFileParser/LOADING]: Considering mod file candidate 
[20Jul2026 16:47:34.515] [main/DEBUG] [net.neoforged.fml.loading.moddiscovery.ModFileInfo/LOADING]: Found valid mod file c2me-opts-dfc-mc1.21.1-0.3.0+alpha.0.93.jar with {c2me_opts_dfc} mods - versions {0.3.0+alpha.0.93+1.21.1}
[20Jul2026 16:47:34.515] [main/DEBUG] [net.neoforged.fml.loading.moddiscovery.ModFile/LOADING]: Loading mod file  with languages [LanguageSpec[languageName=lowcodefml, acceptedVersions=*]]
[20Jul2026 16:47:34.515] [main/DEBUG] [net.neoforged.fml.loading.moddiscovery.ModFile/LOADING]: Found mixin config MixinConfig[config=c2me-opts-dfc.mixins.json, requiredMods=[]]
[20Jul2026 16:47:34.515] [main/DEBUG] [net.neoforged.fml.loading.moddiscovery.ModFileParser/LOADING]: Considering mod file candidate /var/opt/minecraft/crafty/crafty-4/servers/f208f13f-03b8-42f4-b07e-02f1dff6f964/mods/curios-neoforge-9.5.1+1.21.1.jar
[20Jul2026 16:47:34.515] [main/DEBUG] [net.neoforged.fml.loading.moddiscovery.ModFileInfo/LOADING]: Found valid mod file curios-neoforge-9.5.1+1.21.1.jar with {curios} mods - versions {9.5.1+1.21.1}
[20Jul2026 16:47:34.515] [main/DEBUG] [net.neoforged.fml.loading.moddiscovery.ModFile/LOADING]: Loading mod file /var/opt/minecraft/crafty/crafty-4/servers/f208f13f-03b8-42f4-b07e-02f1dff6f964/mods/curios-neoforge-9.5.1+1.21.1.jar with languages [LanguageSpec[languageName=javafml, acceptedVersions=[1,)]]
[20Jul2026 16:47:34.515] [main/DEBUG] [net.neoforged.fml.loading.moddiscovery.ModFile/LOADING]: Found mixin config MixinConfig[config=curios.neoforge.mixins.json, requiredMods=[]]
[20Jul2026 16:47:34.515] [main/DEBUG] [net.neoforged.fml.loading.moddiscovery.ModFile/LOADING]: Found mixin config MixinConfig[config=curios.mixins.json, requiredMods=[]]
[20Jul2026 16:47:34.515] [main/DEBUG] [net.neoforged.fml.loading.moddiscovery.ModFileParser/LOADING]: Considering mod file candidate /var/opt/minecraft/crafty/crafty-4/servers/f208f13f-03b8-42f4-b07e-02f1dff6f964/mods/create_factory-0.7a-1.21.1.jar
[20Jul2026 16:47:34.515] [main/DEBUG] [net.neoforged.fml.loading.moddiscovery.ModFileInfo/LOADING]: Found valid mod file create_factory-0.7a-1.21.1.jar with {create_factory} mods - versions {0.7a-1.21.1}
[20Jul2026 16:47:34.515] [main/DEBUG] [net.neoforged.fml.loading.moddiscovery.ModFile/LOADING]: Loading mod file /var/opt/minecraft/crafty/crafty-4/servers/f208f13f-03b8-42f4-b07e-02f1dff6f964/mods/create_factory-0.7a-1.21.1.jar with languages [LanguageSpec[languageName=javafml, acceptedVersions=[1,)]]
[20Jul2026 16:47:34.515] [main/DEBUG] [net.neoforged.fml.loading.moddiscovery.ModFileParser/LOADING]: Considering mod file candidate 
[20Jul2026 16:47:34.515] [main/DEBUG] [net.neoforged.fml.loading.moddiscovery.ModFileInfo/LOADING]: Found valid mod file fabric-entity-events-v1-1.8.0+5ede667619.jar with {fabric_entity_events_v1} mods - versions {1.8.0+5ede667619}
[20Jul2026 16:47:34.515] [main/DEBUG] [net.neoforged.fml.loading.moddiscovery.ModFile/LOADING]: Loading mod file  with languages [LanguageSpec[languageName=javafml, acceptedVersions=[1,)]]
[20Jul2026 16:47:34.515] [main/DEBUG] [net.neoforged.fml.loading.moddiscovery.ModFile/LOADING]: Found mixin config MixinConfig[config=fabric-entity-events-v1.mixins.json, requiredMods=[]]
[20Jul2026 16:47:34.515] [main/DEBUG] [net.neoforged.fml.loading.moddiscovery.ModFileParser/LOADING]: Considering mod file candidate /var/opt/minecraft/crafty/crafty-4/servers/f208f13f-03b8-42f4-b07e-02f1dff6f964/mods/seamlesssleep-neoforge-1.21-2.5.3.jar
[20Jul2026 16:47:34.516] [main/DEBUG] [net.neoforged.fml.loading.moddiscovery.ModFileInfo/LOADING]: Found valid mod file seamlesssleep-neoforge-1.21-2.5.3.jar with {seamlesssleep} mods - versions {2.5.3}
[20Jul2026 16:47:34.516] [main/DEBUG] [net.neoforged.fml.loading.moddiscovery.ModFile/LOADING]: Loading mod file /var/opt/minecraft/crafty/crafty-4/servers/f208f13f-03b8-42f4-b07e-02f1dff6f964/mods/seamlesssleep-neoforge-1.21-2.5.3.jar with languages [LanguageSpec[languageName=javafml, acceptedVersions=[4,)]]
[20Jul2026 16:47:34.516] [main/DEBUG] [net.neoforged.fml.loading.moddiscovery.ModFile/LOADING]: Found mixin config MixinConfig[config=seamlesssleep.mixins.json, requiredMods=[]]
[20Jul2026 16:47:34.516] [main/DEBUG] [net.neoforged.fml.loading.moddiscovery.ModFile/LOADING]: Found mixin config MixinConfig[config=seamlesssleep.neoforge.mixins.json, requiredMods=[]]
[20Jul2026 16:47:34.516] [main/DEBUG] [net.neoforged.fml.loading.moddiscovery.ModFileParser/LOADING]: Considering mod file candidate 
[20Jul2026 16:47:34.516] [main/DEBUG] [net.neoforged.fml.loading.moddiscovery.ModFileInfo/LOADING]: Found valid mod file conditional-mixin-neoforge-0.6.4.jar with {conditional_mixin} mods - versions {0.6.4}
[20Jul2026 16:47:34.516] [main/DEBUG] [net.neoforged.fml.loading.moddiscovery.ModFile/LOADING]: Loading mod file  with languages [LanguageSpec[languageName=javafml, acceptedVersions=[1,)]]
[20Jul2026 16:47:34.516] [main/DEBUG] [net.neoforged.fml.loading.moddiscovery.ModFileParser/LOADING]: Considering mod file candidate /var/opt/minecraft/crafty/crafty-4/servers/f208f13f-03b8-42f4-b07e-02f1dff6f964/mods/villagercurrency-1.1.1-neoforge-1.21.1.jar
[20Jul2026 16:47:34.516] [main/DEBUG] [net.neoforged.fml.loading.moddiscovery.ModFileInfo/LOADING]: Found valid mod file villagercurrency-1.1.1-neoforge-1.21.1.jar with {villagercurrency} mods - versions {1.1.1}
[20Jul2026 16:47:34.516] [main/DEBUG] [net.neoforged.fml.loading.moddiscovery.ModFile/LOADING]: Loading mod file /var/opt/minecraft/crafty/crafty-4/servers/f208f13f-03b8-42f4-b07e-02f1dff6f964/mods/villagercurrency-1.1.1-neoforge-1.21.1.jar with languages [LanguageSpec[languageName=javafml, acceptedVersions=[1,)]]
[20Jul2026 16:47:34.516] [main/DEBUG] [net.neoforged.fml.loading.moddiscovery.ModFileParser/LOADING]: Considering mod file candidate /var/opt/minecraft/crafty/crafty-4/servers/f208f13f-03b8-42f4-b07e-02f1dff6f964/mods/create-cardboarded-conveynience-1.21.1-neoforge-1.0.0.jar
[20Jul2026 16:47:34.516] [main/DEBUG] [net.neoforged.fml.loading.moddiscovery.ModFileInfo/LOADING]: Found valid mod file create-cardboarded-conveynience-1.21.1-neoforge-1.0.0.jar with {cardboarded_conveynience} mods - versions {1.0.0}
[20Jul2026 16:47:34.516] [main/DEBUG] [net.neoforged.fml.loading.moddiscovery.ModFile/LOADING]: Loading mod file /var/opt/minecraft/crafty/crafty-4/servers/f208f13f-03b8-42f4-b07e-02f1dff6f964/mods/create-cardboarded-conveynience-1.21.1-neoforge-1.0.0.jar with languages [LanguageSpec[languageName=javafml, acceptedVersions=[1,)]]
[20Jul2026 16:47:34.516] [main/DEBUG] [net.neoforged.fml.loading.moddiscovery.ModFile/LOADING]: Found mixin config MixinConfig[config=cardboarded_conveynience-common.mixins.json, requiredMods=[]]
[20Jul2026 16:47:34.516] [main/DEBUG] [net.neoforged.fml.loading.moddiscovery.ModFileParser/LOADING]: Considering mod file candidate /var/opt/minecraft/crafty/crafty-4/servers/f208f13f-03b8-42f4-b07e-02f1dff6f964/mods/JadeAddons-1.21.1-NeoForge-6.1.0.jar
[20Jul2026 16:47:34.517] [main/DEBUG] [net.neoforged.fml.loading.moddiscovery.ModFileInfo/LOADING]: Found valid mod file JadeAddons-1.21.1-NeoForge-6.1.0.jar with {jadeaddons} mods - versions {6.1.0+neoforge}
[20Jul2026 16:47:34.517] [main/DEBUG] [net.neoforged.fml.loading.moddiscovery.ModFile/LOADING]: Loading mod file /var/opt/minecraft/crafty/crafty-4/servers/f208f13f-03b8-42f4-b07e-02f1dff6f964/mods/JadeAddons-1.21.1-NeoForge-6.1.0.jar with languages [LanguageSpec[languageName=javafml, acceptedVersions=*]]
[20Jul2026 16:47:34.517] [main/DEBUG] [net.neoforged.fml.loading.moddiscovery.ModFile/LOADING]: Found mixin config MixinConfig[config=jadeaddons.mixins.json, requiredMods=[]]
[20Jul2026 16:47:34.517] [main/DEBUG] [net.neoforged.fml.loading.moddiscovery.ModFileParser/LOADING]: Considering mod file candidate /var/opt/minecraft/crafty/crafty-4/servers/f208f13f-03b8-42f4-b07e-02f1dff6f964/mods/YungsBetterMineshafts-1.21.1-NeoForge-5.1.1.jar
[20Jul2026 16:47:34.517] [main/DEBUG] [net.neoforged.fml.loading.moddiscovery.ModFileInfo/LOADING]: Found valid mod file YungsBetterMineshafts-1.21.1-NeoForge-5.1.1.jar with {bettermineshafts} mods - versions {1.21.1-NeoForge-5.1.1}
[20Jul2026 16:47:34.517] [main/DEBUG] [net.neoforged.fml.loading.moddiscovery.ModFile/LOADING]: Loading mod file /var/opt/minecraft/crafty/crafty-4/servers/f208f13f-03b8-42f4-b07e-02f1dff6f964/mods/YungsBetterMineshafts-1.21.1-NeoForge-5.1.1.jar with languages [LanguageSpec[languageName=javafml, acceptedVersions=[4,)]]
[20Jul2026 16:47:34.517] [main/DEBUG] [net.neoforged.fml.loading.moddiscovery.ModFile/LOADING]: Found mixin config MixinConfig[config=bettermineshafts.mixins.json, requiredMods=[]]
[20Jul2026 16:47:34.517] [main/DEBUG] [net.neoforged.fml.loading.moddiscovery.ModFileParser/LOADING]: Considering mod file candidate /var/opt/minecraft/crafty/crafty-4/servers/f208f13f-03b8-42f4-b07e-02f1dff6f964/mods/sliceanddice-forge-4.2.4.jar
[20Jul2026 16:47:34.517] [main/DEBUG] [net.neoforged.fml.loading.moddiscovery.ModFileInfo/LOADING]: Found valid mod file sliceanddice-forge-4.2.4.jar with {sliceanddice} mods - versions {4.2.4}
[20Jul2026 16:47:34.517] [main/DEBUG] [net.neoforged.fml.loading.moddiscovery.ModFile/LOADING]: Loading mod file /var/opt/minecraft/crafty/crafty-4/servers/f208f13f-03b8-42f4-b07e-02f1dff6f964/mods/sliceanddice-forge-4.2.4.jar with languages [LanguageSpec[languageName=javafml, acceptedVersions=[1,)]]
[20Jul2026 16:47:34.517] [main/DEBUG] [net.neoforged.fml.loading.moddiscovery.ModFile/LOADING]: Found mixin config MixinConfig[config=sliceanddice.mixins.json, requiredMods=[]]
[20Jul2026 16:47:34.517] [main/DEBUG] [net.neoforged.fml.loading.moddiscovery.ModFileParser/LOADING]: Considering mod file candidate 
[20Jul2026 16:47:34.517] [main/DEBUG] [net.neoforged.fml.loading.moddiscovery.ModFileInfo/LOADING]: Found valid mod file com.kneelawk.extra-mod-integrations.extra-mod-integrations-rechiseled-neoforge-1.0.3+1.21.1.jar with {extra_mod_integrations_rechiseled} mods - versions {1.0.3+1.21.1}
[20Jul2026 16:47:34.517] [main/DEBUG] [net.neoforged.fml.loading.moddiscovery.ModFile/LOADING]: Loading mod file  with languages [LanguageSpec[languageName=javafml, acceptedVersions=[1,)]]
[20Jul2026 16:47:34.517] [main/DEBUG] [net.neoforged.fml.loading.moddiscovery.ModFileParser/LOADING]: Considering mod file candidate /var/opt/minecraft/crafty/crafty-4/servers/f208f13f-03b8-42f4-b07e-02f1dff6f964/mods/bits_n_bobs-0.0.44.jar
[20Jul2026 16:47:34.518] [main/DEBUG] [net.neoforged.fml.loading.moddiscovery.ModFileInfo/LOADING]: Found valid mod file bits_n_bobs-0.0.44.jar with {bits_n_bobs} mods - versions {0.0.44}
[20Jul2026 16:47:34.518] [main/DEBUG] [net.neoforged.fml.loading.moddiscovery.ModFile/LOADING]: Loading mod file /var/opt/minecraft/crafty/crafty-4/servers/f208f13f-03b8-42f4-b07e-02f1dff6f964/mods/bits_n_bobs-0.0.44.jar with languages [LanguageSpec[languageName=javafml, acceptedVersions=[1,)]]
[20Jul2026 16:47:34.518] [main/DEBUG] [net.neoforged.fml.loading.moddiscovery.ModFile/LOADING]: Found mixin config MixinConfig[config=bits_n_bobs.mixins.json, requiredMods=[]]
[20Jul2026 16:47:34.518] [main/DEBUG] [net.neoforged.fml.loading.moddiscovery.ModFileParser/LOADING]: Considering mod file candidate 
[20Jul2026 16:47:34.518] [main/DEBUG] [net.neoforged.fml.loading.moddiscovery.ModFileInfo/LOADING]: Found valid mod file fabric-model-loading-api-v1-2.1.0+6e8f52c719.jar with {fabric_model_loading_api_v1} mods - versions {2.1.0+6e8f52c719}
[20Jul2026 16:47:34.518] [main/DEBUG] [net.neoforged.fml.loading.moddiscovery.ModFile/LOADING]: Loading mod file  with languages [LanguageSpec[languageName=javafml, acceptedVersions=[1,)]]
[20Jul2026 16:47:34.518] [main/DEBUG] [net.neoforged.fml.loading.moddiscovery.ModFile/LOADING]: Found mixin config MixinConfig[config=fabric-model-loading-api-v1.mixins.json, requiredMods=[]]
[20Jul2026 16:47:34.518] [main/DEBUG] [net.neoforged.fml.loading.moddiscovery.ModFileParser/LOADING]: Considering mod file candidate /var/opt/minecraft/crafty/crafty-4/servers/f208f13f-03b8-42f4-b07e-02f1dff6f964/mods/lithostitched-1.7.9-neoforge-21.1.jar
[20Jul2026 16:47:34.518] [main/DEBUG] [net.neoforged.fml.loading.moddiscovery.ModFileInfo/LOADING]: Found valid mod file lithostitched-1.7.9-neoforge-21.1.jar with {lithostitched} mods - versions {1.7.9}
[20Jul2026 16:47:34.518] [main/DEBUG] [net.neoforged.fml.loading.moddiscovery.ModFile/LOADING]: Loading mod file /var/opt/minecraft/crafty/crafty-4/servers/f208f13f-03b8-42f4-b07e-02f1dff6f964/mods/lithostitched-1.7.9-neoforge-21.1.jar with languages [LanguageSpec[languageName=javafml, acceptedVersions=[1,)]]
[20Jul2026 16:47:34.518] [main/DEBUG] [net.neoforged.fml.loading.moddiscovery.ModFile/LOADING]: Found mixin config MixinConfig[config=lithostitched.mixins.json, requiredMods=[]]
[20Jul2026 16:47:34.518] [main/DEBUG] [net.neoforged.fml.loading.moddiscovery.ModFile/LOADING]: Found mixin config MixinConfig[config=lithostitched.21.1.mixins.json, requiredMods=[]]
[20Jul2026 16:47:34.518] [main/DEBUG] [net.neoforged.fml.loading.moddiscovery.ModFile/LOADING]: Found mixin config MixinConfig[config=lithostitched.neoforge.mixins.json, requiredMods=[]]
[20Jul2026 16:47:34.518] [main/DEBUG] [net.neoforged.fml.loading.moddiscovery.ModFileParser/LOADING]: Considering mod file candidate 
[20Jul2026 16:47:34.518] [main/DEBUG] [net.neoforged.fml.loading.moddiscovery.ModFileInfo/LOADING]: Found valid mod file dev.eriksonn.aeronautics.aeronautics-neoforge-1.21.1-1.3.0.jar with {aeronautics} mods - versions {1.3.0}
[20Jul2026 16:47:34.518] [main/DEBUG] [net.neoforged.fml.loading.moddiscovery.ModFile/LOADING]: Loading mod file  with languages [LanguageSpec[languageName=javafml, acceptedVersions=[4,)]]
[20Jul2026 16:47:34.518] [main/DEBUG] [net.neoforged.fml.loading.moddiscovery.ModFile/LOADING]: Found mixin config MixinConfig[config=aeronautics.mixins.json, requiredMods=[]]
[20Jul2026 16:47:34.518] [main/DEBUG] [net.neoforged.fml.loading.moddiscovery.ModFile/LOADING]: Found mixin config MixinConfig[config=aeronautics.neoforge.mixins.json, requiredMods=[]]
[20Jul2026 16:47:34.518] [main/DEBUG] [net.neoforged.fml.loading.moddiscovery.ModFileParser/LOADING]: Considering mod file candidate 
[20Jul2026 16:47:34.518] [main/DEBUG] [net.neoforged.fml.loading.moddiscovery.ModFileInfo/LOADING]: Found valid mod file fabric-rendering-v1-5.1.0+1a09bd5a19.jar with {fabric_rendering_v1} mods - versions {5.1.0+1a09bd5a19}
[20Jul2026 16:47:34.518] [main/DEBUG] [net.neoforged.fml.loading.moddiscovery.ModFile/LOADING]: Loading mod file  with languages [LanguageSpec[languageName=javafml, acceptedVersions=[1,)]]
[20Jul2026 16:47:34.518] [main/DEBUG] [net.neoforged.fml.loading.moddiscovery.ModFile/LOADING]: Found mixin config MixinConfig[config=fabric-rendering-v1.mixins.json, requiredMods=[]]
[20Jul2026 16:47:34.518] [main/DEBUG] [net.neoforged.fml.loading.moddiscovery.ModFileParser/LOADING]: Considering mod file candidate 
[20Jul2026 16:47:34.519] [main/DEBUG] [net.neoforged.fml.loading.moddiscovery.ModFileInfo/LOADING]: Found valid mod file fabric-renderer-indigo-1.7.1+9125b6dc19.jar with {fabric_renderer_indigo} mods - versions {1.7.1+9125b6dc19}
[20Jul2026 16:47:34.519] [main/DEBUG] [net.neoforged.fml.loading.moddiscovery.ModFile/LOADING]: Loading mod file  with languages [LanguageSpec[languageName=javafml, acceptedVersions=[1,)]]
[20Jul2026 16:47:34.519] [main/DEBUG] [net.neoforged.fml.loading.moddiscovery.ModFile/LOADING]: Found mixin config MixinConfig[config=fabric-renderer-indigo.mixins.json, requiredMods=[]]
[20Jul2026 16:47:34.519] [main/DEBUG] [net.neoforged.fml.loading.moddiscovery.ModFileParser/LOADING]: Considering mod file candidate /var/opt/minecraft/crafty/crafty-4/servers/f208f13f-03b8-42f4-b07e-02f1dff6f964/mods/smarterfarmers-1.21-2.2.4-neoforge.jar
[20Jul2026 16:47:34.519] [main/DEBUG] [net.neoforged.fml.loading.moddiscovery.ModFileInfo/LOADING]: Found valid mod file smarterfarmers-1.21-2.2.4-neoforge.jar with {smarterfarmers} mods - versions {1.21-2.2.4}
[20Jul2026 16:47:34.519] [main/DEBUG] [net.neoforged.fml.loading.moddiscovery.ModFile/LOADING]: Loading mod file /var/opt/minecraft/crafty/crafty-4/servers/f208f13f-03b8-42f4-b07e-02f1dff6f964/mods/smarterfarmers-1.21-2.2.4-neoforge.jar with languages [LanguageSpec[languageName=javafml, acceptedVersions=*]]
[20Jul2026 16:47:34.519] [main/DEBUG] [net.neoforged.fml.loading.moddiscovery.ModFile/LOADING]: Found mixin config MixinConfig[config=smarterfarmers.mixins.json, requiredMods=[]]
[20Jul2026 16:47:34.519] [main/DEBUG] [net.neoforged.fml.loading.moddiscovery.ModFile/LOADING]: Found mixin config MixinConfig[config=smarterfarmers-common.mixins.json, requiredMods=[]]
[20Jul2026 16:47:34.519] [main/DEBUG] [net.neoforged.fml.loading.moddiscovery.ModFileParser/LOADING]: Considering mod file candidate 
[20Jul2026 16:47:34.519] [main/DEBUG] [net.neoforged.fml.loading.moddiscovery.ModFileInfo/LOADING]: Found valid mod file c2me-rewrites-chunk-system-mc1.21.1-0.3.0+alpha.0.93.jar with {c2me_rewrites_chunk_system} mods - versions {0.3.0+alpha.0.93+1.21.1}
[20Jul2026 16:47:34.519] [main/DEBUG] [net.neoforged.fml.loading.moddiscovery.ModFile/LOADING]: Loading mod file  with languages [LanguageSpec[languageName=lowcodefml, acceptedVersions=*]]
[20Jul2026 16:47:34.519] [main/DEBUG] [net.neoforged.fml.loading.moddiscovery.ModFile/LOADING]: Found mixin config MixinConfig[config=c2me-rewrites-chunk-system.mixins.json, requiredMods=[]]
[20Jul2026 16:47:34.519] [main/DEBUG] [net.neoforged.fml.loading.moddiscovery.ModFileParser/LOADING]: Considering mod file candidate /var/opt/minecraft/crafty/crafty-4/servers/f208f13f-03b8-42f4-b07e-02f1dff6f964/mods/aeroworks-1.2.11.jar
[20Jul2026 16:47:34.519] [main/DEBUG] [net.neoforged.fml.loading.moddiscovery.ModFileInfo/LOADING]: Found valid mod file aeroworks-1.2.11.jar with {aeroworks} mods - versions {1.2.11}
[20Jul2026 16:47:34.519] [main/DEBUG] [net.neoforged.fml.loading.moddiscovery.ModFile/LOADING]: Loading mod file /var/opt/minecraft/crafty/crafty-4/servers/f208f13f-03b8-42f4-b07e-02f1dff6f964/mods/aeroworks-1.2.11.jar with languages [LanguageSpec[languageName=javafml, acceptedVersions=[4,)]]
[20Jul2026 16:47:34.519] [main/DEBUG] [net.neoforged.fml.loading.moddiscovery.ModFile/LOADING]: Found mixin config MixinConfig[config=aeroworks.mixins.json, requiredMods=[]]
[20Jul2026 16:47:34.519] [main/DEBUG] [net.neoforged.fml.loading.moddiscovery.ModFile/LOADING]: Found mixin config MixinConfig[config=aeroworks-drivebywire.mixins.json, requiredMods=[drivebywire]]
[20Jul2026 16:47:34.519] [main/DEBUG] [net.neoforged.fml.loading.moddiscovery.ModFileParser/LOADING]: Considering mod file candidate 
[20Jul2026 16:47:34.519] [main/DEBUG] [net.neoforged.fml.loading.moddiscovery.ModFileInfo/LOADING]: Found valid mod file dev.ryanhcode.offroad.offroad-neoforge-1.21.1-1.3.0.jar with {offroad} mods - versions {1.3.0}
[20Jul2026 16:47:34.519] [main/DEBUG] [net.neoforged.fml.loading.moddiscovery.ModFile/LOADING]: Loading mod file  with languages [LanguageSpec[languageName=javafml, acceptedVersions=[4,)]]
[20Jul2026 16:47:34.519] [main/DEBUG] [net.neoforged.fml.loading.moddiscovery.ModFile/LOADING]: Found mixin config MixinConfig[config=offroad.mixins.json, requiredMods=[]]
[20Jul2026 16:47:34.519] [main/DEBUG] [net.neoforged.fml.loading.moddiscovery.ModFile/LOADING]: Found mixin config MixinConfig[config=offroad.neoforge.mixins.json, requiredMods=[]]
[20Jul2026 16:47:34.519] [main/DEBUG] [net.neoforged.fml.loading.moddiscovery.ModFileParser/LOADING]: Considering mod file candidate 
[20Jul2026 16:47:34.519] [main/DEBUG] [net.neoforged.fml.loading.moddiscovery.ModFileInfo/LOADING]: Found valid mod file fabric-api-base-0.4.42+d1308ded19.jar with {fabric_api_base} mods - versions {0.4.42+d1308ded19}
[20Jul2026 16:47:34.519] [main/DEBUG] [net.neoforged.fml.loading.moddiscovery.ModFile/LOADING]: Loading mod file  with languages [LanguageSpec[languageName=javafml, acceptedVersions=[1,)]]
[20Jul2026 16:47:34.519] [main/DEBUG] [net.neoforged.fml.loading.moddiscovery.ModFileParser/LOADING]: Considering mod file candidate /var/opt/minecraft/crafty/crafty-4/servers/f208f13f-03b8-42f4-b07e-02f1dff6f964/mods/jademoddedentities-neoforge-1.21.1-1.3.1.jar
[20Jul2026 16:47:34.520] [main/DEBUG] [net.neoforged.fml.loading.moddiscovery.ModFileInfo/LOADING]: Found valid mod file jademoddedentities-neoforge-1.21.1-1.3.1.jar with {jademoddedentities} mods - versions {1.3.1}
[20Jul2026 16:47:34.520] [main/DEBUG] [net.neoforged.fml.loading.moddiscovery.ModFile/LOADING]: Loading mod file /var/opt/minecraft/crafty/crafty-4/servers/f208f13f-03b8-42f4-b07e-02f1dff6f964/mods/jademoddedentities-neoforge-1.21.1-1.3.1.jar with languages [LanguageSpec[languageName=javafml, acceptedVersions=[4,)]]
[20Jul2026 16:47:34.520] [main/DEBUG] [net.neoforged.fml.loading.moddiscovery.ModFile/LOADING]: Found mixin config MixinConfig[config=jademoddedentities.mixins.json, requiredMods=[]]
[20Jul2026 16:47:34.520] [main/DEBUG] [net.neoforged.fml.loading.moddiscovery.ModFile/LOADING]: Found mixin config MixinConfig[config=jademoddedentities.neoforge.mixins.json, requiredMods=[]]
[20Jul2026 16:47:34.520] [main/DEBUG] [net.neoforged.fml.loading.moddiscovery.ModFileParser/LOADING]: Considering mod file candidate /var/opt/minecraft/crafty/crafty-4/servers/f208f13f-03b8-42f4-b07e-02f1dff6f964/mods/sable-neoforge-1.21.1-2.0.3.jar
[20Jul2026 16:47:34.520] [main/DEBUG] [net.neoforged.fml.loading.moddiscovery.ModFileInfo/LOADING]: Found valid mod file sable-neoforge-1.21.1-2.0.3.jar with {sable} mods - versions {2.0.3}
[20Jul2026 16:47:34.520] [main/DEBUG] [net.neoforged.fml.loading.moddiscovery.ModFile/LOADING]: Loading mod file /var/opt/minecraft/crafty/crafty-4/servers/f208f13f-03b8-42f4-b07e-02f1dff6f964/mods/sable-neoforge-1.21.1-2.0.3.jar with languages [LanguageSpec[languageName=javafml, acceptedVersions=[4,)]]
[20Jul2026 16:47:34.520] [main/DEBUG] [net.neoforged.fml.loading.moddiscovery.ModFile/LOADING]: Found mixin config MixinConfig[config=sable.mixins.json, requiredMods=[]]
[20Jul2026 16:47:34.520] [main/DEBUG] [net.neoforged.fml.loading.moddiscovery.ModFile/LOADING]: Found mixin config MixinConfig[config=sable-neoforge.mixins.json, requiredMods=[]]
[20Jul2026 16:47:34.520] [main/DEBUG] [net.neoforged.fml.loading.moddiscovery.ModFileParser/LOADING]: Considering mod file candidate 
[20Jul2026 16:47:34.520] [main/DEBUG] [net.neoforged.fml.loading.moddiscovery.ModFileInfo/LOADING]: Found valid mod file jei-bridge-1.12.1+1.21.1.jar with {connectorextras_jei_bridge} mods - versions {1.12.1+1.21.1}
[20Jul2026 16:47:34.520] [main/DEBUG] [net.neoforged.fml.loading.moddiscovery.ModFile/LOADING]: Loading mod file  with languages [LanguageSpec[languageName=javafml, acceptedVersions=*]]
[20Jul2026 16:47:34.520] [main/DEBUG] [net.neoforged.fml.loading.moddiscovery.ModFile/LOADING]: Found mixin config MixinConfig[config=mixins.jeibridge.json, requiredMods=[]]
[20Jul2026 16:47:34.520] [main/DEBUG] [net.neoforged.fml.loading.moddiscovery.ModFileParser/LOADING]: Considering mod file candidate 
[20Jul2026 16:47:34.520] [main/DEBUG] [net.neoforged.fml.loading.moddiscovery.ModFileInfo/LOADING]: Found valid mod file thedarkcolour.kffmod-5.11.0.jar with {kotlinforforge} mods - versions {5.11.0}
[20Jul2026 16:47:34.520] [main/DEBUG] [net.neoforged.fml.loading.moddiscovery.ModFile/LOADING]: Loading mod file  with languages [LanguageSpec[languageName=kotlinforforge, acceptedVersions=[5,)]]
[20Jul2026 16:47:34.520] [main/DEBUG] [net.neoforged.fml.loading.moddiscovery.ModFileParser/LOADING]: Considering mod file candidate /var/opt/minecraft/crafty/crafty-4/servers/f208f13f-03b8-42f4-b07e-02f1dff6f964/mods/ecologics-1.21.1-2.3.6.jar
[20Jul2026 16:47:34.520] [main/DEBUG] [net.neoforged.fml.loading.moddiscovery.ModFileInfo/LOADING]: Found valid mod file ecologics-1.21.1-2.3.6.jar with {ecologics} mods - versions {2.3.6}
[20Jul2026 16:47:34.520] [main/DEBUG] [net.neoforged.fml.loading.moddiscovery.ModFile/LOADING]: Loading mod file /var/opt/minecraft/crafty/crafty-4/servers/f208f13f-03b8-42f4-b07e-02f1dff6f964/mods/ecologics-1.21.1-2.3.6.jar with languages [LanguageSpec[languageName=javafml, acceptedVersions=[2,)]]
[20Jul2026 16:47:34.520] [main/DEBUG] [net.neoforged.fml.loading.moddiscovery.ModFile/LOADING]: Found mixin config MixinConfig[config=ecologics.mixins.json, requiredMods=[]]
[20Jul2026 16:47:34.520] [main/DEBUG] [net.neoforged.fml.loading.moddiscovery.ModFile/LOADING]: Found mixin config MixinConfig[config=ecologics-common.mixins.json, requiredMods=[]]
[20Jul2026 16:47:34.520] [main/DEBUG] [net.neoforged.fml.loading.moddiscovery.ModFileParser/LOADING]: Considering mod file candidate /var/opt/minecraft/crafty/crafty-4/servers/f208f13f-03b8-42f4-b07e-02f1dff6f964/mods/Xaeros_Minimap_25.3.2_NeoForge_1.21.jar
[20Jul2026 16:47:34.521] [main/DEBUG] [net.neoforged.fml.loading.moddiscovery.ModFileInfo/LOADING]: Found valid mod file Xaeros_Minimap_25.3.2_NeoForge_1.21.jar with {xaerominimap} mods - versions {25.3.2}
[20Jul2026 16:47:34.521] [main/DEBUG] [net.neoforged.fml.loading.moddiscovery.ModFile/LOADING]: Loading mod file /var/opt/minecraft/crafty/crafty-4/servers/f208f13f-03b8-42f4-b07e-02f1dff6f964/mods/Xaeros_Minimap_25.3.2_NeoForge_1.21.jar with languages [LanguageSpec[languageName=javafml, acceptedVersions=[4,)]]
[20Jul2026 16:47:34.521] [main/DEBUG] [net.neoforged.fml.loading.moddiscovery.ModFileParser/LOADING]: Found coremod xaerohud_core with Javascript path META-INF/xaerohud_core.js
[20Jul2026 16:47:34.521] [main/DEBUG] [net.neoforged.fml.loading.moddiscovery.ModFileParser/LOADING]: Found coremod xaerohud_platform_core with Javascript path META-INF/xaerohud_platform_core.js
[20Jul2026 16:47:34.521] [main/DEBUG] [net.neoforged.fml.loading.moddiscovery.ModFile/LOADING]: Found mixin config MixinConfig[config=xaerohud.mixins.json, requiredMods=[]]
[20Jul2026 16:47:34.521] [main/DEBUG] [net.neoforged.fml.loading.moddiscovery.ModFile/LOADING]: Found mixin config MixinConfig[config=xaerohud.neoforge.mixins.json, requiredMods=[]]
[20Jul2026 16:47:34.521] [main/DEBUG] [net.neoforged.fml.loading.moddiscovery.ModFile/LOADING]: Found mixin config MixinConfig[config=xaerominimap.mixins.json, requiredMods=[]]
[20Jul2026 16:47:34.521] [main/DEBUG] [net.neoforged.fml.loading.moddiscovery.ModFile/LOADING]: Found mixin config MixinConfig[config=xaerominimap.neoforge.mixins.json, requiredMods=[]]
[20Jul2026 16:47:34.521] [main/DEBUG] [net.neoforged.fml.loading.moddiscovery.ModFileParser/LOADING]: Considering mod file candidate 
[20Jul2026 16:47:34.521] [main/DEBUG] [net.neoforged.fml.loading.moddiscovery.ModFileInfo/LOADING]: Found valid mod file fabric-item-group-api-v1-4.1.7+e324903319.jar with {fabric_item_group_api_v1} mods - versions {4.1.7+e324903319}
[20Jul2026 16:47:34.521] [main/DEBUG] [net.neoforged.fml.loading.moddiscovery.ModFile/LOADING]: Loading mod file  with languages [LanguageSpec[languageName=javafml, acceptedVersions=[1,)]]
[20Jul2026 16:47:34.521] [main/DEBUG] [net.neoforged.fml.loading.moddiscovery.ModFile/LOADING]: Found mixin config MixinConfig[config=fabric-item-group-api-v1.mixins.json, requiredMods=[]]
[20Jul2026 16:47:34.521] [main/DEBUG] [net.neoforged.fml.loading.moddiscovery.ModFile/LOADING]: Found mixin config MixinConfig[config=fabric-item-group-api-v1.client.mixins.json, requiredMods=[]]
[20Jul2026 16:47:34.521] [main/DEBUG] [net.neoforged.fml.loading.moddiscovery.ModFileParser/LOADING]: Considering mod file candidate /var/opt/minecraft/crafty/crafty-4/servers/f208f13f-03b8-42f4-b07e-02f1dff6f964/mods/croptopia-neoforge-1.21.1-4.2.4.jar
[20Jul2026 16:47:34.521] [main/DEBUG] [net.neoforged.fml.loading.moddiscovery.ModFileInfo/LOADING]: Found valid mod file croptopia-neoforge-1.21.1-4.2.4.jar with {croptopia} mods - versions {4.2.4}
[20Jul2026 16:47:34.521] [main/DEBUG] [net.neoforged.fml.loading.moddiscovery.ModFile/LOADING]: Loading mod file /var/opt/minecraft/crafty/crafty-4/servers/f208f13f-03b8-42f4-b07e-02f1dff6f964/mods/croptopia-neoforge-1.21.1-4.2.4.jar with languages [LanguageSpec[languageName=javafml, acceptedVersions=[4,)]]
[20Jul2026 16:47:34.521] [main/DEBUG] [net.neoforged.fml.loading.moddiscovery.ModFile/LOADING]: Found mixin config MixinConfig[config=croptopia.mixins.json, requiredMods=[]]
[20Jul2026 16:47:34.521] [main/DEBUG] [net.neoforged.fml.loading.moddiscovery.ModFile/LOADING]: Found mixin config MixinConfig[config=croptopia.neoforge.mixins.json, requiredMods=[]]
[20Jul2026 16:47:34.521] [main/DEBUG] [net.neoforged.fml.loading.moddiscovery.ModFileParser/LOADING]: Considering mod file candidate 
[20Jul2026 16:47:34.521] [main/DEBUG] [net.neoforged.fml.loading.moddiscovery.ModFileInfo/LOADING]: Found valid mod file c2me-notickvd-mc1.21.1-0.3.0+alpha.0.93.jar with {c2me_notickvd} mods - versions {0.3.0+alpha.0.93+1.21.1}
[20Jul2026 16:47:34.522] [main/DEBUG] [net.neoforged.fml.loading.moddiscovery.ModFile/LOADING]: Loading mod file  with languages [LanguageSpec[languageName=javafml, acceptedVersions=*]]
[20Jul2026 16:47:34.522] [main/DEBUG] [net.neoforged.fml.loading.moddiscovery.ModFile/LOADING]: Found mixin config MixinConfig[config=c2me-notickvd.mixins.json, requiredMods=[]]
[20Jul2026 16:47:34.522] [main/DEBUG] [net.neoforged.fml.loading.moddiscovery.ModFileParser/LOADING]: Considering mod file candidate /var/opt/minecraft/crafty/crafty-4/servers/f208f13f-03b8-42f4-b07e-02f1dff6f964/mods/Zeta-1.1-40.jar
[20Jul2026 16:47:34.522] [main/DEBUG] [net.neoforged.fml.loading.moddiscovery.ModFileInfo/LOADING]: Found valid mod file Zeta-1.1-40.jar with {zeta} mods - versions {1.1-40}
[20Jul2026 16:47:34.522] [main/DEBUG] [net.neoforged.fml.loading.moddiscovery.ModFile/LOADING]: Loading mod file /var/opt/minecraft/crafty/crafty-4/servers/f208f13f-03b8-42f4-b07e-02f1dff6f964/mods/Zeta-1.1-40.jar with languages [LanguageSpec[languageName=javafml, acceptedVersions=[1,)]]
[20Jul2026 16:47:34.522] [main/DEBUG] [net.neoforged.fml.loading.moddiscovery.ModFile/LOADING]: Found mixin config MixinConfig[config=zeta.mixins.json, requiredMods=[]]
[20Jul2026 16:47:34.522] [main/DEBUG] [net.neoforged.fml.loading.moddiscovery.ModFile/LOADING]: Found mixin config MixinConfig[config=zeta_forge.mixins.json, requiredMods=[]]
[20Jul2026 16:47:34.522] [main/DEBUG] [net.neoforged.fml.loading.moddiscovery.ModFileParser/LOADING]: Considering mod file candidate 
[20Jul2026 16:47:34.522] [main/DEBUG] [net.neoforged.fml.loading.moddiscovery.ModFileInfo/LOADING]: Found valid mod file yumi-mc-foundation-1.0.0-beta.1+1.21.1-mojmap.jar with {yumi_mc_core} mods - versions {1.0.0-beta.1+1.21.1}
[20Jul2026 16:47:34.522] [main/DEBUG] [net.neoforged.fml.loading.moddiscovery.ModFile/LOADING]: Loading mod file  with languages [LanguageSpec[languageName=javafml, acceptedVersions=[2,)]]
[20Jul2026 16:47:34.522] [main/DEBUG] [net.neoforged.fml.loading.moddiscovery.ModFile/LOADING]: Found mixin config MixinConfig[config=yumi_mc_core.mixins.json, requiredMods=[]]
[20Jul2026 16:47:34.522] [main/DEBUG] [net.neoforged.fml.loading.moddiscovery.ModFile/LOADING]: Found mixin config MixinConfig[config=yumi_mc_core.neoforge.mixins.json, requiredMods=[]]
[20Jul2026 16:47:34.522] [main/DEBUG] [net.neoforged.fml.loading.moddiscovery.ModFileParser/LOADING]: Considering mod file candidate /var/opt/minecraft/crafty/crafty-4/servers/f208f13f-03b8-42f4-b07e-02f1dff6f964/mods/more_sounds-1.21.x-0.3.0-beta.jar
[20Jul2026 16:47:34.522] [main/DEBUG] [net.neoforged.fml.loading.moddiscovery.ModFileInfo/LOADING]: Found valid mod file more_sounds-1.21.x-0.3.0-beta.jar with {more_sounds} mods - versions {1.21.x-0.3.0-beta}
[20Jul2026 16:47:34.522] [main/DEBUG] [net.neoforged.fml.loading.moddiscovery.ModFile/LOADING]: Loading mod file /var/opt/minecraft/crafty/crafty-4/servers/f208f13f-03b8-42f4-b07e-02f1dff6f964/mods/more_sounds-1.21.x-0.3.0-beta.jar with languages [LanguageSpec[languageName=javafml, acceptedVersions=[4,)]]
[20Jul2026 16:47:34.522] [main/DEBUG] [net.neoforged.fml.loading.moddiscovery.ModFile/LOADING]: Found mixin config MixinConfig[config=more_sounds.mixins.json, requiredMods=[]]
[20Jul2026 16:47:34.522] [main/DEBUG] [net.neoforged.fml.loading.moddiscovery.ModFileParser/LOADING]: Considering mod file candidate 
[20Jul2026 16:47:34.522] [main/DEBUG] [net.neoforged.fml.loading.moddiscovery.ModFileInfo/LOADING]: Found valid mod file fabric-recipe-api-v1-5.0.15+59440bcc19.jar with {fabric_recipe_api_v1} mods - versions {5.0.15+59440bcc19}
[20Jul2026 16:47:34.522] [main/DEBUG] [net.neoforged.fml.loading.moddiscovery.ModFile/LOADING]: Loading mod file  with languages [LanguageSpec[languageName=javafml, acceptedVersions=[1,)]]
[20Jul2026 16:47:34.522] [main/DEBUG] [net.neoforged.fml.loading.moddiscovery.ModFile/LOADING]: Found mixin config MixinConfig[config=fabric-recipe-api-v1.mixins.json, requiredMods=[]]
[20Jul2026 16:47:34.522] [main/DEBUG] [net.neoforged.fml.loading.moddiscovery.ModFileParser/LOADING]: Considering mod file candidate /var/opt/minecraft/crafty/crafty-4/servers/f208f13f-03b8-42f4-b07e-02f1dff6f964/mods/create_power_loader-2.0.5-mc1.21.1.jar
[20Jul2026 16:47:34.522] [main/DEBUG] [net.neoforged.fml.loading.moddiscovery.ModFileInfo/LOADING]: Found valid mod file create_power_loader-2.0.5-mc1.21.1.jar with {create_power_loader} mods - versions {2.0.5-mc1.21.1}
[20Jul2026 16:47:34.522] [main/DEBUG] [net.neoforged.fml.loading.moddiscovery.ModFile/LOADING]: Loading mod file /var/opt/minecraft/crafty/crafty-4/servers/f208f13f-03b8-42f4-b07e-02f1dff6f964/mods/create_power_loader-2.0.5-mc1.21.1.jar with languages [LanguageSpec[languageName=javafml, acceptedVersions=[4,)]]
[20Jul2026 16:47:34.522] [main/DEBUG] [net.neoforged.fml.loading.moddiscovery.ModFile/LOADING]: Found mixin config MixinConfig[config=create_power_loader.mixins.json, requiredMods=[]]
[20Jul2026 16:47:34.522] [main/DEBUG] [net.neoforged.fml.loading.moddiscovery.ModFileParser/LOADING]: Considering mod file candidate /var/opt/minecraft/crafty/crafty-4/servers/f208f13f-03b8-42f4-b07e-02f1dff6f964/mods/PuzzlesLib-v21.1.52-1.21.1-NeoForge.jar
[20Jul2026 16:47:34.523] [main/DEBUG] [net.neoforged.fml.loading.moddiscovery.ModFileInfo/LOADING]: Found valid mod file PuzzlesLib-v21.1.52-1.21.1-NeoForge.jar with {puzzleslib} mods - versions {21.1.52}
[20Jul2026 16:47:34.523] [main/DEBUG] [net.neoforged.fml.loading.moddiscovery.ModFile/LOADING]: Loading mod file /var/opt/minecraft/crafty/crafty-4/servers/f208f13f-03b8-42f4-b07e-02f1dff6f964/mods/PuzzlesLib-v21.1.52-1.21.1-NeoForge.jar with languages [LanguageSpec[languageName=javafml, acceptedVersions=*]]
[20Jul2026 16:47:34.523] [main/DEBUG] [net.neoforged.fml.loading.moddiscovery.ModFile/LOADING]: Found mixin config MixinConfig[config=puzzleslib.common.mixins.json, requiredMods=[]]
[20Jul2026 16:47:34.523] [main/DEBUG] [net.neoforged.fml.loading.moddiscovery.ModFile/LOADING]: Found mixin config MixinConfig[config=puzzleslib.neoforge.mixins.json, requiredMods=[]]
[20Jul2026 16:47:34.523] [main/DEBUG] [net.neoforged.fml.loading.moddiscovery.ModFileParser/LOADING]: Considering mod file candidate /var/opt/minecraft/crafty/crafty-4/servers/f208f13f-03b8-42f4-b07e-02f1dff6f964/mods/ConsoleFilter-1.21.1-4.0.0-neoforge.jar
[20Jul2026 16:47:34.523] [main/DEBUG] [net.neoforged.fml.loading.moddiscovery.ModFileInfo/LOADING]: Found valid mod file ConsoleFilter-1.21.1-4.0.0-neoforge.jar with {consolefilter} mods - versions {1.21.1-4.0.0-neoforge}
[20Jul2026 16:47:34.523] [main/DEBUG] [net.neoforged.fml.loading.moddiscovery.ModFile/LOADING]: Loading mod file /var/opt/minecraft/crafty/crafty-4/servers/f208f13f-03b8-42f4-b07e-02f1dff6f964/mods/ConsoleFilter-1.21.1-4.0.0-neoforge.jar with languages [LanguageSpec[languageName=javafml, acceptedVersions=${loader_version_range}]]
[20Jul2026 16:47:34.523] [main/DEBUG] [net.neoforged.fml.loading.moddiscovery.ModFileParser/LOADING]: Considering mod file candidate 
[20Jul2026 16:47:34.523] [main/DEBUG] [net.neoforged.fml.loading.moddiscovery.ModFileInfo/LOADING]: Found valid mod file fabric-sound-api-v1-1.0.23+10b84f8419.jar with {fabric_sound_api_v1} mods - versions {1.0.23+10b84f8419}
[20Jul2026 16:47:34.523] [main/DEBUG] [net.neoforged.fml.loading.moddiscovery.ModFile/LOADING]: Loading mod file  with languages [LanguageSpec[languageName=javafml, acceptedVersions=[1,)]]
[20Jul2026 16:47:34.523] [main/DEBUG] [net.neoforged.fml.loading.moddiscovery.ModFile/LOADING]: Found mixin config MixinConfig[config=fabric-sound-api-v1.mixins.json, requiredMods=[]]
[20Jul2026 16:47:34.523] [main/DEBUG] [net.neoforged.fml.loading.moddiscovery.ModFileParser/LOADING]: Considering mod file candidate /var/opt/minecraft/crafty/crafty-4/servers/f208f13f-03b8-42f4-b07e-02f1dff6f964/mods/explosiveenhancement-neoforge-1.21.1-1.1.2.jar
[20Jul2026 16:47:34.523] [main/DEBUG] [net.neoforged.fml.loading.moddiscovery.ModFileInfo/LOADING]: Found valid mod file explosiveenhancement-neoforge-1.21.1-1.1.2.jar with {explosiveenhancement} mods - versions {1.1.2}
[20Jul2026 16:47:34.523] [main/DEBUG] [net.neoforged.fml.loading.moddiscovery.ModFile/LOADING]: Loading mod file /var/opt/minecraft/crafty/crafty-4/servers/f208f13f-03b8-42f4-b07e-02f1dff6f964/mods/explosiveenhancement-neoforge-1.21.1-1.1.2.jar with languages [LanguageSpec[languageName=javafml, acceptedVersions=[4,)]]
[20Jul2026 16:47:34.523] [main/DEBUG] [net.neoforged.fml.loading.moddiscovery.ModFile/LOADING]: Found mixin config MixinConfig[config=explosiveenhancement.mixins.json, requiredMods=[]]
[20Jul2026 16:47:34.523] [main/DEBUG] [net.neoforged.fml.loading.moddiscovery.ModFile/LOADING]: Found mixin config MixinConfig[config=explosiveenhancement.neoforge.mixins.json, requiredMods=[]]
[20Jul2026 16:47:34.523] [main/DEBUG] [net.neoforged.fml.loading.moddiscovery.ModFileParser/LOADING]: Considering mod file candidate /var/opt/minecraft/crafty/crafty-4/servers/f208f13f-03b8-42f4-b07e-02f1dff6f964/mods/createfood-neoforge-1.21.1-2.5.0.jar
[20Jul2026 16:47:34.523] [main/DEBUG] [net.neoforged.fml.loading.moddiscovery.ModFileInfo/LOADING]: Found valid mod file createfood-neoforge-1.21.1-2.5.0.jar with {createfood} mods - versions {2.5.0}
[20Jul2026 16:47:34.523] [main/DEBUG] [net.neoforged.fml.loading.moddiscovery.ModFile/LOADING]: Loading mod file /var/opt/minecraft/crafty/crafty-4/servers/f208f13f-03b8-42f4-b07e-02f1dff6f964/mods/createfood-neoforge-1.21.1-2.5.0.jar with languages [LanguageSpec[languageName=javafml, acceptedVersions=[4,)]]
[20Jul2026 16:47:34.523] [main/DEBUG] [net.neoforged.fml.loading.moddiscovery.ModFile/LOADING]: Found mixin config MixinConfig[config=createfood.mixins.json, requiredMods=[]]
[20Jul2026 16:47:34.523] [main/DEBUG] [net.neoforged.fml.loading.moddiscovery.ModFile/LOADING]: Found mixin config MixinConfig[config=createfood.neoforge.mixins.json, requiredMods=[]]
[20Jul2026 16:47:34.523] [main/DEBUG] [net.neoforged.fml.loading.moddiscovery.ModFileParser/LOADING]: Considering mod file candidate /var/opt/minecraft/crafty/crafty-4/servers/f208f13f-03b8-42f4-b07e-02f1dff6f964/mods/cristellib-neoforge-1.21.1-3.1.7.jar
[20Jul2026 16:47:34.524] [main/DEBUG] [net.neoforged.fml.loading.moddiscovery.ModFileInfo/LOADING]: Found valid mod file cristellib-neoforge-1.21.1-3.1.7.jar with {cristellib} mods - versions {3.1.7}
[20Jul2026 16:47:34.524] [main/DEBUG] [net.neoforged.fml.loading.moddiscovery.ModFile/LOADING]: Loading mod file /var/opt/minecraft/crafty/crafty-4/servers/f208f13f-03b8-42f4-b07e-02f1dff6f964/mods/cristellib-neoforge-1.21.1-3.1.7.jar with languages [LanguageSpec[languageName=javafml, acceptedVersions=[4,)]]
[20Jul2026 16:47:34.524] [main/DEBUG] [net.neoforged.fml.loading.moddiscovery.ModFile/LOADING]: Found mixin config MixinConfig[config=cristellib-common.mixins.json, requiredMods=[]]
[20Jul2026 16:47:34.524] [main/DEBUG] [net.neoforged.fml.loading.moddiscovery.ModFileParser/LOADING]: Considering mod file candidate /var/opt/minecraft/crafty/crafty-4/servers/f208f13f-03b8-42f4-b07e-02f1dff6f964/mods/TreeChop-1.21.1-neoforge-0.19.3.jar
[20Jul2026 16:47:34.524] [main/DEBUG] [net.neoforged.fml.loading.moddiscovery.ModFileInfo/LOADING]: Found valid mod file TreeChop-1.21.1-neoforge-0.19.3.jar with {treechop} mods - versions {0.19.3}
[20Jul2026 16:47:34.524] [main/DEBUG] [net.neoforged.fml.loading.moddiscovery.ModFile/LOADING]: Loading mod file /var/opt/minecraft/crafty/crafty-4/servers/f208f13f-03b8-42f4-b07e-02f1dff6f964/mods/TreeChop-1.21.1-neoforge-0.19.3.jar with languages [LanguageSpec[languageName=javafml, acceptedVersions=[1,)]]
[20Jul2026 16:47:34.524] [main/DEBUG] [net.neoforged.fml.loading.moddiscovery.ModFile/LOADING]: Found mixin config MixinConfig[config=treechop.mixins.json, requiredMods=[]]
[20Jul2026 16:47:34.524] [main/DEBUG] [net.neoforged.fml.loading.moddiscovery.ModFileParser/LOADING]: Considering mod file candidate /var/opt/minecraft/crafty/crafty-4/servers/f208f13f-03b8-42f4-b07e-02f1dff6f964/mods/radiomod-1.0.2.jar
[20Jul2026 16:47:34.524] [main/DEBUG] [net.neoforged.fml.loading.moddiscovery.ModFileInfo/LOADING]: Found valid mod file radiomod-1.0.2.jar with {radiomod} mods - versions {1.0.2}
[20Jul2026 16:47:34.524] [main/DEBUG] [net.neoforged.fml.loading.moddiscovery.ModFile/LOADING]: Loading mod file /var/opt/minecraft/crafty/crafty-4/servers/f208f13f-03b8-42f4-b07e-02f1dff6f964/mods/radiomod-1.0.2.jar with languages [LanguageSpec[languageName=javafml, acceptedVersions=[4,)]]
[20Jul2026 16:47:34.524] [main/DEBUG] [net.neoforged.fml.loading.moddiscovery.ModFileParser/LOADING]: Considering mod file candidate /var/opt/minecraft/crafty/crafty-4/servers/f208f13f-03b8-42f4-b07e-02f1dff6f964/mods/netherportalfix-neoforge-1.21.1-21.1.1.jar
[20Jul2026 16:47:34.524] [main/DEBUG] [net.neoforged.fml.loading.moddiscovery.ModFileInfo/LOADING]: Found valid mod file netherportalfix-neoforge-1.21.1-21.1.1.jar with {netherportalfix} mods - versions {21.1.1}
[20Jul2026 16:47:34.524] [main/DEBUG] [net.neoforged.fml.loading.moddiscovery.ModFile/LOADING]: Loading mod file /var/opt/minecraft/crafty/crafty-4/servers/f208f13f-03b8-42f4-b07e-02f1dff6f964/mods/netherportalfix-neoforge-1.21.1-21.1.1.jar with languages [LanguageSpec[languageName=javafml, acceptedVersions=[1,)]]
[20Jul2026 16:47:34.524] [main/DEBUG] [net.neoforged.fml.loading.moddiscovery.ModFile/LOADING]: Found mixin config MixinConfig[config=netherportalfix.mixins.json, requiredMods=[]]
[20Jul2026 16:47:34.524] [main/DEBUG] [net.neoforged.fml.loading.moddiscovery.ModFile/LOADING]: Found mixin config MixinConfig[config=netherportalfix.neoforge.mixins.json, requiredMods=[]]
[20Jul2026 16:47:34.524] [main/DEBUG] [net.neoforged.fml.loading.moddiscovery.ModFileParser/LOADING]: Considering mod file candidate /var/opt/minecraft/crafty/crafty-4/servers/f208f13f-03b8-42f4-b07e-02f1dff6f964/mods/YungsBetterWitchHuts-1.21.1-NeoForge-4.1.1.jar
[20Jul2026 16:47:34.524] [main/DEBUG] [net.neoforged.fml.loading.moddiscovery.ModFileInfo/LOADING]: Found valid mod file YungsBetterWitchHuts-1.21.1-NeoForge-4.1.1.jar with {betterwitchhuts} mods - versions {1.21.1-NeoForge-4.1.1}
[20Jul2026 16:47:34.524] [main/DEBUG] [net.neoforged.fml.loading.moddiscovery.ModFile/LOADING]: Loading mod file /var/opt/minecraft/crafty/crafty-4/servers/f208f13f-03b8-42f4-b07e-02f1dff6f964/mods/YungsBetterWitchHuts-1.21.1-NeoForge-4.1.1.jar with languages [LanguageSpec[languageName=javafml, acceptedVersions=[4,)]]
[20Jul2026 16:47:34.524] [main/DEBUG] [net.neoforged.fml.loading.moddiscovery.ModFile/LOADING]: Found mixin config MixinConfig[config=betterwitchhuts.mixins.json, requiredMods=[]]
[20Jul2026 16:47:34.524] [main/DEBUG] [net.neoforged.fml.loading.moddiscovery.ModFileParser/LOADING]: Considering mod file candidate /var/opt/minecraft/crafty/crafty-4/servers/f208f13f-03b8-42f4-b07e-02f1dff6f964/mods/geckolib-neoforge-1.21.1-4.8.4.jar
[20Jul2026 16:47:34.524] [main/DEBUG] [net.neoforged.fml.loading.moddiscovery.ModFileInfo/LOADING]: Found valid mod file geckolib-neoforge-1.21.1-4.8.4.jar with {geckolib} mods - versions {4.8.4}
[20Jul2026 16:47:34.524] [main/DEBUG] [net.neoforged.fml.loading.moddiscovery.ModFile/LOADING]: Loading mod file /var/opt/minecraft/crafty/crafty-4/servers/f208f13f-03b8-42f4-b07e-02f1dff6f964/mods/geckolib-neoforge-1.21.1-4.8.4.jar with languages [LanguageSpec[languageName=javafml, acceptedVersions=[4,)]]
[20Jul2026 16:47:34.524] [main/DEBUG] [net.neoforged.fml.loading.moddiscovery.ModFile/LOADING]: Found mixin config MixinConfig[config=geckolib.mixins.json, requiredMods=[]]
[20Jul2026 16:47:34.524] [main/DEBUG] [net.neoforged.fml.loading.moddiscovery.ModFileParser/LOADING]: Considering mod file candidate /var/opt/minecraft/crafty/crafty-4/servers/f208f13f-03b8-42f4-b07e-02f1dff6f964/mods/naturalist-1.0.2-neoforge-1.21.1.jar
[20Jul2026 16:47:34.525] [main/DEBUG] [net.neoforged.fml.loading.moddiscovery.ModFileInfo/LOADING]: Found valid mod file naturalist-1.0.2-neoforge-1.21.1.jar with {naturalist} mods - versions {1.0.2}
[20Jul2026 16:47:34.525] [main/DEBUG] [net.neoforged.fml.loading.moddiscovery.ModFile/LOADING]: Loading mod file /var/opt/minecraft/crafty/crafty-4/servers/f208f13f-03b8-42f4-b07e-02f1dff6f964/mods/naturalist-1.0.2-neoforge-1.21.1.jar with languages [LanguageSpec[languageName=javafml, acceptedVersions=[1,)]]
[20Jul2026 16:47:34.525] [main/DEBUG] [net.neoforged.fml.loading.moddiscovery.ModFile/LOADING]: Found mixin config MixinConfig[config=naturalist.mixins.json, requiredMods=[]]
[20Jul2026 16:47:34.525] [main/DEBUG] [net.neoforged.fml.loading.moddiscovery.ModFileParser/LOADING]: Considering mod file candidate 
[20Jul2026 16:47:34.525] [main/DEBUG] [net.neoforged.fml.loading.moddiscovery.ModFileInfo/LOADING]: Found valid mod file c2me-opts-natives-math-mc1.21.1-0.3.0+alpha.0.93.jar with {c2me_opts_natives_math} mods - versions {0.3.0+alpha.0.93+1.21.1}
[20Jul2026 16:47:34.525] [main/DEBUG] [net.neoforged.fml.loading.moddiscovery.ModFile/LOADING]: Loading mod file  with languages [LanguageSpec[languageName=lowcodefml, acceptedVersions=*]]
[20Jul2026 16:47:34.525] [main/DEBUG] [net.neoforged.fml.loading.moddiscovery.ModFile/LOADING]: Found mixin config MixinConfig[config=c2me-opts-natives-math.mixins.json, requiredMods=[]]
[20Jul2026 16:47:34.525] [main/DEBUG] [net.neoforged.fml.loading.moddiscovery.ModFileParser/LOADING]: Considering mod file candidate /var/opt/minecraft/crafty/crafty-4/servers/f208f13f-03b8-42f4-b07e-02f1dff6f964/mods/ritchiesprojectilelib-2.1.2+mc.1.21.1-neoforge.jar
[20Jul2026 16:47:34.525] [main/DEBUG] [net.neoforged.fml.loading.moddiscovery.ModFileInfo/LOADING]: Found valid mod file ritchiesprojectilelib-2.1.2+mc.1.21.1-neoforge.jar with {ritchiesprojectilelib} mods - versions {2.1.2}
[20Jul2026 16:47:34.525] [main/DEBUG] [net.neoforged.fml.loading.moddiscovery.ModFile/LOADING]: Loading mod file /var/opt/minecraft/crafty/crafty-4/servers/f208f13f-03b8-42f4-b07e-02f1dff6f964/mods/ritchiesprojectilelib-2.1.2+mc.1.21.1-neoforge.jar with languages [LanguageSpec[languageName=javafml, acceptedVersions=[4,)]]
[20Jul2026 16:47:34.525] [main/DEBUG] [net.neoforged.fml.loading.moddiscovery.ModFileParser/LOADING]: Considering mod file candidate /var/opt/minecraft/crafty/crafty-4/servers/f208f13f-03b8-42f4-b07e-02f1dff6f964/mods/XaerosWorldMap_1.40.2_NeoForge_1.21.jar
[20Jul2026 16:47:34.525] [main/DEBUG] [net.neoforged.fml.loading.moddiscovery.ModFileInfo/LOADING]: Found valid mod file XaerosWorldMap_1.40.2_NeoForge_1.21.jar with {xaeroworldmap} mods - versions {1.40.2}
[20Jul2026 16:47:34.525] [main/DEBUG] [net.neoforged.fml.loading.moddiscovery.ModFile/LOADING]: Loading mod file /var/opt/minecraft/crafty/crafty-4/servers/f208f13f-03b8-42f4-b07e-02f1dff6f964/mods/XaerosWorldMap_1.40.2_NeoForge_1.21.jar with languages [LanguageSpec[languageName=javafml, acceptedVersions=[4,)]]
[20Jul2026 16:47:34.525] [main/DEBUG] [net.neoforged.fml.loading.moddiscovery.ModFileParser/LOADING]: Found coremod xaeroworldmap_core with Javascript path META-INF/xaeroworldmap_core.js
[20Jul2026 16:47:34.525] [main/DEBUG] [net.neoforged.fml.loading.moddiscovery.ModFileParser/LOADING]: Found coremod xaeroworldmap_platform_core with Javascript path META-INF/xaeroworldmap_platform_core.js
[20Jul2026 16:47:34.525] [main/DEBUG] [net.neoforged.fml.loading.moddiscovery.ModFile/LOADING]: Found mixin config MixinConfig[config=xaeroworldmap.mixins.json, requiredMods=[]]
[20Jul2026 16:47:34.525] [main/DEBUG] [net.neoforged.fml.loading.moddiscovery.ModFile/LOADING]: Found mixin config MixinConfig[config=xaeroworldmap.neoforge.mixins.json, requiredMods=[]]
[20Jul2026 16:47:34.525] [main/DEBUG] [net.neoforged.fml.loading.moddiscovery.ModFileParser/LOADING]: Considering mod file candidate /var/opt/minecraft/crafty/crafty-4/servers/f208f13f-03b8-42f4-b07e-02f1dff6f964/mods/cerulean-neoforge-1.0.0-1.21.1.jar
[20Jul2026 16:47:34.525] [main/DEBUG] [net.neoforged.fml.loading.moddiscovery.ModFileInfo/LOADING]: Found valid mod file cerulean-neoforge-1.0.0-1.21.1.jar with {cerulean} mods - versions {1.0.0}
[20Jul2026 16:47:34.525] [main/DEBUG] [net.neoforged.fml.loading.moddiscovery.ModFile/LOADING]: Loading mod file /var/opt/minecraft/crafty/crafty-4/servers/f208f13f-03b8-42f4-b07e-02f1dff6f964/mods/cerulean-neoforge-1.0.0-1.21.1.jar with languages [LanguageSpec[languageName=javafml, acceptedVersions=[1,)]]
[20Jul2026 16:47:34.525] [main/DEBUG] [net.neoforged.fml.loading.moddiscovery.ModFile/LOADING]: Found mixin config MixinConfig[config=mixins.cerulean.json, requiredMods=[]]
[20Jul2026 16:47:34.525] [main/DEBUG] [net.neoforged.fml.loading.moddiscovery.ModFileParser/LOADING]: Considering mod file candidate 
[20Jul2026 16:47:34.526] [main/DEBUG] [net.neoforged.fml.loading.moddiscovery.ModFileInfo/LOADING]: Found valid mod file fabric-data-attachment-api-v1-1.4.5+26d408aa19.jar with {fabric_data_attachment_api_v1} mods - versions {1.4.5+26d408aa19}
[20Jul2026 16:47:34.526] [main/DEBUG] [net.neoforged.fml.loading.moddiscovery.ModFile/LOADING]: Loading mod file  with languages [LanguageSpec[languageName=javafml, acceptedVersions=[1,)]]
[20Jul2026 16:47:34.526] [main/DEBUG] [net.neoforged.fml.loading.moddiscovery.ModFile/LOADING]: Found mixin config MixinConfig[config=fabric-data-attachment-api-v1.mixins.json, requiredMods=[]]
[20Jul2026 16:47:34.526] [main/DEBUG] [net.neoforged.fml.loading.moddiscovery.ModFileParser/LOADING]: Considering mod file candidate /var/opt/minecraft/crafty/crafty-4/servers/f208f13f-03b8-42f4-b07e-02f1dff6f964/mods/create-central-kitchen-2.5.0.jar
[20Jul2026 16:47:34.526] [main/DEBUG] [net.neoforged.fml.loading.moddiscovery.ModFileInfo/LOADING]: Found valid mod file create-central-kitchen-2.5.0.jar with {create_central_kitchen} mods - versions {2.5.0}
[20Jul2026 16:47:34.526] [main/DEBUG] [net.neoforged.fml.loading.moddiscovery.ModFile/LOADING]: Loading mod file /var/opt/minecraft/crafty/crafty-4/servers/f208f13f-03b8-42f4-b07e-02f1dff6f964/mods/create-central-kitchen-2.5.0.jar with languages [LanguageSpec[languageName=javafml, acceptedVersions=[4,)]]
[20Jul2026 16:47:34.526] [main/DEBUG] [net.neoforged.fml.loading.moddiscovery.ModFile/LOADING]: Found mixin config MixinConfig[config=create_central_kitchen.mixins.json, requiredMods=[]]
[20Jul2026 16:47:34.526] [main/DEBUG] [net.neoforged.fml.loading.moddiscovery.ModFile/LOADING]: Found mixin config MixinConfig[config=create_central_kitchen.farmersdelight.mixins.json, requiredMods=[]]
[20Jul2026 16:47:34.526] [main/DEBUG] [net.neoforged.fml.loading.moddiscovery.ModFile/LOADING]: Found mixin config MixinConfig[config=create_central_kitchen.brewinandchewin.mixins.json, requiredMods=[]]
[20Jul2026 16:47:34.526] [main/DEBUG] [net.neoforged.fml.loading.moddiscovery.ModFile/LOADING]: Found mixin config MixinConfig[config=create_central_kitchen.extradelight.mixins.json, requiredMods=[]]
[20Jul2026 16:47:34.526] [main/DEBUG] [net.neoforged.fml.loading.moddiscovery.ModFile/LOADING]: Found mixin config MixinConfig[config=create_central_kitchen.minersdelight.mixins.json, requiredMods=[]]
[20Jul2026 16:47:34.526] [main/DEBUG] [net.neoforged.fml.loading.moddiscovery.ModFile/LOADING]: Found mixin config MixinConfig[config=create_central_kitchen.dungeonsdelight.mixins.json, requiredMods=[]]
[20Jul2026 16:47:34.526] [main/DEBUG] [net.neoforged.fml.loading.moddiscovery.ModFileParser/LOADING]: Considering mod file candidate /var/opt/minecraft/crafty/crafty-4/servers/f208f13f-03b8-42f4-b07e-02f1dff6f964/mods/lambdynamiclights-4.8.8+1.21.1.jar
[20Jul2026 16:47:34.526] [main/DEBUG] [net.neoforged.fml.loading.moddiscovery.ModFileInfo/LOADING]: Found valid mod file lambdynamiclights-4.8.8+1.21.1.jar with {lambdynlights} mods - versions {4.8.8+1.21.1}
[20Jul2026 16:47:34.526] [main/DEBUG] [net.neoforged.fml.loading.moddiscovery.ModFile/LOADING]: Loading mod file /var/opt/minecraft/crafty/crafty-4/servers/f208f13f-03b8-42f4-b07e-02f1dff6f964/mods/lambdynamiclights-4.8.8+1.21.1.jar with languages [LanguageSpec[languageName=javafml, acceptedVersions=[2,)]]
[20Jul2026 16:47:34.526] [main/DEBUG] [net.neoforged.fml.loading.moddiscovery.ModFileParser/LOADING]: Considering mod file candidate 
[20Jul2026 16:47:34.526] [main/DEBUG] [net.neoforged.fml.loading.moddiscovery.ModFileInfo/LOADING]: Found valid mod file dev.simulated_team.simulated.simulated-neoforge-1.21.1-1.3.0.jar with {simulated} mods - versions {1.3.0}
[20Jul2026 16:47:34.526] [main/DEBUG] [net.neoforged.fml.loading.moddiscovery.ModFile/LOADING]: Loading mod file  with languages [LanguageSpec[languageName=javafml, acceptedVersions=[4,)]]
[20Jul2026 16:47:34.526] [main/DEBUG] [net.neoforged.fml.loading.moddiscovery.ModFile/LOADING]: Found mixin config MixinConfig[config=simulated.mixins.json, requiredMods=[]]
[20Jul2026 16:47:34.526] [main/DEBUG] [net.neoforged.fml.loading.moddiscovery.ModFile/LOADING]: Found mixin config MixinConfig[config=simulated-neoforge.mixins.json, requiredMods=[]]
[20Jul2026 16:47:34.526] [main/DEBUG] [net.neoforged.fml.loading.moddiscovery.ModFileParser/LOADING]: Considering mod file candidate 
[20Jul2026 16:47:34.526] [main/DEBUG] [net.neoforged.fml.loading.moddiscovery.ModFileInfo/LOADING]: Found valid mod file c2me-opts-math-mc1.21.1-0.3.0+alpha.0.93.jar with {c2me_opts_math} mods - versions {0.3.0+alpha.0.93+1.21.1}
[20Jul2026 16:47:34.526] [main/DEBUG] [net.neoforged.fml.loading.moddiscovery.ModFile/LOADING]: Loading mod file  with languages [LanguageSpec[languageName=lowcodefml, acceptedVersions=*]]
[20Jul2026 16:47:34.526] [main/DEBUG] [net.neoforged.fml.loading.moddiscovery.ModFile/LOADING]: Found mixin config MixinConfig[config=c2me-opts-math.mixins.json, requiredMods=[]]
[20Jul2026 16:47:34.526] [main/DEBUG] [net.neoforged.fml.loading.moddiscovery.ModFileParser/LOADING]: Considering mod file candidate /var/opt/minecraft/crafty/crafty-4/servers/f208f13f-03b8-42f4-b07e-02f1dff6f964/mods/CreateNumismatics-1.0.20+neoforge-mc1.21.1.jar
[20Jul2026 16:47:34.527] [main/DEBUG] [net.neoforged.fml.loading.moddiscovery.ModFileInfo/LOADING]: Found valid mod file CreateNumismatics-1.0.20+neoforge-mc1.21.1.jar with {numismatics} mods - versions {1.0.20+neoforge-mc1.21.1}
[20Jul2026 16:47:34.527] [main/DEBUG] [net.neoforged.fml.loading.moddiscovery.ModFile/LOADING]: Loading mod file /var/opt/minecraft/crafty/crafty-4/servers/f208f13f-03b8-42f4-b07e-02f1dff6f964/mods/CreateNumismatics-1.0.20+neoforge-mc1.21.1.jar with languages [LanguageSpec[languageName=javafml, acceptedVersions=[0,)]]
[20Jul2026 16:47:34.527] [main/DEBUG] [net.neoforged.fml.loading.moddiscovery.ModFile/LOADING]: Found mixin config MixinConfig[config=numismatics-common.mixins.json, requiredMods=[]]
[20Jul2026 16:47:34.527] [main/DEBUG] [net.neoforged.fml.loading.moddiscovery.ModFile/LOADING]: Found mixin config MixinConfig[config=numismatics.mixins.json, requiredMods=[]]
[20Jul2026 16:47:34.527] [main/DEBUG] [net.neoforged.fml.loading.moddiscovery.ModFileParser/LOADING]: Considering mod file candidate 
[20Jul2026 16:47:34.527] [main/DEBUG] [net.neoforged.fml.loading.moddiscovery.ModFileInfo/LOADING]: Found valid mod file com.kneelawk.extra-mod-integrations.extra-mod-integrations-reliquary-neoforge-1.0.3+1.21.1.jar with {extra_mod_integrations_reliquary} mods - versions {1.0.3+1.21.1}
[20Jul2026 16:47:34.527] [main/DEBUG] [net.neoforged.fml.loading.moddiscovery.ModFile/LOADING]: Loading mod file  with languages [LanguageSpec[languageName=javafml, acceptedVersions=[1,)]]
[20Jul2026 16:47:34.527] [main/DEBUG] [net.neoforged.fml.loading.moddiscovery.ModFileParser/LOADING]: Considering mod file candidate /var/opt/minecraft/crafty/crafty-4/servers/f208f13f-03b8-42f4-b07e-02f1dff6f964/mods/railways-0.2.1+neoforge-mc1.21.1.jar
[20Jul2026 16:47:34.527] [main/DEBUG] [net.neoforged.fml.loading.moddiscovery.ModFileInfo/LOADING]: Found valid mod file railways-0.2.1+neoforge-mc1.21.1.jar with {railways} mods - versions {0.2.1+neoforge-mc1.21.1}
[20Jul2026 16:47:34.527] [main/DEBUG] [net.neoforged.fml.loading.moddiscovery.ModFile/LOADING]: Loading mod file /var/opt/minecraft/crafty/crafty-4/servers/f208f13f-03b8-42f4-b07e-02f1dff6f964/mods/railways-0.2.1+neoforge-mc1.21.1.jar with languages [LanguageSpec[languageName=javafml, acceptedVersions=[4,)]]
[20Jul2026 16:47:34.527] [main/DEBUG] [net.neoforged.fml.loading.moddiscovery.ModFile/LOADING]: Found mixin config MixinConfig[config=railways-common.mixins.json, requiredMods=[]]
[20Jul2026 16:47:34.527] [main/DEBUG] [net.neoforged.fml.loading.moddiscovery.ModFile/LOADING]: Found mixin config MixinConfig[config=railways.mixins.json, requiredMods=[]]
[20Jul2026 16:47:34.527] [main/DEBUG] [net.neoforged.fml.loading.moddiscovery.ModFileParser/LOADING]: Considering mod file candidate /var/opt/minecraft/crafty/crafty-4/servers/f208f13f-03b8-42f4-b07e-02f1dff6f964/mods/zfastnoise-1.0.11+2+1.21.1+neoforge.jar
[20Jul2026 16:47:34.527] [main/DEBUG] [net.neoforged.fml.loading.moddiscovery.ModFileInfo/LOADING]: Found valid mod file zfastnoise-1.0.11+2+1.21.1+neoforge.jar with {zfastnoise} mods - versions {1.0.11+2+1.21.1+neoforge}
[20Jul2026 16:47:34.527] [main/DEBUG] [net.neoforged.fml.loading.moddiscovery.ModFile/LOADING]: Loading mod file /var/opt/minecraft/crafty/crafty-4/servers/f208f13f-03b8-42f4-b07e-02f1dff6f964/mods/zfastnoise-1.0.11+2+1.21.1+neoforge.jar with languages [LanguageSpec[languageName=javafml, acceptedVersions=[1,)]]
[20Jul2026 16:47:34.527] [main/DEBUG] [net.neoforged.fml.loading.moddiscovery.ModFile/LOADING]: Found mixin config MixinConfig[config=zfastnoise.mixins.json, requiredMods=[]]
[20Jul2026 16:47:34.527] [main/DEBUG] [net.neoforged.fml.loading.moddiscovery.ModFileParser/LOADING]: Considering mod file candidate 
[20Jul2026 16:47:34.527] [main/DEBUG] [net.neoforged.fml.loading.moddiscovery.ModFileInfo/LOADING]: Found valid mod file pridelib-1.2.4+1.21.1-mojmap.jar with {pride} mods - versions {1.2.4+1.21.1}
[20Jul2026 16:47:34.527] [main/DEBUG] [net.neoforged.fml.loading.moddiscovery.ModFile/LOADING]: Loading mod file  with languages [LanguageSpec[languageName=javafml, acceptedVersions=[2,)]]
[20Jul2026 16:47:34.527] [main/ERROR] [net.neoforged.fml.loading.moddiscovery.ModFile/LOADING]: Access transformer file META-INF/accesstransformer.cfg provided by mod pride does not exist!
[20Jul2026 16:47:34.527] [main/DEBUG] [net.neoforged.fml.loading.moddiscovery.ModFileParser/LOADING]: Considering mod file candidate 
[20Jul2026 16:47:34.528] [main/DEBUG] [net.neoforged.fml.loading.moddiscovery.ModFileInfo/LOADING]: Found valid mod file fabric-content-registries-v0-8.0.19+5e0d320019.jar with {fabric_content_registries_v0} mods - versions {8.0.19+5e0d320019}
[20Jul2026 16:47:34.528] [main/DEBUG] [net.neoforged.fml.loading.moddiscovery.ModFile/LOADING]: Loading mod file  with languages [LanguageSpec[languageName=javafml, acceptedVersions=[1,)]]
[20Jul2026 16:47:34.528] [main/DEBUG] [net.neoforged.fml.loading.moddiscovery.ModFile/LOADING]: Found mixin config MixinConfig[config=fabric-content-registries-v0.mixins.json, requiredMods=[]]
[20Jul2026 16:47:34.528] [main/DEBUG] [net.neoforged.fml.loading.moddiscovery.ModFileParser/LOADING]: Considering mod file candidate /var/opt/minecraft/crafty/crafty-4/servers/f208f13f-03b8-42f4-b07e-02f1dff6f964/mods/FarmersDelight-1.21.1-1.3.2.jar
[20Jul2026 16:47:34.528] [main/DEBUG] [net.neoforged.fml.loading.moddiscovery.ModFileInfo/LOADING]: Found valid mod file FarmersDelight-1.21.1-1.3.2.jar with {farmersdelight} mods - versions {1.3.2}
[20Jul2026 16:47:34.528] [main/DEBUG] [net.neoforged.fml.loading.moddiscovery.ModFile/LOADING]: Loading mod file /var/opt/minecraft/crafty/crafty-4/servers/f208f13f-03b8-42f4-b07e-02f1dff6f964/mods/FarmersDelight-1.21.1-1.3.2.jar with languages [LanguageSpec[languageName=javafml, acceptedVersions=[4,)]]
[20Jul2026 16:47:34.528] [main/DEBUG] [net.neoforged.fml.loading.moddiscovery.ModFile/LOADING]: Found mixin config MixinConfig[config=farmersdelight.mixins.json, requiredMods=[]]
[20Jul2026 16:47:34.528] [main/DEBUG] [net.neoforged.fml.loading.moddiscovery.ModFileParser/LOADING]: Considering mod file candidate /var/opt/minecraft/crafty/crafty-4/servers/f208f13f-03b8-42f4-b07e-02f1dff6f964/mods/createframed-1.21.1-1.7.3.jar
[20Jul2026 16:47:34.528] [main/DEBUG] [net.neoforged.fml.loading.moddiscovery.ModFileInfo/LOADING]: Found valid mod file createframed-1.21.1-1.7.3.jar with {createframed} mods - versions {1.7.3}
[20Jul2026 16:47:34.528] [main/DEBUG] [net.neoforged.fml.loading.moddiscovery.ModFile/LOADING]: Loading mod file /var/opt/minecraft/crafty/crafty-4/servers/f208f13f-03b8-42f4-b07e-02f1dff6f964/mods/createframed-1.21.1-1.7.3.jar with languages [LanguageSpec[languageName=javafml, acceptedVersions=[1,)]]
[20Jul2026 16:47:34.528] [main/DEBUG] [net.neoforged.fml.loading.moddiscovery.ModFileParser/LOADING]: Considering mod file candidate 
[20Jul2026 16:47:34.528] [main/DEBUG] [net.neoforged.fml.loading.moddiscovery.ModFileInfo/LOADING]: Found valid mod file c2me-fixes-chunkio-threading-issues-mc1.21.1-0.3.0+alpha.0.93.jar with {c2me_fixes_chunkio_threading_issues} mods - versions {0.3.0+alpha.0.93+1.21.1}
[20Jul2026 16:47:34.528] [main/DEBUG] [net.neoforged.fml.loading.moddiscovery.ModFile/LOADING]: Loading mod file  with languages [LanguageSpec[languageName=lowcodefml, acceptedVersions=*]]
[20Jul2026 16:47:34.528] [main/DEBUG] [net.neoforged.fml.loading.moddiscovery.ModFile/LOADING]: Found mixin config MixinConfig[config=c2me-fixes-chunkio-threading-issues.mixins.json, requiredMods=[]]
[20Jul2026 16:47:34.528] [main/DEBUG] [net.neoforged.fml.loading.moddiscovery.ModFileParser/LOADING]: Considering mod file candidate /var/opt/minecraft/crafty/crafty-4/servers/f208f13f-03b8-42f4-b07e-02f1dff6f964/mods/create_ultimate_factory-2.2.4-neoforge-1.21.1.jar
[20Jul2026 16:47:34.528] [main/DEBUG] [net.neoforged.fml.loading.moddiscovery.ModFileInfo/LOADING]: Found valid mod file create_ultimate_factory-2.2.4-neoforge-1.21.1.jar with {create_ultimate_factory} mods - versions {2.2.4}
[20Jul2026 16:47:34.528] [main/DEBUG] [net.neoforged.fml.loading.moddiscovery.ModFile/LOADING]: Loading mod file /var/opt/minecraft/crafty/crafty-4/servers/f208f13f-03b8-42f4-b07e-02f1dff6f964/mods/create_ultimate_factory-2.2.4-neoforge-1.21.1.jar with languages [LanguageSpec[languageName=javafml, acceptedVersions=[4,)]]
[20Jul2026 16:47:34.528] [main/DEBUG] [net.neoforged.fml.loading.moddiscovery.ModFileParser/LOADING]: Considering mod file candidate 
[20Jul2026 16:47:34.529] [main/DEBUG] [net.neoforged.fml.loading.moddiscovery.ModFileInfo/LOADING]: Found valid mod file c2me-client-uncapvd-mc1.21.1-0.3.0+alpha.0.93.jar with {c2me_client_uncapvd} mods - versions {0.3.0+alpha.0.93+1.21.1}
[20Jul2026 16:47:34.529] [main/DEBUG] [net.neoforged.fml.loading.moddiscovery.ModFile/LOADING]: Loading mod file  with languages [LanguageSpec[languageName=javafml, acceptedVersions=*]]
[20Jul2026 16:47:34.529] [main/DEBUG] [net.neoforged.fml.loading.moddiscovery.ModFile/LOADING]: Found mixin config MixinConfig[config=c2me-client-uncapvd.mixins.json, requiredMods=[]]
[20Jul2026 16:47:34.529] [main/DEBUG] [net.neoforged.fml.loading.moddiscovery.ModFileParser/LOADING]: Considering mod file candidate 
[20Jul2026 16:47:34.529] [main/DEBUG] [net.neoforged.fml.loading.moddiscovery.ModFileInfo/LOADING]: Found valid mod file automodpack-mod.jar with {automodpack_mod} mods - versions {4.0.5}
[20Jul2026 16:47:34.529] [main/DEBUG] [net.neoforged.fml.loading.moddiscovery.ModFile/LOADING]: Loading mod file  with languages [LanguageSpec[languageName=javafml, acceptedVersions=[1,)]]
[20Jul2026 16:47:34.529] [main/DEBUG] [net.neoforged.fml.loading.moddiscovery.ModFile/LOADING]: Found mixin config MixinConfig[config=automodpack-main.mixins.json, requiredMods=[]]
[20Jul2026 16:47:34.529] [main/DEBUG] [net.neoforged.fml.loading.moddiscovery.ModFileParser/LOADING]: Considering mod file candidate /var/opt/minecraft/crafty/crafty-4/servers/f208f13f-03b8-42f4-b07e-02f1dff6f964/mods/bountiful-neoforge-8.0.0-beta.2.jar
[20Jul2026 16:47:34.529] [main/DEBUG] [net.neoforged.fml.loading.moddiscovery.ModFileInfo/LOADING]: Found valid mod file bountiful-neoforge-8.0.0-beta.2.jar with {bountiful} mods - versions {8.0.0-beta.2}
[20Jul2026 16:47:34.529] [main/DEBUG] [net.neoforged.fml.loading.moddiscovery.ModFile/LOADING]: Loading mod file /var/opt/minecraft/crafty/crafty-4/servers/f208f13f-03b8-42f4-b07e-02f1dff6f964/mods/bountiful-neoforge-8.0.0-beta.2.jar with languages [LanguageSpec[languageName=kotlinforforge, acceptedVersions=[4,)]]
[20Jul2026 16:47:34.529] [main/DEBUG] [net.neoforged.fml.loading.moddiscovery.ModFile/LOADING]: Found mixin config MixinConfig[config=bountiful.mixins.json, requiredMods=[]]
[20Jul2026 16:47:34.529] [main/DEBUG] [net.neoforged.fml.loading.moddiscovery.ModFileParser/LOADING]: Considering mod file candidate /var/opt/minecraft/crafty/crafty-4/servers/f208f13f-03b8-42f4-b07e-02f1dff6f964/mods/collective-1.21.1-8.25.jar
[20Jul2026 16:47:34.529] [main/DEBUG] [net.neoforged.fml.loading.moddiscovery.ModFileInfo/LOADING]: Found valid mod file collective-1.21.1-8.25.jar with {collective} mods - versions {8.25}
[20Jul2026 16:47:34.529] [main/DEBUG] [net.neoforged.fml.loading.moddiscovery.ModFile/LOADING]: Loading mod file /var/opt/minecraft/crafty/crafty-4/servers/f208f13f-03b8-42f4-b07e-02f1dff6f964/mods/collective-1.21.1-8.25.jar with languages [LanguageSpec[languageName=javafml, acceptedVersions=*]]
[20Jul2026 16:47:34.529] [main/DEBUG] [net.neoforged.fml.loading.moddiscovery.ModFile/LOADING]: Found mixin config MixinConfig[config=collective_neoforge.mixins.json, requiredMods=[]]
[20Jul2026 16:47:34.529] [main/DEBUG] [net.neoforged.fml.loading.moddiscovery.ModFileParser/LOADING]: Considering mod file candidate /var/opt/minecraft/crafty/crafty-4/servers/f208f13f-03b8-42f4-b07e-02f1dff6f964/mods/YungsBetterStrongholds-1.21.1-NeoForge-5.1.3.jar
[20Jul2026 16:47:34.529] [main/DEBUG] [net.neoforged.fml.loading.moddiscovery.ModFileInfo/LOADING]: Found valid mod file YungsBetterStrongholds-1.21.1-NeoForge-5.1.3.jar with {betterstrongholds} mods - versions {1.21.1-NeoForge-5.1.3}
[20Jul2026 16:47:34.529] [main/DEBUG] [net.neoforged.fml.loading.moddiscovery.ModFile/LOADING]: Loading mod file /var/opt/minecraft/crafty/crafty-4/servers/f208f13f-03b8-42f4-b07e-02f1dff6f964/mods/YungsBetterStrongholds-1.21.1-NeoForge-5.1.3.jar with languages [LanguageSpec[languageName=javafml, acceptedVersions=[4,)]]
[20Jul2026 16:47:34.529] [main/DEBUG] [net.neoforged.fml.loading.moddiscovery.ModFile/LOADING]: Found mixin config MixinConfig[config=betterstrongholds.mixins.json, requiredMods=[]]
[20Jul2026 16:47:34.529] [main/DEBUG] [net.neoforged.fml.loading.moddiscovery.ModFileParser/LOADING]: Considering mod file candidate /var/opt/minecraft/crafty/crafty-4/servers/f208f13f-03b8-42f4-b07e-02f1dff6f964/mods/resourcefullib-neoforge-1.21-3.0.12.jar
[20Jul2026 16:47:34.529] [main/DEBUG] [net.neoforged.fml.loading.moddiscovery.ModFileInfo/LOADING]: Found valid mod file resourcefullib-neoforge-1.21-3.0.12.jar with {resourcefullib} mods - versions {3.0.12}
[20Jul2026 16:47:34.529] [main/DEBUG] [net.neoforged.fml.loading.moddiscovery.ModFile/LOADING]: Loading mod file /var/opt/minecraft/crafty/crafty-4/servers/f208f13f-03b8-42f4-b07e-02f1dff6f964/mods/resourcefullib-neoforge-1.21-3.0.12.jar with languages [LanguageSpec[languageName=javafml, acceptedVersions=[1,)]]
[20Jul2026 16:47:34.529] [main/DEBUG] [net.neoforged.fml.loading.moddiscovery.ModFile/LOADING]: Found mixin config MixinConfig[config=resourcefullib.mixins.json, requiredMods=[]]
[20Jul2026 16:47:34.529] [main/DEBUG] [net.neoforged.fml.loading.moddiscovery.ModFileParser/LOADING]: Considering mod file candidate /var/opt/minecraft/crafty/crafty-4/servers/f208f13f-03b8-42f4-b07e-02f1dff6f964/mods/sablephysicscompat-1.3.0.jar
[20Jul2026 16:47:34.530] [main/DEBUG] [net.neoforged.fml.loading.moddiscovery.ModFileInfo/LOADING]: Found valid mod file sablephysicscompat-1.3.0.jar with {sablephysicscompat} mods - versions {1.3.0}
[20Jul2026 16:47:34.530] [main/DEBUG] [net.neoforged.fml.loading.moddiscovery.ModFile/LOADING]: Loading mod file /var/opt/minecraft/crafty/crafty-4/servers/f208f13f-03b8-42f4-b07e-02f1dff6f964/mods/sablephysicscompat-1.3.0.jar with languages [LanguageSpec[languageName=javafml, acceptedVersions=[1,)]]
[20Jul2026 16:47:34.530] [main/DEBUG] [net.neoforged.fml.loading.moddiscovery.ModFileParser/LOADING]: Considering mod file candidate /var/opt/minecraft/crafty/crafty-4/servers/f208f13f-03b8-42f4-b07e-02f1dff6f964/mods/architectury-13.0.8-neoforge.jar
[20Jul2026 16:47:34.530] [main/DEBUG] [net.neoforged.fml.loading.moddiscovery.ModFileInfo/LOADING]: Found valid mod file architectury-13.0.8-neoforge.jar with {architectury} mods - versions {13.0.8}
[20Jul2026 16:47:34.530] [main/DEBUG] [net.neoforged.fml.loading.moddiscovery.ModFile/LOADING]: Loading mod file /var/opt/minecraft/crafty/crafty-4/servers/f208f13f-03b8-42f4-b07e-02f1dff6f964/mods/architectury-13.0.8-neoforge.jar with languages [LanguageSpec[languageName=javafml, acceptedVersions=[1,)]]
[20Jul2026 16:47:34.530] [main/DEBUG] [net.neoforged.fml.loading.moddiscovery.ModFile/LOADING]: Found mixin config MixinConfig[config=architectury.mixins.json, requiredMods=[]]
[20Jul2026 16:47:34.530] [main/DEBUG] [net.neoforged.fml.loading.moddiscovery.ModFile/LOADING]: Found mixin config MixinConfig[config=architectury-common.mixins.json, requiredMods=[]]
[20Jul2026 16:47:34.530] [main/DEBUG] [net.neoforged.fml.loading.moddiscovery.ModFileParser/LOADING]: Considering mod file candidate /var/opt/minecraft/crafty/crafty-4/servers/f208f13f-03b8-42f4-b07e-02f1dff6f964/mods/deeperdarker-neoforge-1.21.1-1.4.1.jar
[20Jul2026 16:47:34.530] [main/DEBUG] [net.neoforged.fml.loading.moddiscovery.ModFileInfo/LOADING]: Found valid mod file deeperdarker-neoforge-1.21.1-1.4.1.jar with {deeperdarker} mods - versions {1.4.1}
[20Jul2026 16:47:34.530] [main/DEBUG] [net.neoforged.fml.loading.moddiscovery.ModFile/LOADING]: Loading mod file /var/opt/minecraft/crafty/crafty-4/servers/f208f13f-03b8-42f4-b07e-02f1dff6f964/mods/deeperdarker-neoforge-1.21.1-1.4.1.jar with languages [LanguageSpec[languageName=javafml, acceptedVersions=[1,)]]
[20Jul2026 16:47:34.530] [main/DEBUG] [net.neoforged.fml.loading.moddiscovery.ModFile/LOADING]: Found mixin config MixinConfig[config=deeperdarker.mixins.json, requiredMods=[]]
[20Jul2026 16:47:34.530] [main/DEBUG] [net.neoforged.fml.loading.moddiscovery.ModFileParser/LOADING]: Considering mod file candidate 
[20Jul2026 16:47:34.530] [main/DEBUG] [net.neoforged.fml.loading.moddiscovery.ModFileInfo/LOADING]: Found valid mod file lambdynamiclights-4.8.8+1.21.1-neoforge.jar with {lambdynlights_runtime} mods - versions {4.8.8+1.21.1}
[20Jul2026 16:47:34.530] [main/DEBUG] [net.neoforged.fml.loading.moddiscovery.ModFile/LOADING]: Loading mod file  with languages [LanguageSpec[languageName=javafml, acceptedVersions=[2,)]]
[20Jul2026 16:47:34.530] [main/DEBUG] [net.neoforged.fml.loading.moddiscovery.ModFile/LOADING]: Found mixin config MixinConfig[config=lambdynlights.mixins.json, requiredMods=[]]
[20Jul2026 16:47:34.530] [main/DEBUG] [net.neoforged.fml.loading.moddiscovery.ModFile/LOADING]: Found mixin config MixinConfig[config=lambdynlights.lightsource.mixins.json, requiredMods=[]]
[20Jul2026 16:47:34.530] [main/DEBUG] [net.neoforged.fml.loading.moddiscovery.ModFileParser/LOADING]: Considering mod file candidate 
[20Jul2026 16:47:34.531] [main/DEBUG] [net.neoforged.fml.loading.moddiscovery.ModFileInfo/LOADING]: Found valid mod file fabric-loot-api-v2-3.0.15+a3ee712d19.jar with {fabric_loot_api_v2} mods - versions {3.0.15+a3ee712d19}
[20Jul2026 16:47:34.531] [main/DEBUG] [net.neoforged.fml.loading.moddiscovery.ModFile/LOADING]: Loading mod file  with languages [LanguageSpec[languageName=javafml, acceptedVersions=[1,)]]
[20Jul2026 16:47:34.531] [main/DEBUG] [net.neoforged.fml.loading.moddiscovery.ModFile/LOADING]: Found mixin config MixinConfig[config=fabric-loot-api-v2.mixins.json, requiredMods=[]]
[20Jul2026 16:47:34.531] [main/DEBUG] [net.neoforged.fml.loading.moddiscovery.ModFileParser/LOADING]: Considering mod file candidate 
[20Jul2026 16:47:34.531] [main/DEBUG] [net.neoforged.fml.loading.moddiscovery.ModFileInfo/LOADING]: Found valid mod file fabric-loot-api-v3-1.0.3+333dfad919.jar with {fabric_loot_api_v3} mods - versions {1.0.3+333dfad919}
[20Jul2026 16:47:34.531] [main/DEBUG] [net.neoforged.fml.loading.moddiscovery.ModFile/LOADING]: Loading mod file  with languages [LanguageSpec[languageName=javafml, acceptedVersions=[1,)]]
[20Jul2026 16:47:34.531] [main/DEBUG] [net.neoforged.fml.loading.moddiscovery.ModFile/LOADING]: Found mixin config MixinConfig[config=fabric-loot-api-v3.mixins.json, requiredMods=[]]
[20Jul2026 16:47:34.531] [main/DEBUG] [net.neoforged.fml.loading.moddiscovery.ModFileParser/LOADING]: Considering mod file candidate /var/opt/minecraft/crafty/crafty-4/servers/f208f13f-03b8-42f4-b07e-02f1dff6f964/mods/ConnectorExtras-1.12.1+1.21.1.jar
[20Jul2026 16:47:34.531] [main/DEBUG] [net.neoforged.fml.loading.moddiscovery.ModFileInfo/LOADING]: Found valid mod file ConnectorExtras-1.12.1+1.21.1.jar with {connectorextras} mods - versions {1.12.1+1.21.1}
[20Jul2026 16:47:34.531] [main/DEBUG] [net.neoforged.fml.loading.moddiscovery.ModFile/LOADING]: Loading mod file /var/opt/minecraft/crafty/crafty-4/servers/f208f13f-03b8-42f4-b07e-02f1dff6f964/mods/ConnectorExtras-1.12.1+1.21.1.jar with languages [LanguageSpec[languageName=javafml, acceptedVersions=*]]
[20Jul2026 16:47:34.531] [main/DEBUG] [net.neoforged.fml.loading.moddiscovery.ModFileParser/LOADING]: Considering mod file candidate /var/opt/minecraft/crafty/crafty-4/servers/f208f13f-03b8-42f4-b07e-02f1dff6f964/mods/create-extended-wrenches-1.21.1-2.0.2.jar
[20Jul2026 16:47:34.531] [main/DEBUG] [net.neoforged.fml.loading.moddiscovery.ModFileInfo/LOADING]: Found valid mod file create-extended-wrenches-1.21.1-2.0.2.jar with {extendedwrenches} mods - versions {2.0.2}
[20Jul2026 16:47:34.531] [main/DEBUG] [net.neoforged.fml.loading.moddiscovery.ModFile/LOADING]: Loading mod file /var/opt/minecraft/crafty/crafty-4/servers/f208f13f-03b8-42f4-b07e-02f1dff6f964/mods/create-extended-wrenches-1.21.1-2.0.2.jar with languages [LanguageSpec[languageName=javafml, acceptedVersions=[4,)]]
[20Jul2026 16:47:34.531] [main/DEBUG] [net.neoforged.fml.loading.moddiscovery.ModFile/LOADING]: Found mixin config MixinConfig[config=extendedwrenches.mixins.json, requiredMods=[]]
[20Jul2026 16:47:34.531] [main/DEBUG] [net.neoforged.fml.loading.moddiscovery.ModFileParser/LOADING]: Considering mod file candidate /var/opt/minecraft/crafty/crafty-4/servers/f208f13f-03b8-42f4-b07e-02f1dff6f964/mods/mru-1.0.19+LTS+1.21.1+neoforge.jar
[20Jul2026 16:47:34.531] [main/DEBUG] [net.neoforged.fml.loading.moddiscovery.ModFileInfo/LOADING]: Found valid mod file mru-1.0.19+LTS+1.21.1+neoforge.jar with {mru} mods - versions {1.0.19+LTS+1.21.1+neoforge}
[20Jul2026 16:47:34.531] [main/DEBUG] [net.neoforged.fml.loading.moddiscovery.ModFile/LOADING]: Loading mod file /var/opt/minecraft/crafty/crafty-4/servers/f208f13f-03b8-42f4-b07e-02f1dff6f964/mods/mru-1.0.19+LTS+1.21.1+neoforge.jar with languages [LanguageSpec[languageName=javafml, acceptedVersions=[1,)]]
[20Jul2026 16:47:34.531] [main/DEBUG] [net.neoforged.fml.loading.moddiscovery.ModFileParser/LOADING]: Considering mod file candidate 
[20Jul2026 16:47:34.531] [main/DEBUG] [net.neoforged.fml.loading.moddiscovery.ModFileInfo/LOADING]: Found valid mod file fabric-networking-api-v1-4.3.0+30a980d919.jar with {fabric_networking_api_v1} mods - versions {4.3.0+30a980d919}
[20Jul2026 16:47:34.531] [main/DEBUG] [net.neoforged.fml.loading.moddiscovery.ModFile/LOADING]: Loading mod file  with languages [LanguageSpec[languageName=javafml, acceptedVersions=[1,)]]
[20Jul2026 16:47:34.531] [main/DEBUG] [net.neoforged.fml.loading.moddiscovery.ModFile/LOADING]: Found mixin config MixinConfig[config=fabric-networking-api-v1.mixins.json, requiredMods=[]]
[20Jul2026 16:47:34.531] [main/DEBUG] [net.neoforged.fml.loading.moddiscovery.ModFile/LOADING]: Found mixin config MixinConfig[config=fabric-networking-api-v1.client.mixins.json, requiredMods=[]]
[20Jul2026 16:47:34.531] [main/DEBUG] [net.neoforged.fml.loading.moddiscovery.ModFileParser/LOADING]: Considering mod file candidate /var/opt/minecraft/crafty/crafty-4/servers/f208f13f-03b8-42f4-b07e-02f1dff6f964/mods/letmedespawn-1.21.x-neoforge-1.5.0.jar
[20Jul2026 16:47:34.531] [main/DEBUG] [net.neoforged.fml.loading.moddiscovery.ModFileInfo/LOADING]: Found valid mod file letmedespawn-1.21.x-neoforge-1.5.0.jar with {letmedespawn} mods - versions {1.5.0}
[20Jul2026 16:47:34.532] [main/DEBUG] [net.neoforged.fml.loading.moddiscovery.ModFile/LOADING]: Loading mod file /var/opt/minecraft/crafty/crafty-4/servers/f208f13f-03b8-42f4-b07e-02f1dff6f964/mods/letmedespawn-1.21.x-neoforge-1.5.0.jar with languages [LanguageSpec[languageName=javafml, acceptedVersions=[2,)]]
[20Jul2026 16:47:34.532] [main/DEBUG] [net.neoforged.fml.loading.moddiscovery.ModFile/LOADING]: Found mixin config MixinConfig[config=letmedespawn.mixins.json, requiredMods=[]]
[20Jul2026 16:47:34.532] [main/DEBUG] [net.neoforged.fml.loading.moddiscovery.ModFileParser/LOADING]: Considering mod file candidate /var/opt/minecraft/crafty/crafty-4/servers/f208f13f-03b8-42f4-b07e-02f1dff6f964/mods/t_and_t-neoforge-fabric-1.13.9+1.21.1.jar
[20Jul2026 16:47:34.532] [main/DEBUG] [net.neoforged.fml.loading.moddiscovery.ModFileInfo/LOADING]: Found valid mod file t_and_t-neoforge-fabric-1.13.9+1.21.1.jar with {t_and_t} mods - versions {1.13.9}
[20Jul2026 16:47:34.532] [main/DEBUG] [net.neoforged.fml.loading.moddiscovery.ModFile/LOADING]: Loading mod file /var/opt/minecraft/crafty/crafty-4/servers/f208f13f-03b8-42f4-b07e-02f1dff6f964/mods/t_and_t-neoforge-fabric-1.13.9+1.21.1.jar with languages [LanguageSpec[languageName=javafml, acceptedVersions=[2,)]]
[20Jul2026 16:47:34.532] [main/DEBUG] [net.neoforged.fml.loading.moddiscovery.ModFileParser/LOADING]: Considering mod file candidate /var/opt/minecraft/crafty/crafty-4/servers/f208f13f-03b8-42f4-b07e-02f1dff6f964/mods/yeetusexperimentus-neoforge-87.0.0.jar
[20Jul2026 16:47:34.532] [main/DEBUG] [net.neoforged.fml.loading.moddiscovery.ModFileInfo/LOADING]: Found valid mod file yeetusexperimentus-neoforge-87.0.0.jar with {yeetusexperimentus} mods - versions {87.0.0}
[20Jul2026 16:47:34.532] [main/DEBUG] [net.neoforged.fml.loading.moddiscovery.ModFile/LOADING]: Loading mod file /var/opt/minecraft/crafty/crafty-4/servers/f208f13f-03b8-42f4-b07e-02f1dff6f964/mods/yeetusexperimentus-neoforge-87.0.0.jar with languages [LanguageSpec[languageName=javafml, acceptedVersions=[4,)]]
[20Jul2026 16:47:34.532] [main/DEBUG] [net.neoforged.fml.loading.moddiscovery.ModFile/LOADING]: Found mixin config MixinConfig[config=yeetusexperimentus-common.mixins.json, requiredMods=[]]
[20Jul2026 16:47:34.532] [main/DEBUG] [net.neoforged.fml.loading.moddiscovery.ModFile/LOADING]: Found mixin config MixinConfig[config=yeetusexperimentus-neo.mixins.json, requiredMods=[]]
[20Jul2026 16:47:34.532] [main/DEBUG] [net.neoforged.fml.loading.moddiscovery.ModFileParser/LOADING]: Considering mod file candidate 
[20Jul2026 16:47:34.532] [main/DEBUG] [net.neoforged.fml.loading.moddiscovery.ModFileInfo/LOADING]: Found valid mod file fabric-lifecycle-events-v1-2.6.0+e40d8add19.jar with {fabric_lifecycle_events_v1} mods - versions {2.6.0+e40d8add19}
[20Jul2026 16:47:34.532] [main/DEBUG] [net.neoforged.fml.loading.moddiscovery.ModFile/LOADING]: Loading mod file  with languages [LanguageSpec[languageName=javafml, acceptedVersions=[1,)]]
[20Jul2026 16:47:34.532] [main/DEBUG] [net.neoforged.fml.loading.moddiscovery.ModFile/LOADING]: Found mixin config MixinConfig[config=fabric-lifecycle-events-v1.mixins.json, requiredMods=[]]
[20Jul2026 16:47:34.532] [main/DEBUG] [net.neoforged.fml.loading.moddiscovery.ModFile/LOADING]: Found mixin config MixinConfig[config=fabric-lifecycle-events-v1.client.mixins.json, requiredMods=[]]
[20Jul2026 16:47:34.532] [main/DEBUG] [net.neoforged.fml.loading.moddiscovery.ModFileParser/LOADING]: Considering mod file candidate 
[20Jul2026 16:47:34.532] [main/DEBUG] [net.neoforged.fml.loading.moddiscovery.ModFileInfo/LOADING]: Found valid mod file c2me-opts-allocs-mc1.21.1-0.3.0+alpha.0.93.jar with {c2me_opts_allocs} mods - versions {0.3.0+alpha.0.93+1.21.1}
[20Jul2026 16:47:34.532] [main/DEBUG] [net.neoforged.fml.loading.moddiscovery.ModFile/LOADING]: Loading mod file  with languages [LanguageSpec[languageName=lowcodefml, acceptedVersions=*]]
[20Jul2026 16:47:34.532] [main/DEBUG] [net.neoforged.fml.loading.moddiscovery.ModFile/LOADING]: Found mixin config MixinConfig[config=c2me-opts-allocs.mixins.json, requiredMods=[]]
[20Jul2026 16:47:34.532] [main/DEBUG] [net.neoforged.fml.loading.moddiscovery.ModFileParser/LOADING]: Considering mod file candidate 
[20Jul2026 16:47:34.532] [main/DEBUG] [net.neoforged.fml.loading.moddiscovery.ModFileInfo/LOADING]: Found valid mod file com.kneelawk.extra-mod-integrations.extra-mod-integrations-actually-additions-neoforge-1.0.3+1.21.1.jar with {extra_mod_integrations_actually_additions} mods - versions {1.0.3+1.21.1}
[20Jul2026 16:47:34.532] [main/DEBUG] [net.neoforged.fml.loading.moddiscovery.ModFile/LOADING]: Loading mod file  with languages [LanguageSpec[languageName=javafml, acceptedVersions=[1,)]]
[20Jul2026 16:47:34.532] [main/DEBUG] [net.neoforged.fml.loading.moddiscovery.ModFileParser/LOADING]: Considering mod file candidate 
[20Jul2026 16:47:34.532] [main/DEBUG] [net.neoforged.fml.loading.moddiscovery.ModFileInfo/LOADING]: Found valid mod file percale-neoforge-1.0.0-beta.1.jar with {percale} mods - versions {1.0.0-beta.1}
[20Jul2026 16:47:34.532] [main/DEBUG] [net.neoforged.fml.loading.moddiscovery.ModFile/LOADING]: Loading mod file  with languages [LanguageSpec[languageName=kotlinforforge, acceptedVersions=[5,)]]
[20Jul2026 16:47:34.533] [main/DEBUG] [net.neoforged.fml.loading.moddiscovery.ModFileParser/LOADING]: Considering mod file candidate /var/opt/minecraft/crafty/crafty-4/servers/f208f13f-03b8-42f4-b07e-02f1dff6f964/mods/trashslot-neoforge-1.21.1-21.1.11.jar
[20Jul2026 16:47:34.533] [main/DEBUG] [net.neoforged.fml.loading.moddiscovery.ModFileInfo/LOADING]: Found valid mod file trashslot-neoforge-1.21.1-21.1.11.jar with {trashslot} mods - versions {21.1.11}
[20Jul2026 16:47:34.533] [main/DEBUG] [net.neoforged.fml.loading.moddiscovery.ModFile/LOADING]: Loading mod file /var/opt/minecraft/crafty/crafty-4/servers/f208f13f-03b8-42f4-b07e-02f1dff6f964/mods/trashslot-neoforge-1.21.1-21.1.11.jar with languages [LanguageSpec[languageName=javafml, acceptedVersions=[1,)]]
[20Jul2026 16:47:34.533] [main/DEBUG] [net.neoforged.fml.loading.moddiscovery.ModFile/LOADING]: Found mixin config MixinConfig[config=trashslot.mixins.json, requiredMods=[]]
[20Jul2026 16:47:34.533] [main/DEBUG] [net.neoforged.fml.loading.moddiscovery.ModFile/LOADING]: Found mixin config MixinConfig[config=trashslot.neoforge.mixins.json, requiredMods=[]]
[20Jul2026 16:47:34.533] [main/DEBUG] [net.neoforged.fml.loading.moddiscovery.ModFileParser/LOADING]: Considering mod file candidate /var/opt/minecraft/crafty/crafty-4/servers/f208f13f-03b8-42f4-b07e-02f1dff6f964/mods/amendments-1.21-2.0.15-neoforge.jar
[20Jul2026 16:47:34.533] [main/DEBUG] [net.neoforged.fml.loading.moddiscovery.ModFileInfo/LOADING]: Found valid mod file amendments-1.21-2.0.15-neoforge.jar with {amendments} mods - versions {1.21-2.0.15}
[20Jul2026 16:47:34.533] [main/DEBUG] [net.neoforged.fml.loading.moddiscovery.ModFile/LOADING]: Loading mod file /var/opt/minecraft/crafty/crafty-4/servers/f208f13f-03b8-42f4-b07e-02f1dff6f964/mods/amendments-1.21-2.0.15-neoforge.jar with languages [LanguageSpec[languageName=javafml, acceptedVersions=[4,)]]
[20Jul2026 16:47:34.533] [main/DEBUG] [net.neoforged.fml.loading.moddiscovery.ModFile/LOADING]: Found mixin config MixinConfig[config=amendments.mixins.json, requiredMods=[]]
[20Jul2026 16:47:34.533] [main/DEBUG] [net.neoforged.fml.loading.moddiscovery.ModFile/LOADING]: Found mixin config MixinConfig[config=amendments-common.mixins.json, requiredMods=[]]
[20Jul2026 16:47:34.533] [main/DEBUG] [net.neoforged.fml.loading.moddiscovery.ModFileParser/LOADING]: Considering mod file candidate /var/opt/minecraft/crafty/crafty-4/servers/f208f13f-03b8-42f4-b07e-02f1dff6f964/mods/OctoLib-NEOFORGE-0.6.2+1.21.jar
[20Jul2026 16:47:34.533] [main/DEBUG] [net.neoforged.fml.loading.moddiscovery.ModFileInfo/LOADING]: Found valid mod file OctoLib-NEOFORGE-0.6.2+1.21.jar with {octolib} mods - versions {0.6.2}
[20Jul2026 16:47:34.533] [main/DEBUG] [net.neoforged.fml.loading.moddiscovery.ModFile/LOADING]: Loading mod file /var/opt/minecraft/crafty/crafty-4/servers/f208f13f-03b8-42f4-b07e-02f1dff6f964/mods/OctoLib-NEOFORGE-0.6.2+1.21.jar with languages [LanguageSpec[languageName=javafml, acceptedVersions=[4,)]]
[20Jul2026 16:47:34.533] [main/DEBUG] [net.neoforged.fml.loading.moddiscovery.ModFile/LOADING]: Found mixin config MixinConfig[config=octolib-common.mixins.json, requiredMods=[]]
[20Jul2026 16:47:34.533] [main/DEBUG] [net.neoforged.fml.loading.moddiscovery.ModFileInfo/LOADING]: Found valid mod file squaremap-fabric-mc1.21.1-1.3.2$cloud-fabric-2.0.0-beta.9_mapped_moj_1.21.1.jar with {cloud} mods - versions {2.0.0-beta.9}
[20Jul2026 16:47:34.533] [main/DEBUG] [net.neoforged.fml.loading.moddiscovery.ModFile/LOADING]: Loading mod file /var/opt/minecraft/crafty/crafty-4/servers/f208f13f-03b8-42f4-b07e-02f1dff6f964/mods/.connector/squaremap-fabric-mc1.21.1-1.3.2$cloud-fabric-2.0.0-beta.9_mapped_moj_1.21.1.jar with languages [LanguageSpec[languageName=javafml, acceptedVersions=[0,)]]
[20Jul2026 16:47:34.533] [main/DEBUG] [net.neoforged.fml.loading.moddiscovery.ModFile/LOADING]: Found mixin config MixinConfig[config=cloud.mixins.json, requiredMods=[]]
[20Jul2026 16:47:34.533] [main/DEBUG] [net.neoforged.fml.loading.moddiscovery.ModFileParser/LOADING]: Considering mod file candidate /var/opt/minecraft/crafty/crafty-4/servers/f208f13f-03b8-42f4-b07e-02f1dff6f964/mods/create-1.21.1-6.0.10.jar
[20Jul2026 16:47:34.534] [main/DEBUG] [net.neoforged.fml.loading.moddiscovery.ModFileInfo/LOADING]: Found valid mod file create-1.21.1-6.0.10.jar with {create} mods - versions {6.0.10}
[20Jul2026 16:47:34.534] [main/DEBUG] [net.neoforged.fml.loading.moddiscovery.ModFile/LOADING]: Loading mod file /var/opt/minecraft/crafty/crafty-4/servers/f208f13f-03b8-42f4-b07e-02f1dff6f964/mods/create-1.21.1-6.0.10.jar with languages [LanguageSpec[languageName=javafml, acceptedVersions=[0,)]]
[20Jul2026 16:47:34.534] [main/DEBUG] [net.neoforged.fml.loading.moddiscovery.ModFile/LOADING]: Found mixin config MixinConfig[config=create.mixins.json, requiredMods=[]]
[20Jul2026 16:47:34.534] [main/DEBUG] [net.neoforged.fml.loading.moddiscovery.ModFileParser/LOADING]: Considering mod file candidate /var/opt/minecraft/crafty/crafty-4/servers/f208f13f-03b8-42f4-b07e-02f1dff6f964/mods/FastSuite-1.21.1-6.0.7.jar
[20Jul2026 16:47:34.534] [main/DEBUG] [net.neoforged.fml.loading.moddiscovery.ModFileInfo/LOADING]: Found valid mod file FastSuite-1.21.1-6.0.7.jar with {fastsuite} mods - versions {6.0.7}
[20Jul2026 16:47:34.534] [main/DEBUG] [net.neoforged.fml.loading.moddiscovery.ModFile/LOADING]: Loading mod file /var/opt/minecraft/crafty/crafty-4/servers/f208f13f-03b8-42f4-b07e-02f1dff6f964/mods/FastSuite-1.21.1-6.0.7.jar with languages [LanguageSpec[languageName=javafml, acceptedVersions=[2,)]]
[20Jul2026 16:47:34.534] [main/DEBUG] [net.neoforged.fml.loading.moddiscovery.ModFile/LOADING]: Found mixin config MixinConfig[config=fastsuite.mixins.json, requiredMods=[]]
[20Jul2026 16:47:34.534] [main/DEBUG] [net.neoforged.fml.loading.moddiscovery.ModFileParser/LOADING]: Considering mod file candidate /var/opt/minecraft/crafty/crafty-4/servers/f208f13f-03b8-42f4-b07e-02f1dff6f964/mods/create_ltab-4.0.2.jar
[20Jul2026 16:47:34.535] [main/DEBUG] [net.neoforged.fml.loading.moddiscovery.ModFileInfo/LOADING]: Found valid mod file create_ltab-4.0.2.jar with {create_ltab} mods - versions {4.0.0}
[20Jul2026 16:47:34.535] [main/DEBUG] [net.neoforged.fml.loading.moddiscovery.ModFile/LOADING]: Loading mod file /var/opt/minecraft/crafty/crafty-4/servers/f208f13f-03b8-42f4-b07e-02f1dff6f964/mods/create_ltab-4.0.2.jar with languages [LanguageSpec[languageName=javafml, acceptedVersions=[1,)]]
[20Jul2026 16:47:34.535] [main/DEBUG] [net.neoforged.fml.loading.moddiscovery.ModFileParser/LOADING]: Considering mod file candidate /var/opt/minecraft/crafty/crafty-4/servers/f208f13f-03b8-42f4-b07e-02f1dff6f964/mods/alternate_current-mc1.21-1.9.0.jar
[20Jul2026 16:47:34.535] [main/DEBUG] [net.neoforged.fml.loading.moddiscovery.ModFileInfo/LOADING]: Found valid mod file alternate_current-mc1.21-1.9.0.jar with {alternate_current} mods - versions {1.9.0}
[20Jul2026 16:47:34.535] [main/DEBUG] [net.neoforged.fml.loading.moddiscovery.ModFile/LOADING]: Loading mod file /var/opt/minecraft/crafty/crafty-4/servers/f208f13f-03b8-42f4-b07e-02f1dff6f964/mods/alternate_current-mc1.21-1.9.0.jar with languages [LanguageSpec[languageName=javafml, acceptedVersions=[4,)]]
[20Jul2026 16:47:34.535] [main/DEBUG] [net.neoforged.fml.loading.moddiscovery.ModFile/LOADING]: Found mixin config MixinConfig[config=alternate-current.mixins.json, requiredMods=[]]
[20Jul2026 16:47:34.535] [main/DEBUG] [net.neoforged.fml.loading.moddiscovery.ModFileParser/LOADING]: Considering mod file candidate /var/opt/minecraft/crafty/crafty-4/servers/f208f13f-03b8-42f4-b07e-02f1dff6f964/mods/create-confectionery1.21.1_v1.1.2.jar
[20Jul2026 16:47:34.536] [main/DEBUG] [net.neoforged.fml.loading.moddiscovery.ModFileInfo/LOADING]: Found valid mod file create-confectionery1.21.1_v1.1.2.jar with {create_confectionery} mods - versions {1.1.2}
[20Jul2026 16:47:34.536] [main/DEBUG] [net.neoforged.fml.loading.moddiscovery.ModFile/LOADING]: Loading mod file /var/opt/minecraft/crafty/crafty-4/servers/f208f13f-03b8-42f4-b07e-02f1dff6f964/mods/create-confectionery1.21.1_v1.1.2.jar with languages [LanguageSpec[languageName=javafml, acceptedVersions=[4,)]]
[20Jul2026 16:47:34.536] [main/DEBUG] [net.neoforged.fml.loading.moddiscovery.ModFile/LOADING]: Found mixin config MixinConfig[config=mixins.create_confectionery.json, requiredMods=[]]
[20Jul2026 16:47:34.536] [main/DEBUG] [net.neoforged.fml.loading.moddiscovery.ModFileParser/LOADING]: Considering mod file candidate /var/opt/minecraft/crafty/crafty-4/servers/f208f13f-03b8-42f4-b07e-02f1dff6f964/mods/lithosphere-1.8-1.21.1-8-BETA.jar
[20Jul2026 16:47:34.536] [main/DEBUG] [net.neoforged.fml.loading.moddiscovery.ModFileInfo/LOADING]: Found valid mod file lithosphere-1.8-1.21.1-8-BETA.jar with {mr_lithosphere} mods - versions {1.7}
[20Jul2026 16:47:34.536] [main/DEBUG] [net.neoforged.fml.loading.moddiscovery.ModFile/LOADING]: Loading mod file /var/opt/minecraft/crafty/crafty-4/servers/f208f13f-03b8-42f4-b07e-02f1dff6f964/mods/lithosphere-1.8-1.21.1-8-BETA.jar with languages [LanguageSpec[languageName=javafml, acceptedVersions=[1,)]]
[20Jul2026 16:47:34.536] [main/DEBUG] [net.neoforged.fml.loading.moddiscovery.ModFileParser/LOADING]: Considering mod file candidate /var/opt/minecraft/crafty/crafty-4/servers/f208f13f-03b8-42f4-b07e-02f1dff6f964/mods/YungsBetterDesertTemples-1.21.1-NeoForge-4.1.5.jar
[20Jul2026 16:47:34.536] [main/DEBUG] [net.neoforged.fml.loading.moddiscovery.ModFileInfo/LOADING]: Found valid mod file YungsBetterDesertTemples-1.21.1-NeoForge-4.1.5.jar with {betterdeserttemples} mods - versions {1.21.1-NeoForge-4.1.5}
[20Jul2026 16:47:34.536] [main/DEBUG] [net.neoforged.fml.loading.moddiscovery.ModFile/LOADING]: Loading mod file /var/opt/minecraft/crafty/crafty-4/servers/f208f13f-03b8-42f4-b07e-02f1dff6f964/mods/YungsBetterDesertTemples-1.21.1-NeoForge-4.1.5.jar with languages [LanguageSpec[languageName=javafml, acceptedVersions=[4,)]]
[20Jul2026 16:47:34.536] [main/DEBUG] [net.neoforged.fml.loading.moddiscovery.ModFile/LOADING]: Found mixin config MixinConfig[config=betterdeserttemples.mixins.json, requiredMods=[]]
[20Jul2026 16:47:34.536] [main/DEBUG] [net.neoforged.fml.loading.moddiscovery.ModFileParser/LOADING]: Considering mod file candidate /var/opt/minecraft/crafty/crafty-4/servers/f208f13f-03b8-42f4-b07e-02f1dff6f964/mods/DistantHorizons-2.4.5-b-1.21.1-fabric-neoforge.jar
[20Jul2026 16:47:34.537] [main/DEBUG] [net.neoforged.fml.loading.moddiscovery.ModFileInfo/LOADING]: Found valid mod file DistantHorizons-2.4.5-b-1.21.1-fabric-neoforge.jar with {distanthorizons} mods - versions {2.4.5-b}
[20Jul2026 16:47:34.537] [main/DEBUG] [net.neoforged.fml.loading.moddiscovery.ModFile/LOADING]: Loading mod file /var/opt/minecraft/crafty/crafty-4/servers/f208f13f-03b8-42f4-b07e-02f1dff6f964/mods/DistantHorizons-2.4.5-b-1.21.1-fabric-neoforge.jar with languages [LanguageSpec[languageName=javafml, acceptedVersions=*]]
[20Jul2026 16:47:34.537] [main/DEBUG] [net.neoforged.fml.loading.moddiscovery.ModFile/LOADING]: Found mixin config MixinConfig[config=DistantHorizons.neoforge.mixins.json, requiredMods=[]]
[20Jul2026 16:47:34.537] [main/DEBUG] [net.neoforged.fml.loading.moddiscovery.ModFileParser/LOADING]: Considering mod file candidate /var/opt/minecraft/crafty/crafty-4/servers/f208f13f-03b8-42f4-b07e-02f1dff6f964/mods/CutThrough-v21.1.0-1.21.1-NeoForge.jar
[20Jul2026 16:47:34.537] [main/DEBUG] [net.neoforged.fml.loading.moddiscovery.ModFileInfo/LOADING]: Found valid mod file CutThrough-v21.1.0-1.21.1-NeoForge.jar with {cutthrough} mods - versions {21.1.0}
[20Jul2026 16:47:34.537] [main/DEBUG] [net.neoforged.fml.loading.moddiscovery.ModFile/LOADING]: Loading mod file /var/opt/minecraft/crafty/crafty-4/servers/f208f13f-03b8-42f4-b07e-02f1dff6f964/mods/CutThrough-v21.1.0-1.21.1-NeoForge.jar with languages [LanguageSpec[languageName=javafml, acceptedVersions=*]]
[20Jul2026 16:47:34.537] [main/DEBUG] [net.neoforged.fml.loading.moddiscovery.ModFile/LOADING]: Found mixin config MixinConfig[config=cutthrough.common.mixins.json, requiredMods=[]]
[20Jul2026 16:47:34.537] [main/DEBUG] [net.neoforged.fml.loading.moddiscovery.ModFile/LOADING]: Found mixin config MixinConfig[config=cutthrough.neoforge.mixins.json, requiredMods=[]]
[20Jul2026 16:47:34.537] [main/DEBUG] [net.neoforged.fml.loading.moddiscovery.ModFileParser/LOADING]: Considering mod file candidate 
[20Jul2026 16:47:34.537] [main/DEBUG] [net.neoforged.fml.loading.moddiscovery.ModFileInfo/LOADING]: Found valid mod file fabric-transitive-access-wideners-v1-6.2.0+6c854b6f19.jar with {fabric_transitive_access_wideners_v1} mods - versions {6.2.0+6c854b6f19}
[20Jul2026 16:47:34.537] [main/DEBUG] [net.neoforged.fml.loading.moddiscovery.ModFile/LOADING]: Loading mod file  with languages [LanguageSpec[languageName=lowcodefml, acceptedVersions=[1,)]]
[20Jul2026 16:47:34.537] [main/DEBUG] [net.neoforged.fml.loading.moddiscovery.ModFileParser/LOADING]: Considering mod file candidate /var/opt/minecraft/crafty/crafty-4/servers/f208f13f-03b8-42f4-b07e-02f1dff6f964/mods/enchdesc-neoforge-1.21.1-21.1.10.jar
[20Jul2026 16:47:34.537] [main/DEBUG] [net.neoforged.fml.loading.moddiscovery.ModFileInfo/LOADING]: Found valid mod file enchdesc-neoforge-1.21.1-21.1.10.jar with {enchdesc} mods - versions {21.1.10}
[20Jul2026 16:47:34.537] [main/DEBUG] [net.neoforged.fml.loading.moddiscovery.ModFile/LOADING]: Loading mod file /var/opt/minecraft/crafty/crafty-4/servers/f208f13f-03b8-42f4-b07e-02f1dff6f964/mods/enchdesc-neoforge-1.21.1-21.1.10.jar with languages [LanguageSpec[languageName=javafml, acceptedVersions=[4,)]]
[20Jul2026 16:47:34.537] [main/DEBUG] [net.neoforged.fml.loading.moddiscovery.ModFile/LOADING]: Found mixin config MixinConfig[config=enchdesc.mixins.json, requiredMods=[]]
[20Jul2026 16:47:34.537] [main/DEBUG] [net.neoforged.fml.loading.moddiscovery.ModFile/LOADING]: Found mixin config MixinConfig[config=enchdesc.neoforge.mixins.json, requiredMods=[]]
[20Jul2026 16:47:34.537] [main/DEBUG] [net.neoforged.fml.loading.moddiscovery.ModFileParser/LOADING]: Considering mod file candidate /var/opt/minecraft/crafty/crafty-4/servers/f208f13f-03b8-42f4-b07e-02f1dff6f964/mods/moonlight-neoforge-1.21.1-3.0.17.jar
[20Jul2026 16:47:34.537] [main/DEBUG] [net.neoforged.fml.loading.moddiscovery.ModFileInfo/LOADING]: Found valid mod file moonlight-neoforge-1.21.1-3.0.17.jar with {moonlight} mods - versions {1.21.1-3.0.17}
[20Jul2026 16:47:34.537] [main/DEBUG] [net.neoforged.fml.loading.moddiscovery.ModFile/LOADING]: Loading mod file /var/opt/minecraft/crafty/crafty-4/servers/f208f13f-03b8-42f4-b07e-02f1dff6f964/mods/moonlight-neoforge-1.21.1-3.0.17.jar with languages [LanguageSpec[languageName=javafml, acceptedVersions=*]]
[20Jul2026 16:47:34.537] [main/DEBUG] [net.neoforged.fml.loading.moddiscovery.ModFile/LOADING]: Found mixin config MixinConfig[config=moonlight.mixins.json, requiredMods=[]]
[20Jul2026 16:47:34.537] [main/DEBUG] [net.neoforged.fml.loading.moddiscovery.ModFile/LOADING]: Found mixin config MixinConfig[config=moonlight-common.mixins.json, requiredMods=[]]
[20Jul2026 16:47:34.537] [main/DEBUG] [net.neoforged.fml.loading.moddiscovery.ModFileParser/LOADING]: Considering mod file candidate /var/opt/minecraft/crafty/crafty-4/servers/f208f13f-03b8-42f4-b07e-02f1dff6f964/mods/reintegrated_chipped-1.0.0.jar
[20Jul2026 16:47:34.537] [main/DEBUG] [net.neoforged.fml.loading.moddiscovery.ModFileInfo/LOADING]: Found valid mod file reintegrated_chipped-1.0.0.jar with {reintegrated_chipped} mods - versions {1.0.0}
[20Jul2026 16:47:34.537] [main/DEBUG] [net.neoforged.fml.loading.moddiscovery.ModFile/LOADING]: Loading mod file /var/opt/minecraft/crafty/crafty-4/servers/f208f13f-03b8-42f4-b07e-02f1dff6f964/mods/reintegrated_chipped-1.0.0.jar with languages [LanguageSpec[languageName=lowcodefml, acceptedVersions=[1,)]]
[20Jul2026 16:47:34.537] [main/DEBUG] [net.neoforged.fml.loading.moddiscovery.ModFileParser/LOADING]: Considering mod file candidate /var/opt/minecraft/crafty/crafty-4/servers/f208f13f-03b8-42f4-b07e-02f1dff6f964/mods/regions-unexplored-0.6.1-neoforge-21.1.jar
[20Jul2026 16:47:34.537] [main/DEBUG] [net.neoforged.fml.loading.moddiscovery.ModFileInfo/LOADING]: Found valid mod file regions-unexplored-0.6.1-neoforge-21.1.jar with {regions_unexplored} mods - versions {0.6.1}
[20Jul2026 16:47:34.537] [main/DEBUG] [net.neoforged.fml.loading.moddiscovery.ModFile/LOADING]: Loading mod file /var/opt/minecraft/crafty/crafty-4/servers/f208f13f-03b8-42f4-b07e-02f1dff6f964/mods/regions-unexplored-0.6.1-neoforge-21.1.jar with languages [LanguageSpec[languageName=javafml, acceptedVersions=[1,)]]
[20Jul2026 16:47:34.537] [main/DEBUG] [net.neoforged.fml.loading.moddiscovery.ModFile/LOADING]: Found mixin config MixinConfig[config=regions_unexplored.mixins.json, requiredMods=[]]
[20Jul2026 16:47:34.537] [main/DEBUG] [net.neoforged.fml.loading.moddiscovery.ModFile/LOADING]: Found mixin config MixinConfig[config=regions_unexplored.neoforge.mixins.json, requiredMods=[]]
[20Jul2026 16:47:34.537] [main/DEBUG] [net.neoforged.fml.loading.moddiscovery.ModFileParser/LOADING]: Considering mod file candidate /var/opt/minecraft/crafty/crafty-4/servers/f208f13f-03b8-42f4-b07e-02f1dff6f964/mods/Jade-1.21.1-NeoForge-15.10.5.jar
[20Jul2026 16:47:34.538] [main/DEBUG] [net.neoforged.fml.loading.moddiscovery.ModFileInfo/LOADING]: Found valid mod file Jade-1.21.1-NeoForge-15.10.5.jar with {jade} mods - versions {15.10.5+neoforge}
[20Jul2026 16:47:34.538] [main/DEBUG] [net.neoforged.fml.loading.moddiscovery.ModFile/LOADING]: Loading mod file /var/opt/minecraft/crafty/crafty-4/servers/f208f13f-03b8-42f4-b07e-02f1dff6f964/mods/Jade-1.21.1-NeoForge-15.10.5.jar with languages [LanguageSpec[languageName=javafml, acceptedVersions=[1,)]]
[20Jul2026 16:47:34.538] [main/DEBUG] [net.neoforged.fml.loading.moddiscovery.ModFile/LOADING]: Found mixin config MixinConfig[config=jade.mixins.json, requiredMods=[]]
[20Jul2026 16:47:34.538] [main/DEBUG] [net.neoforged.fml.loading.moddiscovery.ModFileParser/LOADING]: Considering mod file candidate /var/opt/minecraft/crafty/crafty-4/servers/f208f13f-03b8-42f4-b07e-02f1dff6f964/mods/Recipes For Create-1.2.1.jar
[20Jul2026 16:47:34.538] [main/DEBUG] [net.neoforged.fml.loading.moddiscovery.ModFileInfo/LOADING]: Found valid mod file Recipes For Create-1.2.1.jar with {recipesforcreate} mods - versions {1.2.1}
[20Jul2026 16:47:34.538] [main/DEBUG] [net.neoforged.fml.loading.moddiscovery.ModFile/LOADING]: Loading mod file /var/opt/minecraft/crafty/crafty-4/servers/f208f13f-03b8-42f4-b07e-02f1dff6f964/mods/Recipes For Create-1.2.1.jar with languages [LanguageSpec[languageName=lowcodefml, acceptedVersions=[4,)]]
[20Jul2026 16:47:34.538] [main/DEBUG] [net.neoforged.fml.loading.moddiscovery.ModFileParser/LOADING]: Considering mod file candidate /var/opt/minecraft/crafty/crafty-4/servers/f208f13f-03b8-42f4-b07e-02f1dff6f964/mods/displaydelight-1.6.0.jar
[20Jul2026 16:47:34.538] [main/DEBUG] [net.neoforged.fml.loading.moddiscovery.ModFileInfo/LOADING]: Found valid mod file displaydelight-1.6.0.jar with {displaydelight} mods - versions {1.6.0}
[20Jul2026 16:47:34.538] [main/DEBUG] [net.neoforged.fml.loading.moddiscovery.ModFile/LOADING]: Loading mod file /var/opt/minecraft/crafty/crafty-4/servers/f208f13f-03b8-42f4-b07e-02f1dff6f964/mods/displaydelight-1.6.0.jar with languages [LanguageSpec[languageName=javafml, acceptedVersions=[4,)]]
[20Jul2026 16:47:34.538] [main/DEBUG] [net.neoforged.fml.loading.moddiscovery.ModFile/LOADING]: Found mixin config MixinConfig[config=displaydelight.mixins.json, requiredMods=[]]
[20Jul2026 16:47:34.538] [main/DEBUG] [net.neoforged.fml.loading.moddiscovery.ModFileParser/LOADING]: Considering mod file candidate /var/opt/minecraft/crafty/crafty-4/servers/f208f13f-03b8-42f4-b07e-02f1dff6f964/mods/Platform-neoforge-1.21.1-1.3.3.jar
[20Jul2026 16:47:34.538] [main/DEBUG] [net.neoforged.fml.loading.moddiscovery.ModFileInfo/LOADING]: Found valid mod file Platform-neoforge-1.21.1-1.3.3.jar with {platform} mods - versions {1.3.3}
[20Jul2026 16:47:34.538] [main/DEBUG] [net.neoforged.fml.loading.moddiscovery.ModFile/LOADING]: Loading mod file /var/opt/minecraft/crafty/crafty-4/servers/f208f13f-03b8-42f4-b07e-02f1dff6f964/mods/Platform-neoforge-1.21.1-1.3.3.jar with languages [LanguageSpec[languageName=javafml, acceptedVersions=[4,)]]
[20Jul2026 16:47:34.538] [main/DEBUG] [net.neoforged.fml.loading.moddiscovery.ModFile/LOADING]: Found mixin config MixinConfig[config=platform.mixins.json, requiredMods=[]]
[20Jul2026 16:47:34.538] [main/DEBUG] [net.neoforged.fml.loading.moddiscovery.ModFile/LOADING]: Found mixin config MixinConfig[config=platform-common.mixins.json, requiredMods=[]]
[20Jul2026 16:47:34.538] [main/DEBUG] [net.neoforged.fml.loading.moddiscovery.ModFileParser/LOADING]: Considering mod file candidate 
[20Jul2026 16:47:34.538] [main/DEBUG] [net.neoforged.fml.loading.moddiscovery.ModFileInfo/LOADING]: Found valid mod file c2me-server-utils-mc1.21.1-0.3.0+alpha.0.93.jar with {c2me_server_utils} mods - versions {0.3.0+alpha.0.93+1.21.1}
[20Jul2026 16:47:34.538] [main/DEBUG] [net.neoforged.fml.loading.moddiscovery.ModFile/LOADING]: Loading mod file  with languages [LanguageSpec[languageName=lowcodefml, acceptedVersions=*]]
[20Jul2026 16:47:34.538] [main/DEBUG] [net.neoforged.fml.loading.moddiscovery.ModFile/LOADING]: Found mixin config MixinConfig[config=c2me-server-utils.mixins.json, requiredMods=[]]
[20Jul2026 16:47:34.538] [main/DEBUG] [net.neoforged.fml.loading.moddiscovery.ModFileParser/LOADING]: Considering mod file candidate /var/opt/minecraft/crafty/crafty-4/servers/f208f13f-03b8-42f4-b07e-02f1dff6f964/mods/Quark-4.1-480.jar
[20Jul2026 16:47:34.538] [main/DEBUG] [net.neoforged.fml.loading.moddiscovery.ModFileInfo/LOADING]: Found valid mod file Quark-4.1-480.jar with {quark} mods - versions {4.1-480}
[20Jul2026 16:47:34.539] [main/DEBUG] [net.neoforged.fml.loading.moddiscovery.ModFile/LOADING]: Loading mod file /var/opt/minecraft/crafty/crafty-4/servers/f208f13f-03b8-42f4-b07e-02f1dff6f964/mods/Quark-4.1-480.jar with languages [LanguageSpec[languageName=javafml, acceptedVersions=[3,)]]
[20Jul2026 16:47:34.539] [main/DEBUG] [net.neoforged.fml.loading.moddiscovery.ModFile/LOADING]: Found mixin config MixinConfig[config=quark.mixins.json, requiredMods=[]]
[20Jul2026 16:47:34.539] [main/DEBUG] [net.neoforged.fml.loading.moddiscovery.ModFileParser/LOADING]: Considering mod file candidate 
[20Jul2026 16:47:34.539] [main/DEBUG] [net.neoforged.fml.loading.moddiscovery.ModFileInfo/LOADING]: Found valid mod file spruceui-6.2.5+1.21.1-mojmap.jar with {spruceui} mods - versions {6.2.5+1.21.1}
[20Jul2026 16:47:34.539] [main/DEBUG] [net.neoforged.fml.loading.moddiscovery.ModFile/LOADING]: Loading mod file  with languages [LanguageSpec[languageName=javafml, acceptedVersions=[2,)]]
[20Jul2026 16:47:34.539] [main/DEBUG] [net.neoforged.fml.loading.moddiscovery.ModFileParser/LOADING]: Considering mod file candidate 
[20Jul2026 16:47:34.539] [main/DEBUG] [net.neoforged.fml.loading.moddiscovery.ModFileInfo/LOADING]: Found valid mod file c2me-opts-worldgen-general-mc1.21.1-0.3.0+alpha.0.93.jar with {c2me_opts_worldgen_general} mods - versions {0.3.0+alpha.0.93+1.21.1}
[20Jul2026 16:47:34.539] [main/DEBUG] [net.neoforged.fml.loading.moddiscovery.ModFile/LOADING]: Loading mod file  with languages [LanguageSpec[languageName=lowcodefml, acceptedVersions=*]]
[20Jul2026 16:47:34.539] [main/DEBUG] [net.neoforged.fml.loading.moddiscovery.ModFile/LOADING]: Found mixin config MixinConfig[config=c2me-opts-worldgen-general.mixins.json, requiredMods=[]]
[20Jul2026 16:47:34.539] [main/DEBUG] [net.neoforged.fml.loading.moddiscovery.ModFileParser/LOADING]: Considering mod file candidate 
[20Jul2026 16:47:34.539] [main/DEBUG] [net.neoforged.fml.loading.moddiscovery.ModFileInfo/LOADING]: Found valid mod file c2me-opts-chunkio-mc1.21.1-0.3.0+alpha.0.93.jar with {c2me_opts_chunkio} mods - versions {0.3.0+alpha.0.93+1.21.1}
[20Jul2026 16:47:34.539] [main/DEBUG] [net.neoforged.fml.loading.moddiscovery.ModFile/LOADING]: Loading mod file  with languages [LanguageSpec[languageName=lowcodefml, acceptedVersions=*]]
[20Jul2026 16:47:34.539] [main/DEBUG] [net.neoforged.fml.loading.moddiscovery.ModFile/LOADING]: Found mixin config MixinConfig[config=c2me-opts-chunkio.mixins.json, requiredMods=[]]
[20Jul2026 16:47:34.539] [main/DEBUG] [net.neoforged.fml.loading.moddiscovery.ModFileParser/LOADING]: Considering mod file candidate /var/opt/minecraft/crafty/crafty-4/servers/f208f13f-03b8-42f4-b07e-02f1dff6f964/mods/coroutil-neoforge-1.21.0-1.3.8.jar
[20Jul2026 16:47:34.539] [main/DEBUG] [net.neoforged.fml.loading.moddiscovery.ModFileInfo/LOADING]: Found valid mod file coroutil-neoforge-1.21.0-1.3.8.jar with {coroutil} mods - versions {1.21.0-1.3.8}
[20Jul2026 16:47:34.539] [main/DEBUG] [net.neoforged.fml.loading.moddiscovery.ModFile/LOADING]: Loading mod file /var/opt/minecraft/crafty/crafty-4/servers/f208f13f-03b8-42f4-b07e-02f1dff6f964/mods/coroutil-neoforge-1.21.0-1.3.8.jar with languages [LanguageSpec[languageName=javafml, acceptedVersions=[4,)]]
[20Jul2026 16:47:34.539] [main/DEBUG] [net.neoforged.fml.loading.moddiscovery.ModFileParser/LOADING]: Considering mod file candidate /var/opt/minecraft/crafty/crafty-4/servers/f208f13f-03b8-42f4-b07e-02f1dff6f964/mods/Kerria-1.3.0+1.21.1-neoforge.jar
[20Jul2026 16:47:34.539] [main/DEBUG] [net.neoforged.fml.loading.moddiscovery.ModFileInfo/LOADING]: Found valid mod file Kerria-1.3.0+1.21.1-neoforge.jar with {kerria} mods - versions {1.3.0+1.21.1-neoforge}
[20Jul2026 16:47:34.539] [main/DEBUG] [net.neoforged.fml.loading.moddiscovery.ModFile/LOADING]: Loading mod file /var/opt/minecraft/crafty/crafty-4/servers/f208f13f-03b8-42f4-b07e-02f1dff6f964/mods/Kerria-1.3.0+1.21.1-neoforge.jar with languages [LanguageSpec[languageName=javafml, acceptedVersions=[2,)]]
[20Jul2026 16:47:34.539] [main/DEBUG] [net.neoforged.fml.loading.moddiscovery.ModFile/LOADING]: Found mixin config MixinConfig[config=kerria.mixins.json, requiredMods=[]]
[20Jul2026 16:47:34.539] [main/DEBUG] [net.neoforged.fml.loading.moddiscovery.ModFileParser/LOADING]: Considering mod file candidate /var/opt/minecraft/crafty/crafty-4/servers/f208f13f-03b8-42f4-b07e-02f1dff6f964/mods/create_pattern_schematics-2.0.10.jar
[20Jul2026 16:47:34.539] [main/DEBUG] [net.neoforged.fml.loading.moddiscovery.ModFileInfo/LOADING]: Found valid mod file create_pattern_schematics-2.0.10.jar with {create_pattern_schematics} mods - versions {2.0.10}
[20Jul2026 16:47:34.539] [main/DEBUG] [net.neoforged.fml.loading.moddiscovery.ModFile/LOADING]: Loading mod file /var/opt/minecraft/crafty/crafty-4/servers/f208f13f-03b8-42f4-b07e-02f1dff6f964/mods/create_pattern_schematics-2.0.10.jar with languages [LanguageSpec[languageName=javafml, acceptedVersions=[1,)]]
[20Jul2026 16:47:34.539] [main/DEBUG] [net.neoforged.fml.loading.moddiscovery.ModFile/LOADING]: Found mixin config MixinConfig[config=pattern_schematics.mixins.json, requiredMods=[]]
[20Jul2026 16:47:34.539] [main/DEBUG] [net.neoforged.fml.loading.moddiscovery.ModFileParser/LOADING]: Considering mod file candidate /var/opt/minecraft/crafty/crafty-4/servers/f208f13f-03b8-42f4-b07e-02f1dff6f964/mods/yet_another_config_lib_v3-3.8.2+1.21.1-neoforge.jar
[20Jul2026 16:47:34.539] [main/DEBUG] [net.neoforged.fml.loading.moddiscovery.ModFileInfo/LOADING]: Found valid mod file yet_another_config_lib_v3-3.8.2+1.21.1-neoforge.jar with {yet_another_config_lib_v3} mods - versions {3.8.2+1.21.1-neoforge}
[20Jul2026 16:47:34.539] [main/DEBUG] [net.neoforged.fml.loading.moddiscovery.ModFile/LOADING]: Loading mod file /var/opt/minecraft/crafty/crafty-4/servers/f208f13f-03b8-42f4-b07e-02f1dff6f964/mods/yet_another_config_lib_v3-3.8.2+1.21.1-neoforge.jar with languages [LanguageSpec[languageName=javafml, acceptedVersions=[1,)]]
[20Jul2026 16:47:34.539] [main/DEBUG] [net.neoforged.fml.loading.moddiscovery.ModFile/LOADING]: Found mixin config MixinConfig[config=yacl.mixins.json, requiredMods=[]]
[20Jul2026 16:47:34.540] [main/DEBUG] [net.neoforged.fml.loading.moddiscovery.ModFileParser/LOADING]: Considering mod file candidate /var/opt/minecraft/crafty/crafty-4/servers/f208f13f-03b8-42f4-b07e-02f1dff6f964/mods/better_lib-neoforge-1.21.1-1.0.109.jar
[20Jul2026 16:47:34.540] [main/DEBUG] [net.neoforged.fml.loading.moddiscovery.ModFileInfo/LOADING]: Found valid mod file better_lib-neoforge-1.21.1-1.0.109.jar with {better_lib} mods - versions {1.0.109}
[20Jul2026 16:47:34.540] [main/DEBUG] [net.neoforged.fml.loading.moddiscovery.ModFile/LOADING]: Loading mod file /var/opt/minecraft/crafty/crafty-4/servers/f208f13f-03b8-42f4-b07e-02f1dff6f964/mods/better_lib-neoforge-1.21.1-1.0.109.jar with languages [LanguageSpec[languageName=javafml, acceptedVersions=[4,)]]
[20Jul2026 16:47:34.540] [main/DEBUG] [net.neoforged.fml.loading.moddiscovery.ModFile/LOADING]: Found mixin config MixinConfig[config=better_lib.mixins.json, requiredMods=[]]
[20Jul2026 16:47:34.540] [main/DEBUG] [net.neoforged.fml.loading.moddiscovery.ModFile/LOADING]: Found mixin config MixinConfig[config=better_lib.neoforge.mixins.json, requiredMods=[]]
[20Jul2026 16:47:34.540] [main/DEBUG] [net.neoforged.fml.loading.moddiscovery.ModFileParser/LOADING]: Considering mod file candidate /var/opt/minecraft/crafty/crafty-4/servers/f208f13f-03b8-42f4-b07e-02f1dff6f964/mods/still-life-b1.0[UNOFFICIAL-BACKPORT-1.21.1].jar
[20Jul2026 16:47:34.540] [main/DEBUG] [net.neoforged.fml.loading.moddiscovery.ModFileInfo/LOADING]: Found valid mod file still-life-b1.0[UNOFFICIAL-BACKPORT-1.21.1].jar with {mr_still_life} mods - versions {1.0}
[20Jul2026 16:47:34.540] [main/DEBUG] [net.neoforged.fml.loading.moddiscovery.ModFile/LOADING]: Loading mod file /var/opt/minecraft/crafty/crafty-4/servers/f208f13f-03b8-42f4-b07e-02f1dff6f964/mods/still-life-b1.0[UNOFFICIAL-BACKPORT-1.21.1].jar with languages [LanguageSpec[languageName=javafml, acceptedVersions=[1,)]]
[20Jul2026 16:47:34.540] [main/DEBUG] [net.neoforged.fml.loading.moddiscovery.ModFileParser/LOADING]: Considering mod file candidate 
[20Jul2026 16:47:34.540] [main/DEBUG] [net.neoforged.fml.loading.moddiscovery.ModFileInfo/LOADING]: Found valid mod file emi-bridge-1.12.1+1.21.1.jar with {connectorextras_emi_bridge} mods - versions {1.12.1+1.21.1}
[20Jul2026 16:47:34.540] [main/DEBUG] [net.neoforged.fml.loading.moddiscovery.ModFile/LOADING]: Loading mod file  with languages [LanguageSpec[languageName=javafml, acceptedVersions=*]]
[20Jul2026 16:47:34.540] [main/DEBUG] [net.neoforged.fml.loading.moddiscovery.ModFile/LOADING]: Found mixin config MixinConfig[config=mixins.emibridge.json, requiredMods=[]]
[20Jul2026 16:47:34.540] [main/DEBUG] [net.neoforged.fml.loading.moddiscovery.ModFileParser/LOADING]: Considering mod file candidate 
[20Jul2026 16:47:34.540] [main/DEBUG] [net.neoforged.fml.loading.moddiscovery.ModFileInfo/LOADING]: Found valid mod file fabric-data-generation-api-v1-20.2.34+a4c3605619.jar with {fabric_data_generation_api_v1} mods - versions {20.2.34+a4c3605619}
[20Jul2026 16:47:34.540] [main/DEBUG] [net.neoforged.fml.loading.moddiscovery.ModFile/LOADING]: Loading mod file  with languages [LanguageSpec[languageName=javafml, acceptedVersions=[1,)]]
[20Jul2026 16:47:34.540] [main/DEBUG] [net.neoforged.fml.loading.moddiscovery.ModFile/LOADING]: Found mixin config MixinConfig[config=fabric-data-generation-api-v1.mixins.json, requiredMods=[]]
[20Jul2026 16:47:34.540] [main/DEBUG] [net.neoforged.fml.loading.moddiscovery.ModFileParser/LOADING]: Considering mod file candidate 
[20Jul2026 16:47:34.540] [main/DEBUG] [net.neoforged.fml.loading.moddiscovery.ModFileInfo/LOADING]: Found valid mod file com.kneelawk.extra-mod-integrations.extra-mod-integrations-core-neoforge-1.0.3+1.21.1.jar with {extra_mod_integrations_core} mods - versions {1.0.3+1.21.1}
[20Jul2026 16:47:34.540] [main/DEBUG] [net.neoforged.fml.loading.moddiscovery.ModFile/LOADING]: Loading mod file  with languages [LanguageSpec[languageName=javafml, acceptedVersions=[1,)]]
[20Jul2026 16:47:34.540] [main/DEBUG] [net.neoforged.fml.loading.moddiscovery.ModFileParser/LOADING]: Considering mod file candidate 
[20Jul2026 16:47:34.540] [main/DEBUG] [net.neoforged.fml.loading.moddiscovery.ModFileInfo/LOADING]: Found valid mod file fabric-events-interaction-v0-0.7.13+86e0887119.jar with {fabric_events_interaction_v0} mods - versions {0.7.13+86e0887119}
[20Jul2026 16:47:34.540] [main/DEBUG] [net.neoforged.fml.loading.moddiscovery.ModFile/LOADING]: Loading mod file  with languages [LanguageSpec[languageName=javafml, acceptedVersions=[1,)]]
[20Jul2026 16:47:34.540] [main/DEBUG] [net.neoforged.fml.loading.moddiscovery.ModFile/LOADING]: Found mixin config MixinConfig[config=fabric-events-interaction-v0.mixins.json, requiredMods=[]]
[20Jul2026 16:47:34.540] [main/DEBUG] [net.neoforged.fml.loading.moddiscovery.ModFile/LOADING]: Found mixin config MixinConfig[config=fabric-events-interaction-v0.client.mixins.json, requiredMods=[]]
[20Jul2026 16:47:34.540] [main/DEBUG] [net.neoforged.fml.loading.moddiscovery.ModFileInfo/LOADING]: Found valid mod file squaremap-fabric-mc1.21.1-1.3.2$cloud-fabric-2.0.0-beta.9$fabric-permissions-api-0.3.1_mapped_moj_1.21.1.jar with {fabric_permissions_api_v0} mods - versions {0.3.1}
[20Jul2026 16:47:34.540] [main/DEBUG] [net.neoforged.fml.loading.moddiscovery.ModFile/LOADING]: Loading mod file /var/opt/minecraft/crafty/crafty-4/servers/f208f13f-03b8-42f4-b07e-02f1dff6f964/mods/.connector/squaremap-fabric-mc1.21.1-1.3.2$cloud-fabric-2.0.0-beta.9$fabric-permissions-api-0.3.1_mapped_moj_1.21.1.jar with languages [LanguageSpec[languageName=javafml, acceptedVersions=[0,)]]
[20Jul2026 16:47:34.540] [main/DEBUG] [net.neoforged.fml.loading.moddiscovery.ModFile/LOADING]: Loading mod file /var/opt/minecraft/crafty/crafty-4/servers/f208f13f-03b8-42f4-b07e-02f1dff6f964/mods/.connector/squaremap-fabric-mc1.21.1-1.3.2$adventure-platform-fabric-5.14.1$adventure-text-serializer-gson-4.17.0_mapped_moj_1.21.1.jar with languages []
[20Jul2026 16:47:34.540] [main/DEBUG] [net.neoforged.fml.loading.moddiscovery.ModFile/LOADING]: Loading mod file  with languages []
[20Jul2026 16:47:34.540] [main/DEBUG] [net.neoforged.fml.loading.moddiscovery.ModFile/LOADING]: Loading mod file /var/opt/minecraft/crafty/crafty-4/servers/f208f13f-03b8-42f4-b07e-02f1dff6f964/mods/.connector/squaremap-fabric-mc1.21.1-1.3.2$adventure-platform-fabric-5.14.1$ansi-1.1.0_mapped_moj_1.21.1.jar with languages []
[20Jul2026 16:47:34.540] [main/DEBUG] [net.neoforged.fml.loading.moddiscovery.ModFile/LOADING]: Loading mod file /var/opt/minecraft/crafty/crafty-4/servers/f208f13f-03b8-42f4-b07e-02f1dff6f964/mods/.connector/squaremap-fabric-mc1.21.1-1.3.2$adventure-platform-fabric-5.14.1$adventure-text-serializer-ansi-4.17.0_mapped_moj_1.21.1.jar with languages []
[20Jul2026 16:47:34.540] [main/DEBUG] [net.neoforged.fml.loading.moddiscovery.ModFile/LOADING]: Loading mod file /var/opt/minecraft/crafty/crafty-4/servers/f208f13f-03b8-42f4-b07e-02f1dff6f964/mods/.connector/squaremap-fabric-mc1.21.1-1.3.2$cloud-fabric-2.0.0-beta.9$cloud-brigadier-2.0.0-beta.9_mapped_moj_1.21.1.jar with languages []
[20Jul2026 16:47:34.540] [main/DEBUG] [net.neoforged.fml.loading.moddiscovery.ModFile/LOADING]: Loading mod file  with languages []
[20Jul2026 16:47:34.540] [main/DEBUG] [net.neoforged.fml.loading.moddiscovery.ModFile/LOADING]: Loading mod file /var/opt/minecraft/crafty/crafty-4/servers/f208f13f-03b8-42f4-b07e-02f1dff6f964/mods/.connector/squaremap-fabric-mc1.21.1-1.3.2$adventure-platform-fabric-5.14.1$adventure-api-4.17.0_mapped_moj_1.21.1.jar with languages []
[20Jul2026 16:47:34.540] [main/DEBUG] [net.neoforged.fml.loading.moddiscovery.ModFile/LOADING]: Loading mod file  with languages []
[20Jul2026 16:47:34.541] [main/DEBUG] [net.neoforged.fml.loading.moddiscovery.ModFile/LOADING]: Loading mod file  with languages []
[20Jul2026 16:47:34.541] [main/DEBUG] [net.neoforged.fml.loading.moddiscovery.ModFile/LOADING]: Loading mod file /var/opt/minecraft/crafty/crafty-4/servers/f208f13f-03b8-42f4-b07e-02f1dff6f964/mods/.connector/squaremap-fabric-mc1.21.1-1.3.2$cloud-fabric-2.0.0-beta.9$cloud-core-2.0.0_mapped_moj_1.21.1.jar with languages []
[20Jul2026 16:47:34.541] [main/DEBUG] [net.neoforged.fml.loading.moddiscovery.ModFile/LOADING]: Loading mod file /var/opt/minecraft/crafty/crafty-4/servers/f208f13f-03b8-42f4-b07e-02f1dff6f964/mods/.connector/squaremap-fabric-mc1.21.1-1.3.2$adventure-platform-fabric-5.14.1$examination-string-1.3.0_mapped_moj_1.21.1.jar with languages []
[20Jul2026 16:47:34.541] [main/DEBUG] [net.neoforged.fml.loading.moddiscovery.ModFile/LOADING]: Loading mod file  with languages []
[20Jul2026 16:47:34.541] [main/DEBUG] [net.neoforged.fml.loading.moddiscovery.ModFile/LOADING]: Loading mod file  with languages []
[20Jul2026 16:47:34.541] [main/DEBUG] [net.neoforged.fml.loading.moddiscovery.ModFile/LOADING]: Loading mod file  with languages []
[20Jul2026 16:47:34.541] [main/DEBUG] [net.neoforged.fml.loading.moddiscovery.ModFile/LOADING]: Loading mod file /var/opt/minecraft/crafty/crafty-4/servers/f208f13f-03b8-42f4-b07e-02f1dff6f964/mods/.connector/squaremap-fabric-mc1.21.1-1.3.2$adventure-platform-fabric-5.14.1$option-1.0.0_mapped_moj_1.21.1.jar with languages []
[20Jul2026 16:47:34.541] [main/DEBUG] [net.neoforged.fml.loading.moddiscovery.ModFile/LOADING]: Loading mod file /var/opt/minecraft/crafty/crafty-4/servers/f208f13f-03b8-42f4-b07e-02f1dff6f964/mods/.connector/squaremap-fabric-mc1.21.1-1.3.2$adventure-platform-fabric-5.14.1$examination-api-1.3.0_mapped_moj_1.21.1.jar with languages []
[20Jul2026 16:47:34.541] [main/DEBUG] [net.neoforged.fml.loading.moddiscovery.ModFile/LOADING]: Loading mod file  with languages []
[20Jul2026 16:47:34.541] [main/DEBUG] [net.neoforged.fml.loading.moddiscovery.ModFile/LOADING]: Loading mod file /var/opt/minecraft/crafty/crafty-4/servers/f208f13f-03b8-42f4-b07e-02f1dff6f964/mods/.connector/squaremap-fabric-mc1.21.1-1.3.2$adventure-platform-fabric-5.14.1$adventure-key-4.17.0_mapped_moj_1.21.1.jar with languages []
[20Jul2026 16:47:34.541] [main/DEBUG] [net.neoforged.fml.loading.moddiscovery.ModFile/LOADING]: Loading mod file /var/opt/minecraft/crafty/crafty-4/servers/f208f13f-03b8-42f4-b07e-02f1dff6f964/mods/.connector/squaremap-fabric-mc1.21.1-1.3.2$adventure-platform-fabric-5.14.1$adventure-text-logger-slf4j-4.17.0_mapped_moj_1.21.1.jar with languages []
[20Jul2026 16:47:34.541] [main/DEBUG] [net.neoforged.fml.loading.moddiscovery.ModFile/LOADING]: Loading mod file /var/opt/minecraft/crafty/crafty-4/servers/f208f13f-03b8-42f4-b07e-02f1dff6f964/mods/.connector/squaremap-fabric-mc1.21.1-1.3.2$cloud-minecraft-extras-2.0.0-beta.10_mapped_moj_1.21.1.jar with languages []
[20Jul2026 16:47:34.541] [main/DEBUG] [net.neoforged.fml.loading.moddiscovery.ModFile/LOADING]: Loading mod file /var/opt/minecraft/crafty/crafty-4/servers/f208f13f-03b8-42f4-b07e-02f1dff6f964/mods/.connector/squaremap-fabric-mc1.21.1-1.3.2$cloud-processors-common-1.0.0-beta.3_mapped_moj_1.21.1.jar with languages []
[20Jul2026 16:47:34.541] [main/DEBUG] [net.neoforged.fml.loading.moddiscovery.ModFile/LOADING]: Loading mod file  with languages []
[20Jul2026 16:47:34.541] [main/DEBUG] [net.neoforged.fml.loading.moddiscovery.ModFile/LOADING]: Loading mod file  with languages []
[20Jul2026 16:47:34.541] [main/DEBUG] [net.neoforged.fml.loading.moddiscovery.ModFile/LOADING]: Loading mod file /var/opt/minecraft/crafty/crafty-4/servers/f208f13f-03b8-42f4-b07e-02f1dff6f964/mods/.connector/squaremap-fabric-mc1.21.1-1.3.2$cloud-processors-confirmation-1.0.0-beta.3_mapped_moj_1.21.1.jar with languages []
[20Jul2026 16:47:34.541] [main/DEBUG] [net.neoforged.fml.loading.moddiscovery.ModFile/LOADING]: Loading mod file /var/opt/minecraft/crafty/crafty-4/servers/f208f13f-03b8-42f4-b07e-02f1dff6f964/mods/.connector/squaremap-fabric-mc1.21.1-1.3.2$adventure-platform-fabric-5.14.1$adventure-text-serializer-plain-4.17.0_mapped_moj_1.21.1.jar with languages []
[20Jul2026 16:47:34.541] [main/DEBUG] [net.neoforged.fml.loading.moddiscovery.ModFile/LOADING]: Loading mod file /var/opt/minecraft/crafty/crafty-4/servers/f208f13f-03b8-42f4-b07e-02f1dff6f964/mods/.connector/squaremap-fabric-mc1.21.1-1.3.2$adventure-platform-fabric-5.14.1$adventure-text-serializer-json-4.17.0_mapped_moj_1.21.1.jar with languages []
[20Jul2026 16:47:34.541] [main/DEBUG] [net.neoforged.fml.loading.moddiscovery.ModFile/LOADING]: Loading mod file /var/opt/minecraft/crafty/crafty-4/servers/f208f13f-03b8-42f4-b07e-02f1dff6f964/mods/.connector/squaremap-fabric-mc1.21.1-1.3.2$adventure-platform-fabric-5.14.1$adventure-platform-api-4.3.3_mapped_moj_1.21.1.jar with languages []
[20Jul2026 16:47:34.541] [main/DEBUG] [net.neoforged.fml.loading.moddiscovery.ModFile/LOADING]: Loading mod file /var/opt/minecraft/crafty/crafty-4/servers/f208f13f-03b8-42f4-b07e-02f1dff6f964/mods/.connector/squaremap-fabric-mc1.21.1-1.3.2$cloud-fabric-2.0.0-beta.9$cloud-services-2.0.0_mapped_moj_1.21.1.jar with languages []
[20Jul2026 16:47:34.541] [main/DEBUG] [net.neoforged.fml.loading.moddiscovery.ModFile/LOADING]: Loading mod file /var/opt/minecraft/crafty/crafty-4/servers/f208f13f-03b8-42f4-b07e-02f1dff6f964/mods/.connector/squaremap-fabric-mc1.21.1-1.3.2$adventure-platform-fabric-5.14.1$adventure-text-minimessage-4.17.0_mapped_moj_1.21.1.jar with languages []
[20Jul2026 16:47:34.541] [main/DEBUG] [net.neoforged.fml.loading.moddiscovery.ModFile/LOADING]: Loading mod file /var/opt/minecraft/crafty/crafty-4/servers/f208f13f-03b8-42f4-b07e-02f1dff6f964/mods/.connector/squaremap-fabric-mc1.21.1-1.3.2$cloud-fabric-2.0.0-beta.9$geantyref-1.3.15_mapped_moj_1.21.1.jar with languages []
[20Jul2026 16:47:34.542] [main/DEBUG] [net.neoforged.fml.loading.moddiscovery.ModValidator/SCAN]: Found 330 mod files with 302 mods
[20Jul2026 16:47:34.543] [main/DEBUG] [cpw.mods.modlauncher.TransformationServiceDecorator/MODLAUNCHER]: End scan trigger - transformation service fml
[20Jul2026 16:47:34.543] [main/DEBUG] [cpw.mods.modlauncher.TransformationServiceDecorator/MODLAUNCHER]: Beginning scan trigger - transformation service asynclogger
[20Jul2026 16:47:34.543] [main/DEBUG] [cpw.mods.modlauncher.TransformationServiceDecorator/MODLAUNCHER]: End scan trigger - transformation service asynclogger
[20Jul2026 16:47:34.543] [main/DEBUG] [cpw.mods.modlauncher.TransformationServiceDecorator/MODLAUNCHER]: Beginning scan trigger - transformation service connector_loader
[20Jul2026 16:47:34.543] [main/DEBUG] [cpw.mods.modlauncher.TransformationServiceDecorator/MODLAUNCHER]: End scan trigger - transformation service connector_loader
[20Jul2026 16:47:34.687] [main/INFO] [Configured Defaults/]: Applying default files...
[20Jul2026 16:47:34.689] [main/DEBUG] [net.neoforged.fml.util.ServiceLoaderUtil/CORE]: Found 6 implementations of IModLanguageLoader:
[20Jul2026 16:47:34.689] [main/DEBUG] [net.neoforged.fml.util.ServiceLoaderUtil/CORE]: 	org.groovymc.gml.internal.GMLLangLoader from gml-6.0.2.jar > gml-core-7.0.3.jar
[20Jul2026 16:47:34.689] [main/DEBUG] [net.neoforged.fml.util.ServiceLoaderUtil/CORE]: 	thedarkcolour.kotlinforforge.neoforge.KotlinLanguageLoader from kotlinforforge-5.11.0-all.jar > thedarkcolour.kfflang-5.11.0.jar
[20Jul2026 16:47:34.689] [main/DEBUG] [net.neoforged.fml.util.ServiceLoaderUtil/CORE]: 	fuzs.configureddefaults.neoforge.ConfiguredDefaultsLanguageLoader from ConfiguredDefaults-v21.1.3-1.21.1-NeoForge.jar
[20Jul2026 16:47:34.689] [main/DEBUG] [net.neoforged.fml.util.ServiceLoaderUtil/CORE]: 	net.neoforged.fml.javafmlmod.FMLJavaModLanguageProvider from loader-4.0.42.jar
[20Jul2026 16:47:34.689] [main/DEBUG] [net.neoforged.fml.util.ServiceLoaderUtil/CORE]: 	net.neoforged.fml.lowcodemod.LowCodeModLanguageProvider from loader-4.0.42.jar
[20Jul2026 16:47:34.689] [main/DEBUG] [net.neoforged.fml.util.ServiceLoaderUtil/CORE]: 	net.neoforged.fml.mclanguageprovider.MinecraftModLanguageProvider from loader-4.0.42.jar
[20Jul2026 16:47:34.703] [main/DEBUG] [net.neoforged.fml.loading.LanguageProviderLoader/CORE]: Found language provider gml, version 7.0.3
[20Jul2026 16:47:34.703] [main/DEBUG] [net.neoforged.fml.loading.LanguageProviderLoader/CORE]: Found language provider kotlinforforge, version 5.11.0
[20Jul2026 16:47:34.703] [main/DEBUG] [net.neoforged.fml.loading.LanguageProviderLoader/CORE]: Found language provider Configured Defaults, version 21.1.3
[20Jul2026 16:47:34.703] [main/DEBUG] [net.neoforged.fml.loading.LanguageProviderLoader/CORE]: Found language provider javafml, version 4.0.42
[20Jul2026 16:47:34.703] [main/DEBUG] [net.neoforged.fml.loading.LanguageProviderLoader/CORE]: Found language provider lowcodefml, version 4.0.42
[20Jul2026 16:47:34.703] [main/DEBUG] [net.neoforged.fml.loading.LanguageProviderLoader/CORE]: Found language provider minecraft, version 4.0.42
[20Jul2026 16:47:34.707] [main/DEBUG] [net.neoforged.fml.loading.ModSorter/]: Configured system mods: [minecraft, neoforge]
[20Jul2026 16:47:34.707] [main/DEBUG] [net.neoforged.fml.loading.ModSorter/]: Found system mod: minecraft
[20Jul2026 16:47:34.707] [main/DEBUG] [net.neoforged.fml.loading.ModSorter/]: Found system mod: neoforge
[20Jul2026 16:47:34.710] [main/DEBUG] [net.neoforged.fml.loading.ModSorter/LOADING]: Found 760 mod requirements (694 mandatory, 66 optional)
[20Jul2026 16:47:34.712] [main/DEBUG] [net.neoforged.fml.loading.ModSorter/LOADING]: Found 0 mod requirements missing (0 mandatory, 0 optional)
[20Jul2026 16:47:34.724] [main/DEBUG] [net.neoforged.fml.loading.FMLLoader/SCAN]: Adding Access Transformer in /var/opt/minecraft/crafty/crafty-4/servers/f208f13f-03b8-42f4-b07e-02f1dff6f964/mods/EasyAnvils-v21.1.0-1.21.1-NeoForge.jar
[20Jul2026 16:47:34.725] [main/DEBUG] [AXFORM/AXFORM]: Loading access transformer accesstransformer.cfg
[20Jul2026 16:47:34.762] [main/DEBUG] [AXFORM/AXFORM]: Loaded access transformer accesstransformer.cfg
[20Jul2026 16:47:34.762] [main/DEBUG] [net.neoforged.fml.loading.FMLLoader/SCAN]: Adding Access Transformer in /var/opt/minecraft/crafty/crafty-4/servers/f208f13f-03b8-42f4-b07e-02f1dff6f964/libraries/net/neoforged/neoforge/21.1.233/neoforge-21.1.233-universal.jar
[20Jul2026 16:47:34.764] [main/DEBUG] [AXFORM/AXFORM]: Loading access transformer accesstransformer.cfg
[20Jul2026 16:47:34.781] [main/DEBUG] [AXFORM/AXFORM]: Loaded access transformer accesstransformer.cfg
[20Jul2026 16:47:34.781] [main/DEBUG] [net.neoforged.fml.loading.FMLLoader/SCAN]: Adding Access Transformer in /var/opt/minecraft/crafty/crafty-4/servers/f208f13f-03b8-42f4-b07e-02f1dff6f964/mods/modernfix-neoforge-5.27.12+mc1.21.1.jar
[20Jul2026 16:47:34.782] [main/DEBUG] [AXFORM/AXFORM]: Loading access transformer accesstransformer.cfg
[20Jul2026 16:47:34.784] [main/DEBUG] [AXFORM/AXFORM]: Loaded access transformer accesstransformer.cfg
[20Jul2026 16:47:34.784] [main/DEBUG] [net.neoforged.fml.loading.FMLLoader/SCAN]: Adding Access Transformer in 
[20Jul2026 16:47:34.784] [main/DEBUG] [AXFORM/AXFORM]: Loading access transformer accesstransformer.cfg
[20Jul2026 16:47:34.784] [main/DEBUG] [AXFORM/AXFORM]: Loaded access transformer accesstransformer.cfg
[20Jul2026 16:47:34.784] [main/DEBUG] [net.neoforged.fml.loading.FMLLoader/SCAN]: Adding Access Transformer in 
[20Jul2026 16:47:34.785] [main/DEBUG] [AXFORM/AXFORM]: Loading access transformer accesstransformer.cfg
[20Jul2026 16:47:34.785] [main/DEBUG] [AXFORM/AXFORM]: Loaded access transformer accesstransformer.cfg
[20Jul2026 16:47:34.785] [main/DEBUG] [net.neoforged.fml.loading.FMLLoader/SCAN]: Adding Access Transformer in 
[20Jul2026 16:47:34.785] [main/DEBUG] [AXFORM/AXFORM]: Loading access transformer accesstransformer.cfg
[20Jul2026 16:47:34.789] [main/DEBUG] [AXFORM/AXFORM]: Loaded access transformer accesstransformer.cfg
[20Jul2026 16:47:34.789] [main/DEBUG] [net.neoforged.fml.loading.FMLLoader/SCAN]: Adding Access Transformer in /var/opt/minecraft/crafty/crafty-4/servers/f208f13f-03b8-42f4-b07e-02f1dff6f964/mods/kambrik-neoforge-8.0.0-beta.2.jar
[20Jul2026 16:47:34.789] [main/DEBUG] [AXFORM/AXFORM]: Loading access transformer accesstransformer.cfg
[20Jul2026 16:47:34.790] [main/DEBUG] [AXFORM/AXFORM]: Loaded access transformer accesstransformer.cfg
[20Jul2026 16:47:34.790] [main/DEBUG] [net.neoforged.fml.loading.FMLLoader/SCAN]: Adding Access Transformer in 
[20Jul2026 16:47:34.790] [main/DEBUG] [AXFORM/AXFORM]: Loading access transformer accesstransformer.cfg
[20Jul2026 16:47:34.792] [main/DEBUG] [AXFORM/AXFORM]: Loaded access transformer accesstransformer.cfg
[20Jul2026 16:47:34.792] [main/DEBUG] [net.neoforged.fml.loading.FMLLoader/SCAN]: Adding Access Transformer in 
[20Jul2026 16:47:34.792] [main/DEBUG] [AXFORM/AXFORM]: Loading access transformer accesstransformer.cfg
[20Jul2026 16:47:34.793] [main/DEBUG] [AXFORM/AXFORM]: Loaded access transformer accesstransformer.cfg
[20Jul2026 16:47:34.793] [main/DEBUG] [net.neoforged.fml.loading.FMLLoader/SCAN]: Adding Access Transformer in 
[20Jul2026 16:47:34.793] [main/DEBUG] [AXFORM/AXFORM]: Loading access transformer accesstransformer.cfg
[20Jul2026 16:47:34.795] [main/DEBUG] [AXFORM/AXFORM]: Loaded access transformer accesstransformer.cfg
[20Jul2026 16:47:34.795] [main/DEBUG] [AXFORM/AXFORM]: Loading access transformer accesstransformer.cfg
[20Jul2026 16:47:34.795] [main/DEBUG] [net.neoforged.fml.loading.FMLLoader/SCAN]: Adding Access Transformer in /var/opt/minecraft/crafty/crafty-4/servers/f208f13f-03b8-42f4-b07e-02f1dff6f964/mods/cloth-config-15.0.140-neoforge.jar
[20Jul2026 16:47:34.796] [main/DEBUG] [AXFORM/AXFORM]: Loaded access transformer accesstransformer.cfg
[20Jul2026 16:47:34.796] [main/DEBUG] [net.neoforged.fml.loading.FMLLoader/SCAN]: Adding Access Transformer in /var/opt/minecraft/crafty/crafty-4/servers/f208f13f-03b8-42f4-b07e-02f1dff6f964/mods/sound-physics-remastered-neoforge-1.21.1-1.5.1.jar
[20Jul2026 16:47:34.796] [main/DEBUG] [AXFORM/AXFORM]: Loading access transformer accesstransformer.cfg
[20Jul2026 16:47:34.797] [main/DEBUG] [AXFORM/AXFORM]: Loaded access transformer accesstransformer.cfg
[20Jul2026 16:47:34.797] [main/DEBUG] [net.neoforged.fml.loading.FMLLoader/SCAN]: Adding Access Transformer in /var/opt/minecraft/crafty/crafty-4/servers/f208f13f-03b8-42f4-b07e-02f1dff6f964/mods/supplementaries-neoforge-1.21.1-3.6.8.jar
[20Jul2026 16:47:34.797] [main/DEBUG] [AXFORM/AXFORM]: Loading access transformer accesstransformer.cfg
[20Jul2026 16:47:34.799] [main/DEBUG] [AXFORM/AXFORM]: Loaded access transformer accesstransformer.cfg
[20Jul2026 16:47:34.799] [main/DEBUG] [net.neoforged.fml.loading.FMLLoader/SCAN]: Adding Access Transformer in 
[20Jul2026 16:47:34.799] [main/DEBUG] [AXFORM/AXFORM]: Loading access transformer accesstransformer.cfg
[20Jul2026 16:47:34.800] [main/DEBUG] [AXFORM/AXFORM]: Loaded access transformer accesstransformer.cfg
[20Jul2026 16:47:34.800] [main/DEBUG] [net.neoforged.fml.loading.FMLLoader/SCAN]: Adding Access Transformer in /var/opt/minecraft/crafty/crafty-4/servers/f208f13f-03b8-42f4-b07e-02f1dff6f964/mods/chefsdelight-1.0.5-neoforge-1.21.1.jar
[20Jul2026 16:47:34.800] [main/DEBUG] [AXFORM/AXFORM]: Loading access transformer accesstransformer.cfg
[20Jul2026 16:47:34.801] [main/DEBUG] [AXFORM/AXFORM]: Loaded access transformer accesstransformer.cfg
[20Jul2026 16:47:34.802] [main/DEBUG] [net.neoforged.fml.loading.FMLLoader/SCAN]: Adding Access Transformer in /var/opt/minecraft/crafty/crafty-4/servers/f208f13f-03b8-42f4-b07e-02f1dff6f964/mods/VanillaBackport-neoforge-1.21.1-1.1.7.10.jar
[20Jul2026 16:47:34.802] [main/DEBUG] [AXFORM/AXFORM]: Loading access transformer accesstransformer.cfg
[20Jul2026 16:47:34.804] [main/DEBUG] [AXFORM/AXFORM]: Loaded access transformer accesstransformer.cfg
[20Jul2026 16:47:34.804] [main/DEBUG] [net.neoforged.fml.loading.FMLLoader/SCAN]: Adding Access Transformer in /var/opt/minecraft/crafty/crafty-4/servers/f208f13f-03b8-42f4-b07e-02f1dff6f964/mods/supermartijn642corelib-1.1.21-neoforge-mc1.21.jar
[20Jul2026 16:47:34.804] [main/DEBUG] [AXFORM/AXFORM]: Loading access transformer accesstransformer.cfg
[20Jul2026 16:47:34.805] [main/DEBUG] [AXFORM/AXFORM]: Loaded access transformer accesstransformer.cfg
[20Jul2026 16:47:34.805] [main/DEBUG] [net.neoforged.fml.loading.FMLLoader/SCAN]: Adding Access Transformer in /var/opt/minecraft/crafty/crafty-4/servers/f208f13f-03b8-42f4-b07e-02f1dff6f964/mods/servercore-neoforge-1.5.17+1.21.1.jar
[20Jul2026 16:47:34.805] [main/DEBUG] [AXFORM/AXFORM]: Loading access transformer accesstransformer.cfg
[20Jul2026 16:47:34.806] [main/DEBUG] [AXFORM/AXFORM]: Loaded access transformer accesstransformer.cfg
[20Jul2026 16:47:34.806] [main/DEBUG] [net.neoforged.fml.loading.FMLLoader/SCAN]: Adding Access Transformer in /var/opt/minecraft/crafty/crafty-4/servers/f208f13f-03b8-42f4-b07e-02f1dff6f964/mods/curios-neoforge-9.5.1+1.21.1.jar
[20Jul2026 16:47:34.806] [main/DEBUG] [AXFORM/AXFORM]: Loading access transformer accesstransformer.cfg
[20Jul2026 16:47:34.807] [main/DEBUG] [AXFORM/AXFORM]: Loaded access transformer accesstransformer.cfg
[20Jul2026 16:47:34.807] [main/DEBUG] [net.neoforged.fml.loading.FMLLoader/SCAN]: Adding Access Transformer in /var/opt/minecraft/crafty/crafty-4/servers/f208f13f-03b8-42f4-b07e-02f1dff6f964/mods/noisium-neoforge-2.7.0+mc1.21-1.21.1.jar
[20Jul2026 16:47:34.807] [main/DEBUG] [AXFORM/AXFORM]: Loading access transformer accesstransformer.cfg
[20Jul2026 16:47:34.808] [main/DEBUG] [AXFORM/AXFORM]: Loaded access transformer accesstransformer.cfg
[20Jul2026 16:47:34.808] [main/DEBUG] [net.neoforged.fml.loading.FMLLoader/SCAN]: Adding Access Transformer in /var/opt/minecraft/crafty/crafty-4/servers/f208f13f-03b8-42f4-b07e-02f1dff6f964/mods/Kiwi-1.21.1-NeoForge-15.8.4.jar
[20Jul2026 16:47:34.808] [main/DEBUG] [AXFORM/AXFORM]: Loading access transformer accesstransformer.cfg
[20Jul2026 16:47:34.809] [main/DEBUG] [AXFORM/AXFORM]: Loaded access transformer accesstransformer.cfg
[20Jul2026 16:47:34.809] [main/DEBUG] [net.neoforged.fml.loading.FMLLoader/SCAN]: Adding Access Transformer in /var/opt/minecraft/crafty/crafty-4/servers/f208f13f-03b8-42f4-b07e-02f1dff6f964/mods/rechiseled-1.2.4-neoforge-mc1.21.jar
[20Jul2026 16:47:34.809] [main/DEBUG] [AXFORM/AXFORM]: Loading access transformer accesstransformer.cfg
[20Jul2026 16:47:34.809] [main/DEBUG] [AXFORM/AXFORM]: Loaded access transformer accesstransformer.cfg
[20Jul2026 16:47:34.809] [main/DEBUG] [net.neoforged.fml.loading.FMLLoader/SCAN]: Adding Access Transformer in /var/opt/minecraft/crafty/crafty-4/servers/f208f13f-03b8-42f4-b07e-02f1dff6f964/mods/lithostitched-1.7.9-neoforge-21.1.jar
[20Jul2026 16:47:34.810] [main/DEBUG] [AXFORM/AXFORM]: Loading access transformer accesstransformer.cfg
[20Jul2026 16:47:34.810] [main/DEBUG] [AXFORM/AXFORM]: Loaded access transformer accesstransformer.cfg
[20Jul2026 16:47:34.810] [main/DEBUG] [net.neoforged.fml.loading.FMLLoader/SCAN]: Adding Access Transformer in 
[20Jul2026 16:47:34.810] [main/DEBUG] [AXFORM/AXFORM]: Loading access transformer accesstransformer.cfg
[20Jul2026 16:47:34.811] [main/DEBUG] [AXFORM/AXFORM]: Loaded access transformer accesstransformer.cfg
[20Jul2026 16:47:34.811] [main/DEBUG] [net.neoforged.fml.loading.FMLLoader/SCAN]: Adding Access Transformer in 
[20Jul2026 16:47:34.811] [main/DEBUG] [AXFORM/AXFORM]: Loading access transformer accesstransformer.cfg
[20Jul2026 16:47:34.812] [main/DEBUG] [AXFORM/AXFORM]: Loaded access transformer accesstransformer.cfg
[20Jul2026 16:47:34.812] [main/DEBUG] [net.neoforged.fml.loading.FMLLoader/SCAN]: Adding Access Transformer in 
[20Jul2026 16:47:34.812] [main/DEBUG] [AXFORM/AXFORM]: Loading access transformer accesstransformer.cfg
[20Jul2026 16:47:34.813] [main/DEBUG] [AXFORM/AXFORM]: Loaded access transformer accesstransformer.cfg
[20Jul2026 16:47:34.813] [main/DEBUG] [net.neoforged.fml.loading.FMLLoader/SCAN]: Adding Access Transformer in /var/opt/minecraft/crafty/crafty-4/servers/f208f13f-03b8-42f4-b07e-02f1dff6f964/mods/EpheroLib-1.21.1-NEO-FORGE-1.2.0.jar
[20Jul2026 16:47:34.813] [main/DEBUG] [AXFORM/AXFORM]: Loading access transformer accesstransformer.cfg
[20Jul2026 16:47:34.814] [main/DEBUG] [AXFORM/AXFORM]: Loaded access transformer accesstransformer.cfg
[20Jul2026 16:47:34.814] [main/DEBUG] [net.neoforged.fml.loading.FMLLoader/SCAN]: Adding Access Transformer in /var/opt/minecraft/crafty/crafty-4/servers/f208f13f-03b8-42f4-b07e-02f1dff6f964/mods/smarterfarmers-1.21-2.2.4-neoforge.jar
[20Jul2026 16:47:34.814] [main/DEBUG] [AXFORM/AXFORM]: Loading access transformer accesstransformer.cfg
[20Jul2026 16:47:34.815] [main/DEBUG] [AXFORM/AXFORM]: Loaded access transformer accesstransformer.cfg
[20Jul2026 16:47:34.815] [main/DEBUG] [net.neoforged.fml.loading.FMLLoader/SCAN]: Adding Access Transformer in /var/opt/minecraft/crafty/crafty-4/servers/f208f13f-03b8-42f4-b07e-02f1dff6f964/mods/rechiseledcreate-1.1.0-neoforge-mc1.21.jar
[20Jul2026 16:47:34.815] [main/DEBUG] [AXFORM/AXFORM]: Loading access transformer accesstransformer.cfg
[20Jul2026 16:47:34.816] [main/DEBUG] [AXFORM/AXFORM]: Loaded access transformer accesstransformer.cfg
[20Jul2026 16:47:34.816] [main/DEBUG] [net.neoforged.fml.loading.FMLLoader/SCAN]: Adding Access Transformer in /var/opt/minecraft/crafty/crafty-4/servers/f208f13f-03b8-42f4-b07e-02f1dff6f964/mods/potionstacks-1.0.0.jar
[20Jul2026 16:47:34.816] [main/DEBUG] [AXFORM/AXFORM]: Loading access transformer accesstransformer.cfg
[20Jul2026 16:47:34.816] [main/DEBUG] [AXFORM/AXFORM]: Loaded access transformer accesstransformer.cfg
[20Jul2026 16:47:34.816] [main/DEBUG] [net.neoforged.fml.loading.FMLLoader/SCAN]: Adding Access Transformer in /var/opt/minecraft/crafty/crafty-4/servers/f208f13f-03b8-42f4-b07e-02f1dff6f964/mods/scholar-neoforge-1.21.1-1.2.0.jar
[20Jul2026 16:47:34.817] [main/DEBUG] [AXFORM/AXFORM]: Loading access transformer accesstransformer.cfg
[20Jul2026 16:47:34.817] [main/DEBUG] [AXFORM/AXFORM]: Loaded access transformer accesstransformer.cfg
[20Jul2026 16:47:34.817] [main/DEBUG] [net.neoforged.fml.loading.FMLLoader/SCAN]: Adding Access Transformer in /var/opt/minecraft/crafty/crafty-4/servers/f208f13f-03b8-42f4-b07e-02f1dff6f964/mods/fusion-1.2.12-neoforge-mc1.21.1.jar
[20Jul2026 16:47:34.818] [main/DEBUG] [AXFORM/AXFORM]: Loading access transformer accesstransformer.cfg
[20Jul2026 16:47:34.819] [main/DEBUG] [AXFORM/AXFORM]: Loaded access transformer accesstransformer.cfg
[20Jul2026 16:47:34.819] [main/DEBUG] [net.neoforged.fml.loading.FMLLoader/SCAN]: Adding Access Transformer in 
[20Jul2026 16:47:34.819] [main/DEBUG] [AXFORM/AXFORM]: Loading access transformer accesstransformer.cfg
[20Jul2026 16:47:34.820] [main/DEBUG] [AXFORM/AXFORM]: Loaded access transformer accesstransformer.cfg
[20Jul2026 16:47:34.820] [main/DEBUG] [net.neoforged.fml.loading.FMLLoader/SCAN]: Adding Access Transformer in /var/opt/minecraft/crafty/crafty-4/servers/f208f13f-03b8-42f4-b07e-02f1dff6f964/mods/ArmorStatues-v21.1.0-1.21.1-NeoForge.jar
[20Jul2026 16:47:34.820] [main/DEBUG] [AXFORM/AXFORM]: Loading access transformer accesstransformer.cfg
[20Jul2026 16:47:34.821] [main/DEBUG] [AXFORM/AXFORM]: Loaded access transformer accesstransformer.cfg
[20Jul2026 16:47:34.821] [main/DEBUG] [net.neoforged.fml.loading.FMLLoader/SCAN]: Adding Access Transformer in 
[20Jul2026 16:47:34.821] [main/DEBUG] [AXFORM/AXFORM]: Loading access transformer accesstransformer.cfg
[20Jul2026 16:47:34.822] [main/DEBUG] [AXFORM/AXFORM]: Loaded access transformer accesstransformer.cfg
[20Jul2026 16:47:34.822] [main/DEBUG] [AXFORM/AXFORM]: Loading access transformer accesstransformer.cfg
[20Jul2026 16:47:34.822] [main/DEBUG] [net.neoforged.fml.loading.FMLLoader/SCAN]: Adding Access Transformer in /var/opt/minecraft/crafty/crafty-4/servers/f208f13f-03b8-42f4-b07e-02f1dff6f964/mods/emi-1.1.24+1.21.1+neoforge.jar
[20Jul2026 16:47:34.822] [main/DEBUG] [AXFORM/AXFORM]: Loaded access transformer accesstransformer.cfg
[20Jul2026 16:47:34.822] [main/DEBUG] [AXFORM/AXFORM]: Loading access transformer accesstransformer.cfg
[20Jul2026 16:47:34.822] [main/DEBUG] [net.neoforged.fml.loading.FMLLoader/SCAN]: Adding Access Transformer in /var/opt/minecraft/crafty/crafty-4/servers/f208f13f-03b8-42f4-b07e-02f1dff6f964/mods/TerraBlender-neoforge-1.21.1-4.1.0.8.jar
[20Jul2026 16:47:34.823] [main/DEBUG] [AXFORM/AXFORM]: Loaded access transformer accesstransformer.cfg
[20Jul2026 16:47:34.823] [main/DEBUG] [AXFORM/AXFORM]: Loading access transformer accesstransformer.cfg
[20Jul2026 16:47:34.823] [main/DEBUG] [net.neoforged.fml.loading.FMLLoader/SCAN]: Adding Access Transformer in 
[20Jul2026 16:47:34.824] [main/DEBUG] [AXFORM/AXFORM]: Loaded access transformer accesstransformer.cfg
[20Jul2026 16:47:34.824] [main/DEBUG] [net.neoforged.fml.loading.FMLLoader/SCAN]: Adding Access Transformer in 
[20Jul2026 16:47:34.824] [main/DEBUG] [AXFORM/AXFORM]: Loading access transformer accesstransformer.cfg
[20Jul2026 16:47:34.825] [main/DEBUG] [AXFORM/AXFORM]: Loaded access transformer accesstransformer.cfg
[20Jul2026 16:47:34.825] [main/DEBUG] [net.neoforged.fml.loading.FMLLoader/SCAN]: Adding Access Transformer in 
[20Jul2026 16:47:34.825] [main/DEBUG] [AXFORM/AXFORM]: Loading access transformer accesstransformer.cfg
[20Jul2026 16:47:34.826] [main/DEBUG] [AXFORM/AXFORM]: Loaded access transformer accesstransformer.cfg
[20Jul2026 16:47:34.826] [main/DEBUG] [net.neoforged.fml.loading.FMLLoader/SCAN]: Adding Access Transformer in /var/opt/minecraft/crafty/crafty-4/servers/f208f13f-03b8-42f4-b07e-02f1dff6f964/mods/Zeta-1.1-40.jar
[20Jul2026 16:47:34.826] [main/DEBUG] [AXFORM/AXFORM]: Loading access transformer accesstransformer.cfg
[20Jul2026 16:47:34.826] [main/DEBUG] [AXFORM/AXFORM]: Loaded access transformer accesstransformer.cfg
[20Jul2026 16:47:34.826] [main/DEBUG] [net.neoforged.fml.loading.FMLLoader/SCAN]: Adding Access Transformer in 
[20Jul2026 16:47:34.826] [main/DEBUG] [AXFORM/AXFORM]: Loading access transformer accesstransformer.cfg
[20Jul2026 16:47:34.827] [main/DEBUG] [AXFORM/AXFORM]: Loaded access transformer accesstransformer.cfg
[20Jul2026 16:47:34.827] [main/DEBUG] [net.neoforged.fml.loading.FMLLoader/SCAN]: Adding Access Transformer in 
[20Jul2026 16:47:34.827] [main/DEBUG] [AXFORM/AXFORM]: Loading access transformer accesstransformer.cfg
[20Jul2026 16:47:34.828] [main/DEBUG] [AXFORM/AXFORM]: Loaded access transformer accesstransformer.cfg
[20Jul2026 16:47:34.828] [main/DEBUG] [net.neoforged.fml.loading.FMLLoader/SCAN]: Adding Access Transformer in /var/opt/minecraft/crafty/crafty-4/servers/f208f13f-03b8-42f4-b07e-02f1dff6f964/mods/lootr-neoforge-1.21.1-1.11.37.120.jar
[20Jul2026 16:47:34.828] [main/DEBUG] [AXFORM/AXFORM]: Loading access transformer accesstransformer.cfg
[20Jul2026 16:47:34.829] [main/DEBUG] [AXFORM/AXFORM]: Loaded access transformer accesstransformer.cfg
[20Jul2026 16:47:34.829] [main/DEBUG] [net.neoforged.fml.loading.FMLLoader/SCAN]: Adding Access Transformer in 
[20Jul2026 16:47:34.829] [main/DEBUG] [AXFORM/AXFORM]: Loading access transformer accesstransformer.cfg
[20Jul2026 16:47:34.830] [main/DEBUG] [AXFORM/AXFORM]: Loaded access transformer accesstransformer.cfg
[20Jul2026 16:47:34.830] [main/DEBUG] [net.neoforged.fml.loading.FMLLoader/SCAN]: Adding Access Transformer in /var/opt/minecraft/crafty/crafty-4/servers/f208f13f-03b8-42f4-b07e-02f1dff6f964/mods/PuzzlesLib-v21.1.52-1.21.1-NeoForge.jar
[20Jul2026 16:47:34.830] [main/DEBUG] [AXFORM/AXFORM]: Loading access transformer accesstransformer.cfg
[20Jul2026 16:47:34.836] [main/DEBUG] [AXFORM/AXFORM]: Loaded access transformer accesstransformer.cfg
[20Jul2026 16:47:34.836] [main/DEBUG] [net.neoforged.fml.loading.FMLLoader/SCAN]: Adding Access Transformer in /var/opt/minecraft/crafty/crafty-4/servers/f208f13f-03b8-42f4-b07e-02f1dff6f964/mods/explosiveenhancement-neoforge-1.21.1-1.1.2.jar
[20Jul2026 16:47:34.836] [main/DEBUG] [AXFORM/AXFORM]: Loading access transformer accesstransformer.cfg
[20Jul2026 16:47:34.838] [main/DEBUG] [AXFORM/AXFORM]: Loaded access transformer accesstransformer.cfg
[20Jul2026 16:47:34.838] [main/DEBUG] [net.neoforged.fml.loading.FMLLoader/SCAN]: Adding Access Transformer in /var/opt/minecraft/crafty/crafty-4/servers/f208f13f-03b8-42f4-b07e-02f1dff6f964/mods/geckolib-neoforge-1.21.1-4.8.4.jar
[20Jul2026 16:47:34.838] [main/DEBUG] [AXFORM/AXFORM]: Loading access transformer accesstransformer-nf.cfg
[20Jul2026 16:47:34.839] [main/DEBUG] [AXFORM/AXFORM]: Loaded access transformer accesstransformer-nf.cfg
[20Jul2026 16:47:34.839] [main/DEBUG] [net.neoforged.fml.loading.FMLLoader/SCAN]: Adding Access Transformer in /var/opt/minecraft/crafty/crafty-4/servers/f208f13f-03b8-42f4-b07e-02f1dff6f964/mods/minersdelight-1.21.1-1.4.5.jar
[20Jul2026 16:47:34.839] [main/DEBUG] [AXFORM/AXFORM]: Loading access transformer accesstransformer.cfg
[20Jul2026 16:47:34.841] [main/DEBUG] [AXFORM/AXFORM]: Loaded access transformer accesstransformer.cfg
[20Jul2026 16:47:34.841] [main/DEBUG] [net.neoforged.fml.loading.FMLLoader/SCAN]: Adding Access Transformer in /var/opt/minecraft/crafty/crafty-4/servers/f208f13f-03b8-42f4-b07e-02f1dff6f964/mods/minersdelight-1.21.1-1.4.5.jar
[20Jul2026 16:47:34.841] [main/DEBUG] [AXFORM/AXFORM]: Loading access transformer blockproperties.cfg
[20Jul2026 16:47:34.842] [main/DEBUG] [AXFORM/AXFORM]: Loaded access transformer blockproperties.cfg
[20Jul2026 16:47:34.842] [main/DEBUG] [net.neoforged.fml.loading.FMLLoader/SCAN]: Adding Access Transformer in /var/opt/minecraft/crafty/crafty-4/servers/f208f13f-03b8-42f4-b07e-02f1dff6f964/mods/minersdelight-1.21.1-1.4.5.jar
[20Jul2026 16:47:34.842] [main/DEBUG] [AXFORM/AXFORM]: Loading access transformer recipebuilders.cfg
[20Jul2026 16:47:34.843] [main/DEBUG] [AXFORM/AXFORM]: Loaded access transformer recipebuilders.cfg
[20Jul2026 16:47:34.843] [main/DEBUG] [net.neoforged.fml.loading.FMLLoader/SCAN]: Adding Access Transformer in /var/opt/minecraft/crafty/crafty-4/servers/f208f13f-03b8-42f4-b07e-02f1dff6f964/mods/minersdelight-1.21.1-1.4.5.jar
[20Jul2026 16:47:34.843] [main/DEBUG] [AXFORM/AXFORM]: Loading access transformer renderstates.cfg
[20Jul2026 16:47:34.844] [main/DEBUG] [AXFORM/AXFORM]: Loaded access transformer renderstates.cfg
[20Jul2026 16:47:34.844] [main/DEBUG] [net.neoforged.fml.loading.FMLLoader/SCAN]: Adding Access Transformer in /var/opt/minecraft/crafty/crafty-4/servers/f208f13f-03b8-42f4-b07e-02f1dff6f964/mods/cerulean-neoforge-1.0.0-1.21.1.jar
[20Jul2026 16:47:34.844] [main/DEBUG] [AXFORM/AXFORM]: Loading access transformer accesstransformer.cfg
[20Jul2026 16:47:34.845] [main/DEBUG] [AXFORM/AXFORM]: Loaded access transformer accesstransformer.cfg
[20Jul2026 16:47:34.845] [main/DEBUG] [net.neoforged.fml.loading.FMLLoader/SCAN]: Adding Access Transformer in /var/opt/minecraft/crafty/crafty-4/servers/f208f13f-03b8-42f4-b07e-02f1dff6f964/mods/Placebo-1.21.1-9.9.1.jar
[20Jul2026 16:47:34.845] [main/DEBUG] [AXFORM/AXFORM]: Loading access transformer accesstransformer.cfg
[20Jul2026 16:47:34.846] [main/DEBUG] [AXFORM/AXFORM]: Loaded access transformer accesstransformer.cfg
[20Jul2026 16:47:34.846] [main/DEBUG] [net.neoforged.fml.loading.FMLLoader/SCAN]: Adding Access Transformer in /var/opt/minecraft/crafty/crafty-4/servers/f208f13f-03b8-42f4-b07e-02f1dff6f964/mods/CreateNumismatics-1.0.20+neoforge-mc1.21.1.jar
[20Jul2026 16:47:34.846] [main/DEBUG] [AXFORM/AXFORM]: Loading access transformer accesstransformer.cfg
[20Jul2026 16:47:34.847] [main/DEBUG] [AXFORM/AXFORM]: Loaded access transformer accesstransformer.cfg
[20Jul2026 16:47:34.847] [main/DEBUG] [net.neoforged.fml.loading.FMLLoader/SCAN]: Adding Access Transformer in 
[20Jul2026 16:47:34.847] [main/DEBUG] [AXFORM/AXFORM]: Loading access transformer accesstransformer.cfg
[20Jul2026 16:47:34.848] [main/DEBUG] [AXFORM/AXFORM]: Loaded access transformer accesstransformer.cfg
[20Jul2026 16:47:34.848] [main/DEBUG] [net.neoforged.fml.loading.FMLLoader/SCAN]: Adding Access Transformer in /var/opt/minecraft/crafty/crafty-4/servers/f208f13f-03b8-42f4-b07e-02f1dff6f964/mods/zfastnoise-1.0.11+2+1.21.1+neoforge.jar
[20Jul2026 16:47:34.848] [main/DEBUG] [AXFORM/AXFORM]: Loading access transformer accesstransformer.cfg
[20Jul2026 16:47:34.849] [main/DEBUG] [AXFORM/AXFORM]: Loaded access transformer accesstransformer.cfg
[20Jul2026 16:47:34.849] [main/DEBUG] [net.neoforged.fml.loading.FMLLoader/SCAN]: Adding Access Transformer in /var/opt/minecraft/crafty/crafty-4/servers/f208f13f-03b8-42f4-b07e-02f1dff6f964/mods/lithium-neoforge-0.15.3+mc1.21.1.jar
[20Jul2026 16:47:34.849] [main/DEBUG] [AXFORM/AXFORM]: Loading access transformer accesstransformer.cfg
[20Jul2026 16:47:34.850] [main/DEBUG] [AXFORM/AXFORM]: Loaded access transformer accesstransformer.cfg
[20Jul2026 16:47:34.850] [main/DEBUG] [net.neoforged.fml.loading.FMLLoader/SCAN]: Adding Access Transformer in 
[20Jul2026 16:47:34.851] [main/DEBUG] [AXFORM/AXFORM]: Loading access transformer accesstransformer.cfg
[20Jul2026 16:47:34.852] [main/DEBUG] [AXFORM/AXFORM]: Loaded access transformer accesstransformer.cfg
[20Jul2026 16:47:34.852] [main/DEBUG] [AXFORM/AXFORM]: Loading access transformer accesstransformer.cfg
[20Jul2026 16:47:34.852] [main/DEBUG] [net.neoforged.fml.loading.FMLLoader/SCAN]: Adding Access Transformer in /var/opt/minecraft/crafty/crafty-4/servers/f208f13f-03b8-42f4-b07e-02f1dff6f964/mods/emi_loot-0.7.9+1.21+neoforge.jar
[20Jul2026 16:47:34.853] [main/DEBUG] [AXFORM/AXFORM]: Loaded access transformer accesstransformer.cfg
[20Jul2026 16:47:34.853] [main/DEBUG] [AXFORM/AXFORM]: Loading access transformer accesstransformer.cfg
[20Jul2026 16:47:34.853] [main/DEBUG] [net.neoforged.fml.loading.FMLLoader/SCAN]: Adding Access Transformer in 
[20Jul2026 16:47:34.854] [main/DEBUG] [AXFORM/AXFORM]: Loaded access transformer accesstransformer.cfg
[20Jul2026 16:47:34.854] [main/DEBUG] [AXFORM/AXFORM]: Loading access transformer accesstransformer.cfg
[20Jul2026 16:47:34.854] [main/DEBUG] [net.neoforged.fml.loading.FMLLoader/SCAN]: Adding Access Transformer in /var/opt/minecraft/crafty/crafty-4/servers/f208f13f-03b8-42f4-b07e-02f1dff6f964/mods/konkrete_neoforge_1.9.9_MC_1.21.jar
[20Jul2026 16:47:34.855] [main/DEBUG] [AXFORM/AXFORM]: Loaded access transformer accesstransformer.cfg
[20Jul2026 16:47:34.855] [main/DEBUG] [net.neoforged.fml.loading.FMLLoader/SCAN]: Adding Access Transformer in /var/opt/minecraft/crafty/crafty-4/servers/f208f13f-03b8-42f4-b07e-02f1dff6f964/mods/create_connected-1.2.2-mc1.21.1.jar
[20Jul2026 16:47:34.855] [main/DEBUG] [AXFORM/AXFORM]: Loading access transformer accesstransformer.cfg
[20Jul2026 16:47:34.856] [main/DEBUG] [AXFORM/AXFORM]: Loaded access transformer accesstransformer.cfg
[20Jul2026 16:47:34.856] [main/DEBUG] [net.neoforged.fml.loading.FMLLoader/SCAN]: Adding Access Transformer in /var/opt/minecraft/crafty/crafty-4/servers/f208f13f-03b8-42f4-b07e-02f1dff6f964/mods/FarmersDelight-1.21.1-1.3.2.jar
[20Jul2026 16:47:34.856] [main/DEBUG] [AXFORM/AXFORM]: Loading access transformer accesstransformer.cfg
[20Jul2026 16:47:34.857] [main/DEBUG] [AXFORM/AXFORM]: Loaded access transformer accesstransformer.cfg
[20Jul2026 16:47:34.857] [main/DEBUG] [net.neoforged.fml.loading.FMLLoader/SCAN]: Adding Access Transformer in /var/opt/minecraft/crafty/crafty-4/servers/f208f13f-03b8-42f4-b07e-02f1dff6f964/mods/createframed-1.21.1-1.7.3.jar
[20Jul2026 16:47:34.857] [main/DEBUG] [AXFORM/AXFORM]: Loading access transformer accesstransformer.cfg
[20Jul2026 16:47:34.858] [main/DEBUG] [AXFORM/AXFORM]: Loaded access transformer accesstransformer.cfg
[20Jul2026 16:47:34.858] [main/DEBUG] [net.neoforged.fml.loading.FMLLoader/SCAN]: Adding Access Transformer in /var/opt/minecraft/crafty/crafty-4/servers/f208f13f-03b8-42f4-b07e-02f1dff6f964/mods/.connector/squaremap-fabric-mc1.21.1-1.3.2_mapped_moj_1.21.1.jar
[20Jul2026 16:47:34.858] [main/DEBUG] [AXFORM/AXFORM]: Loading access transformer accesstransformer.cfg
[20Jul2026 16:47:34.859] [main/DEBUG] [AXFORM/AXFORM]: Loaded access transformer accesstransformer.cfg
[20Jul2026 16:47:34.859] [main/DEBUG] [net.neoforged.fml.loading.FMLLoader/SCAN]: Adding Access Transformer in /var/opt/minecraft/crafty/crafty-4/servers/f208f13f-03b8-42f4-b07e-02f1dff6f964/mods/Chunky-NeoForge-1.4.23.jar
[20Jul2026 16:47:34.859] [main/DEBUG] [AXFORM/AXFORM]: Loading access transformer accesstransformer.cfg
[20Jul2026 16:47:34.859] [main/DEBUG] [AXFORM/AXFORM]: Loaded access transformer accesstransformer.cfg
[20Jul2026 16:47:34.859] [main/DEBUG] [net.neoforged.fml.loading.FMLLoader/SCAN]: Adding Access Transformer in /var/opt/minecraft/crafty/crafty-4/servers/f208f13f-03b8-42f4-b07e-02f1dff6f964/mods/bountiful-neoforge-8.0.0-beta.2.jar
[20Jul2026 16:47:34.859] [main/DEBUG] [AXFORM/AXFORM]: Loading access transformer accesstransformer.cfg
[20Jul2026 16:47:34.860] [main/DEBUG] [AXFORM/AXFORM]: Loaded access transformer accesstransformer.cfg
[20Jul2026 16:47:34.860] [main/DEBUG] [net.neoforged.fml.loading.FMLLoader/SCAN]: Adding Access Transformer in 
[20Jul2026 16:47:34.860] [main/DEBUG] [AXFORM/AXFORM]: Loading access transformer accesstransformer.cfg
[20Jul2026 16:47:34.861] [main/DEBUG] [AXFORM/AXFORM]: Loaded access transformer accesstransformer.cfg
[20Jul2026 16:47:34.861] [main/DEBUG] [net.neoforged.fml.loading.FMLLoader/SCAN]: Adding Access Transformer in /var/opt/minecraft/crafty/crafty-4/servers/f208f13f-03b8-42f4-b07e-02f1dff6f964/mods/collective-1.21.1-8.25.jar
[20Jul2026 16:47:34.861] [main/DEBUG] [AXFORM/AXFORM]: Loading access transformer accesstransformer.cfg
[20Jul2026 16:47:34.862] [main/DEBUG] [AXFORM/AXFORM]: Loaded access transformer accesstransformer.cfg
[20Jul2026 16:47:34.862] [main/DEBUG] [net.neoforged.fml.loading.FMLLoader/SCAN]: Adding Access Transformer in /var/opt/minecraft/crafty/crafty-4/servers/f208f13f-03b8-42f4-b07e-02f1dff6f964/mods/deeperdarker-neoforge-1.21.1-1.4.1.jar
[20Jul2026 16:47:34.862] [main/DEBUG] [AXFORM/AXFORM]: Loading access transformer accesstransformer.cfg
[20Jul2026 16:47:34.863] [main/DEBUG] [AXFORM/AXFORM]: Loaded access transformer accesstransformer.cfg
[20Jul2026 16:47:34.863] [main/DEBUG] [net.neoforged.fml.loading.FMLLoader/SCAN]: Adding Access Transformer in /var/opt/minecraft/crafty/crafty-4/servers/f208f13f-03b8-42f4-b07e-02f1dff6f964/mods/architectury-13.0.8-neoforge.jar
[20Jul2026 16:47:34.863] [main/DEBUG] [AXFORM/AXFORM]: Loading access transformer accesstransformer.cfg
[20Jul2026 16:47:34.866] [main/DEBUG] [AXFORM/AXFORM]: Loaded access transformer accesstransformer.cfg
[20Jul2026 16:47:34.866] [main/DEBUG] [net.neoforged.fml.loading.FMLLoader/SCAN]: Adding Access Transformer in /var/opt/minecraft/crafty/crafty-4/servers/f208f13f-03b8-42f4-b07e-02f1dff6f964/mods/Not Enough Recipe Book-NEOFORGE-0.4.3+1.21.jar
[20Jul2026 16:47:34.866] [main/DEBUG] [AXFORM/AXFORM]: Loading access transformer accesstransformer.cfg
[20Jul2026 16:47:34.867] [main/DEBUG] [AXFORM/AXFORM]: Loaded access transformer accesstransformer.cfg
[20Jul2026 16:47:34.867] [main/DEBUG] [net.neoforged.fml.loading.FMLLoader/SCAN]: Adding Access Transformer in 
[20Jul2026 16:47:34.867] [main/DEBUG] [AXFORM/AXFORM]: Loading access transformer accesstransformer.cfg
[20Jul2026 16:47:34.868] [main/DEBUG] [AXFORM/AXFORM]: Loaded access transformer accesstransformer.cfg
[20Jul2026 16:47:34.868] [main/DEBUG] [net.neoforged.fml.loading.FMLLoader/SCAN]: Adding Access Transformer in /var/opt/minecraft/crafty/crafty-4/servers/f208f13f-03b8-42f4-b07e-02f1dff6f964/mods/AI-Improvements-1.21-0.5.3.jar
[20Jul2026 16:47:34.868] [main/DEBUG] [AXFORM/AXFORM]: Loading access transformer accesstransformer.cfg
[20Jul2026 16:47:34.869] [main/DEBUG] [AXFORM/AXFORM]: Loaded access transformer accesstransformer.cfg
[20Jul2026 16:47:34.869] [main/DEBUG] [net.neoforged.fml.loading.FMLLoader/SCAN]: Adding Access Transformer in 
[20Jul2026 16:47:34.869] [main/DEBUG] [AXFORM/AXFORM]: Loading access transformer accesstransformer.cfg
[20Jul2026 16:47:34.870] [main/DEBUG] [AXFORM/AXFORM]: Loaded access transformer accesstransformer.cfg
[20Jul2026 16:47:34.870] [main/DEBUG] [AXFORM/AXFORM]: Loading access transformer accesstransformer.cfg
[20Jul2026 16:47:34.870] [main/DEBUG] [net.neoforged.fml.loading.FMLLoader/SCAN]: Adding Access Transformer in /var/opt/minecraft/crafty/crafty-4/servers/f208f13f-03b8-42f4-b07e-02f1dff6f964/mods/letmedespawn-1.21.x-neoforge-1.5.0.jar
[20Jul2026 16:47:34.871] [main/DEBUG] [AXFORM/AXFORM]: Loaded access transformer accesstransformer.cfg
[20Jul2026 16:47:34.871] [main/DEBUG] [net.neoforged.fml.loading.FMLLoader/SCAN]: Adding Access Transformer in 
[20Jul2026 16:47:34.871] [main/DEBUG] [AXFORM/AXFORM]: Loading access transformer accesstransformer.cfg
[20Jul2026 16:47:34.872] [main/DEBUG] [AXFORM/AXFORM]: Loaded access transformer accesstransformer.cfg
[20Jul2026 16:47:34.872] [main/DEBUG] [net.neoforged.fml.loading.FMLLoader/SCAN]: Adding Access Transformer in 
[20Jul2026 16:47:34.872] [main/DEBUG] [AXFORM/AXFORM]: Loading access transformer accesstransformer.cfg
[20Jul2026 16:47:34.873] [main/DEBUG] [AXFORM/AXFORM]: Loaded access transformer accesstransformer.cfg
[20Jul2026 16:47:34.873] [main/DEBUG] [net.neoforged.fml.loading.FMLLoader/SCAN]: Adding Access Transformer in /var/opt/minecraft/crafty/crafty-4/servers/f208f13f-03b8-42f4-b07e-02f1dff6f964/mods/amendments-1.21-2.0.15-neoforge.jar
[20Jul2026 16:47:34.873] [main/DEBUG] [AXFORM/AXFORM]: Loading access transformer accesstransformer.cfg
[20Jul2026 16:47:34.874] [main/DEBUG] [AXFORM/AXFORM]: Loaded access transformer accesstransformer.cfg
[20Jul2026 16:47:34.874] [main/DEBUG] [net.neoforged.fml.loading.FMLLoader/SCAN]: Adding Access Transformer in /var/opt/minecraft/crafty/crafty-4/servers/f208f13f-03b8-42f4-b07e-02f1dff6f964/mods/copycats-3.0.4+mc.1.21.1-neoforge.jar
[20Jul2026 16:47:34.874] [main/DEBUG] [AXFORM/AXFORM]: Loading access transformer accesstransformer.cfg
[20Jul2026 16:47:34.875] [main/DEBUG] [AXFORM/AXFORM]: Loaded access transformer accesstransformer.cfg
[20Jul2026 16:47:34.875] [main/DEBUG] [net.neoforged.fml.loading.FMLLoader/SCAN]: Adding Access Transformer in 
[20Jul2026 16:47:34.875] [main/DEBUG] [AXFORM/AXFORM]: Loading access transformer accesstransformer.cfg
[20Jul2026 16:47:34.876] [main/DEBUG] [AXFORM/AXFORM]: Loaded access transformer accesstransformer.cfg
[20Jul2026 16:47:34.876] [main/DEBUG] [net.neoforged.fml.loading.FMLLoader/SCAN]: Adding Access Transformer in /var/opt/minecraft/crafty/crafty-4/servers/f208f13f-03b8-42f4-b07e-02f1dff6f964/mods/create-1.21.1-6.0.10.jar
[20Jul2026 16:47:34.876] [main/DEBUG] [AXFORM/AXFORM]: Loading access transformer accesstransformer.cfg
[20Jul2026 16:47:34.877] [main/DEBUG] [AXFORM/AXFORM]: Loaded access transformer accesstransformer.cfg
[20Jul2026 16:47:34.877] [main/DEBUG] [net.neoforged.fml.loading.FMLLoader/SCAN]: Adding Access Transformer in /var/opt/minecraft/crafty/crafty-4/servers/f208f13f-03b8-42f4-b07e-02f1dff6f964/mods/Create Encased-1.21.1-1.8.1-ht1.jar
[20Jul2026 16:47:34.877] [main/DEBUG] [AXFORM/AXFORM]: Loading access transformer accesstransformer.cfg
[20Jul2026 16:47:34.878] [main/DEBUG] [AXFORM/AXFORM]: Loaded access transformer accesstransformer.cfg
[20Jul2026 16:47:34.878] [main/DEBUG] [net.neoforged.fml.loading.FMLLoader/SCAN]: Adding Access Transformer in /var/opt/minecraft/crafty/crafty-4/servers/f208f13f-03b8-42f4-b07e-02f1dff6f964/mods/createprism-1.2.2.jar
[20Jul2026 16:47:34.878] [main/DEBUG] [AXFORM/AXFORM]: Loading access transformer accesstransformer.cfg
[20Jul2026 16:47:34.878] [main/DEBUG] [AXFORM/AXFORM]: Loaded access transformer accesstransformer.cfg
[20Jul2026 16:47:34.878] [main/DEBUG] [net.neoforged.fml.loading.FMLLoader/SCAN]: Adding Access Transformer in /var/opt/minecraft/crafty/crafty-4/servers/f208f13f-03b8-42f4-b07e-02f1dff6f964/mods/alloyed-3.0.7+1.21.1-neoforge.jar
[20Jul2026 16:47:34.878] [main/DEBUG] [AXFORM/AXFORM]: Loading access transformer accesstransformer.cfg
[20Jul2026 16:47:34.879] [main/DEBUG] [AXFORM/AXFORM]: Loaded access transformer accesstransformer.cfg
[20Jul2026 16:47:34.879] [main/DEBUG] [net.neoforged.fml.loading.FMLLoader/SCAN]: Adding Access Transformer in /var/opt/minecraft/crafty/crafty-4/servers/f208f13f-03b8-42f4-b07e-02f1dff6f964/mods/sable-neoforge-1.21.1-2.0.3.jar
[20Jul2026 16:47:34.879] [main/DEBUG] [AXFORM/AXFORM]: Loading access transformer accesstransformer.cfg
[20Jul2026 16:47:34.881] [main/DEBUG] [AXFORM/AXFORM]: Loaded access transformer accesstransformer.cfg
[20Jul2026 16:47:34.881] [main/DEBUG] [net.neoforged.fml.loading.FMLLoader/SCAN]: Adding Access Transformer in /var/opt/minecraft/crafty/crafty-4/servers/f208f13f-03b8-42f4-b07e-02f1dff6f964/mods/CreateDragonsPlus-1.11.2b.jar
[20Jul2026 16:47:34.881] [main/DEBUG] [AXFORM/AXFORM]: Loading access transformer accesstransformer.cfg
[20Jul2026 16:47:34.881] [main/DEBUG] [AXFORM/AXFORM]: Loaded access transformer accesstransformer.cfg
[20Jul2026 16:47:34.881] [main/DEBUG] [net.neoforged.fml.loading.FMLLoader/SCAN]: Adding Access Transformer in /var/opt/minecraft/crafty/crafty-4/servers/f208f13f-03b8-42f4-b07e-02f1dff6f964/mods/FastSuite-1.21.1-6.0.7.jar
[20Jul2026 16:47:34.881] [main/DEBUG] [AXFORM/AXFORM]: Loading access transformer accesstransformer.cfg
[20Jul2026 16:47:34.882] [main/DEBUG] [AXFORM/AXFORM]: Loaded access transformer accesstransformer.cfg
[20Jul2026 16:47:34.882] [main/DEBUG] [net.neoforged.fml.loading.FMLLoader/SCAN]: Adding Access Transformer in /var/opt/minecraft/crafty/crafty-4/servers/f208f13f-03b8-42f4-b07e-02f1dff6f964/mods/DistantHorizons-2.4.5-b-1.21.1-fabric-neoforge.jar
[20Jul2026 16:47:34.882] [main/DEBUG] [AXFORM/AXFORM]: Loading access transformer accesstransformer.cfg
[20Jul2026 16:47:34.883] [main/DEBUG] [AXFORM/AXFORM]: Loaded access transformer accesstransformer.cfg
[20Jul2026 16:47:34.883] [main/DEBUG] [AXFORM/AXFORM]: Loading access transformer accesstransformer.cfg
[20Jul2026 16:47:34.883] [main/DEBUG] [net.neoforged.fml.loading.FMLLoader/SCAN]: Adding Access Transformer in /var/opt/minecraft/crafty/crafty-4/servers/f208f13f-03b8-42f4-b07e-02f1dff6f964/mods/iChunUtil-1.21-NeoForge-1.0.3.jar
[20Jul2026 16:47:34.884] [main/DEBUG] [AXFORM/AXFORM]: Loaded access transformer accesstransformer.cfg
[20Jul2026 16:47:34.884] [main/DEBUG] [net.neoforged.fml.loading.FMLLoader/SCAN]: Adding Access Transformer in /var/opt/minecraft/crafty/crafty-4/servers/f208f13f-03b8-42f4-b07e-02f1dff6f964/mods/txnilib-neoforge-1.0.24-1.21.1.jar
[20Jul2026 16:47:34.884] [main/DEBUG] [AXFORM/AXFORM]: Loading access transformer accesstransformer.cfg
[20Jul2026 16:47:34.885] [main/DEBUG] [AXFORM/AXFORM]: Loaded access transformer accesstransformer.cfg
[20Jul2026 16:47:34.885] [main/DEBUG] [net.neoforged.fml.loading.FMLLoader/SCAN]: Adding Access Transformer in /var/opt/minecraft/crafty/crafty-4/servers/f208f13f-03b8-42f4-b07e-02f1dff6f964/mods/CutThrough-v21.1.0-1.21.1-NeoForge.jar
[20Jul2026 16:47:34.885] [main/DEBUG] [AXFORM/AXFORM]: Loading access transformer accesstransformer.cfg
[20Jul2026 16:47:34.886] [main/DEBUG] [AXFORM/AXFORM]: Loaded access transformer accesstransformer.cfg
[20Jul2026 16:47:34.886] [main/DEBUG] [net.neoforged.fml.loading.FMLLoader/SCAN]: Adding Access Transformer in 
[20Jul2026 16:47:34.887] [main/DEBUG] [AXFORM/AXFORM]: Loading access transformer accesstransformer.cfg
[20Jul2026 16:47:34.889] [main/DEBUG] [AXFORM/AXFORM]: Loaded access transformer accesstransformer.cfg
[20Jul2026 16:47:34.889] [main/DEBUG] [net.neoforged.fml.loading.FMLLoader/SCAN]: Adding Access Transformer in /var/opt/minecraft/crafty/crafty-4/servers/f208f13f-03b8-42f4-b07e-02f1dff6f964/mods/moonlight-neoforge-1.21.1-3.0.17.jar
[20Jul2026 16:47:34.889] [main/DEBUG] [AXFORM/AXFORM]: Loading access transformer accesstransformer.cfg
[20Jul2026 16:47:34.891] [main/DEBUG] [AXFORM/AXFORM]: Loaded access transformer accesstransformer.cfg
[20Jul2026 16:47:34.891] [main/DEBUG] [net.neoforged.fml.loading.FMLLoader/SCAN]: Adding Access Transformer in /var/opt/minecraft/crafty/crafty-4/servers/f208f13f-03b8-42f4-b07e-02f1dff6f964/mods/regions-unexplored-0.6.1-neoforge-21.1.jar
[20Jul2026 16:47:34.891] [main/DEBUG] [AXFORM/AXFORM]: Loading access transformer accesstransformer.cfg
[20Jul2026 16:47:34.892] [main/DEBUG] [AXFORM/AXFORM]: Loaded access transformer accesstransformer.cfg
[20Jul2026 16:47:34.892] [main/DEBUG] [net.neoforged.fml.loading.FMLLoader/SCAN]: Adding Access Transformer in /var/opt/minecraft/crafty/crafty-4/servers/f208f13f-03b8-42f4-b07e-02f1dff6f964/mods/Jade-1.21.1-NeoForge-15.10.5.jar
[20Jul2026 16:47:34.892] [main/DEBUG] [AXFORM/AXFORM]: Loading access transformer accesstransformer.cfg
[20Jul2026 16:47:34.893] [main/DEBUG] [AXFORM/AXFORM]: Loaded access transformer accesstransformer.cfg
[20Jul2026 16:47:34.893] [main/DEBUG] [net.neoforged.fml.loading.FMLLoader/SCAN]: Adding Access Transformer in /var/opt/minecraft/crafty/crafty-4/servers/f208f13f-03b8-42f4-b07e-02f1dff6f964/mods/Platform-neoforge-1.21.1-1.3.3.jar
[20Jul2026 16:47:34.893] [main/DEBUG] [AXFORM/AXFORM]: Loading access transformer accesstransformer.cfg
[20Jul2026 16:47:34.894] [main/DEBUG] [AXFORM/AXFORM]: Loaded access transformer accesstransformer.cfg
[20Jul2026 16:47:34.894] [main/DEBUG] [net.neoforged.fml.loading.FMLLoader/SCAN]: Adding Access Transformer in /var/opt/minecraft/crafty/crafty-4/servers/f208f13f-03b8-42f4-b07e-02f1dff6f964/mods/fxntstorage-1.2.7+mc-1.21.1-neoforge.jar
[20Jul2026 16:47:34.894] [main/DEBUG] [AXFORM/AXFORM]: Loading access transformer accesstransformer.cfg
[20Jul2026 16:47:34.895] [main/DEBUG] [AXFORM/AXFORM]: Loaded access transformer accesstransformer.cfg
[20Jul2026 16:47:34.895] [main/DEBUG] [net.neoforged.fml.loading.FMLLoader/SCAN]: Adding Access Transformer in /var/opt/minecraft/crafty/crafty-4/servers/f208f13f-03b8-42f4-b07e-02f1dff6f964/mods/Quark-4.1-480.jar
[20Jul2026 16:47:34.896] [main/DEBUG] [AXFORM/AXFORM]: Loading access transformer accesstransformer.cfg
[20Jul2026 16:47:34.897] [main/DEBUG] [AXFORM/AXFORM]: Loaded access transformer accesstransformer.cfg
[20Jul2026 16:47:34.897] [main/DEBUG] [AXFORM/AXFORM]: Loading access transformer accesstransformer.cfg
[20Jul2026 16:47:34.897] [main/DEBUG] [net.neoforged.fml.loading.FMLLoader/SCAN]: Adding Access Transformer in 
[20Jul2026 16:47:34.898] [main/DEBUG] [AXFORM/AXFORM]: Loaded access transformer accesstransformer.cfg
[20Jul2026 16:47:34.898] [main/DEBUG] [net.neoforged.fml.loading.FMLLoader/SCAN]: Adding Access Transformer in 
[20Jul2026 16:47:34.898] [main/DEBUG] [AXFORM/AXFORM]: Loading access transformer accesstransformer.cfg
[20Jul2026 16:47:34.899] [main/DEBUG] [AXFORM/AXFORM]: Loaded access transformer accesstransformer.cfg
[20Jul2026 16:47:34.899] [main/DEBUG] [net.neoforged.fml.loading.FMLLoader/SCAN]: Adding Access Transformer in 
[20Jul2026 16:47:34.899] [main/DEBUG] [AXFORM/AXFORM]: Loading access transformer accesstransformer.cfg
[20Jul2026 16:47:34.901] [main/DEBUG] [AXFORM/AXFORM]: Loaded access transformer accesstransformer.cfg
[20Jul2026 16:47:34.901] [main/DEBUG] [net.neoforged.fml.loading.FMLLoader/SCAN]: Adding Access Transformer in /var/opt/minecraft/crafty/crafty-4/servers/f208f13f-03b8-42f4-b07e-02f1dff6f964/mods/coroutil-neoforge-1.21.0-1.3.8.jar
[20Jul2026 16:47:34.901] [main/DEBUG] [AXFORM/AXFORM]: Loading access transformer accesstransformer.cfg
[20Jul2026 16:47:34.902] [main/DEBUG] [AXFORM/AXFORM]: Loaded access transformer accesstransformer.cfg
[20Jul2026 16:47:34.902] [main/DEBUG] [net.neoforged.fml.loading.FMLLoader/SCAN]: Adding Access Transformer in /var/opt/minecraft/crafty/crafty-4/servers/f208f13f-03b8-42f4-b07e-02f1dff6f964/mods/create_submarine-2.1.6.jar
[20Jul2026 16:47:34.902] [main/DEBUG] [AXFORM/AXFORM]: Loading access transformer accesstransformer.cfg
[20Jul2026 16:47:34.903] [main/DEBUG] [AXFORM/AXFORM]: Loaded access transformer accesstransformer.cfg
[20Jul2026 16:47:34.903] [main/DEBUG] [net.neoforged.fml.loading.FMLLoader/SCAN]: Adding Access Transformer in /var/opt/minecraft/crafty/crafty-4/servers/f208f13f-03b8-42f4-b07e-02f1dff6f964/mods/yet_another_config_lib_v3-3.8.2+1.21.1-neoforge.jar
[20Jul2026 16:47:34.903] [main/DEBUG] [AXFORM/AXFORM]: Loading access transformer accesstransformer.cfg
[20Jul2026 16:47:34.904] [main/DEBUG] [AXFORM/AXFORM]: Loaded access transformer accesstransformer.cfg
[20Jul2026 16:47:34.904] [main/DEBUG] [net.neoforged.fml.loading.FMLLoader/SCAN]: Adding Access Transformer in /var/opt/minecraft/crafty/crafty-4/servers/f208f13f-03b8-42f4-b07e-02f1dff6f964/mods/lodestone-1.21.1-1.8.2.jar
[20Jul2026 16:47:34.904] [main/DEBUG] [AXFORM/AXFORM]: Loading access transformer blockproperties.cfg
[20Jul2026 16:47:34.906] [main/DEBUG] [AXFORM/AXFORM]: Loaded access transformer blockproperties.cfg
[20Jul2026 16:47:34.906] [main/DEBUG] [net.neoforged.fml.loading.FMLLoader/SCAN]: Adding Access Transformer in /var/opt/minecraft/crafty/crafty-4/servers/f208f13f-03b8-42f4-b07e-02f1dff6f964/mods/lodestone-1.21.1-1.8.2.jar
[20Jul2026 16:47:34.906] [main/DEBUG] [AXFORM/AXFORM]: Loading access transformer miscellaneous.cfg
[20Jul2026 16:47:34.907] [main/DEBUG] [AXFORM/AXFORM]: Loaded access transformer miscellaneous.cfg
[20Jul2026 16:47:34.907] [main/DEBUG] [net.neoforged.fml.loading.FMLLoader/SCAN]: Adding Access Transformer in /var/opt/minecraft/crafty/crafty-4/servers/f208f13f-03b8-42f4-b07e-02f1dff6f964/mods/lodestone-1.21.1-1.8.2.jar
[20Jul2026 16:47:34.907] [main/DEBUG] [AXFORM/AXFORM]: Loading access transformer recipebuilders.cfg
[20Jul2026 16:47:34.908] [main/DEBUG] [AXFORM/AXFORM]: Loaded access transformer recipebuilders.cfg
[20Jul2026 16:47:34.908] [main/DEBUG] [net.neoforged.fml.loading.FMLLoader/SCAN]: Adding Access Transformer in /var/opt/minecraft/crafty/crafty-4/servers/f208f13f-03b8-42f4-b07e-02f1dff6f964/mods/lodestone-1.21.1-1.8.2.jar
[20Jul2026 16:47:34.908] [main/DEBUG] [AXFORM/AXFORM]: Loading access transformer rendering.cfg
[20Jul2026 16:47:34.909] [main/DEBUG] [AXFORM/AXFORM]: Loaded access transformer rendering.cfg
[20Jul2026 16:47:34.909] [main/DEBUG] [net.neoforged.fml.loading.FMLLoader/SCAN]: Adding Access Transformer in /var/opt/minecraft/crafty/crafty-4/servers/f208f13f-03b8-42f4-b07e-02f1dff6f964/mods/lodestone-1.21.1-1.8.2.jar
[20Jul2026 16:47:34.909] [main/DEBUG] [AXFORM/AXFORM]: Loading access transformer renderstates.cfg
[20Jul2026 16:47:34.910] [main/DEBUG] [AXFORM/AXFORM]: Loaded access transformer renderstates.cfg
[20Jul2026 16:47:34.910] [main/DEBUG] [net.neoforged.fml.loading.FMLLoader/SCAN]: Adding Access Transformer in /var/opt/minecraft/crafty/crafty-4/servers/f208f13f-03b8-42f4-b07e-02f1dff6f964/mods/create-enchantment-industry-2.4.2.jar
[20Jul2026 16:47:34.910] [main/DEBUG] [AXFORM/AXFORM]: Loading access transformer accesstransformer.cfg
[20Jul2026 16:47:34.912] [main/DEBUG] [AXFORM/AXFORM]: Loaded access transformer accesstransformer.cfg
[20Jul2026 16:47:34.912] [main/DEBUG] [net.neoforged.fml.loading.FMLLoader/SCAN]: Adding Access Transformer in 
[20Jul2026 16:47:34.912] [main/DEBUG] [AXFORM/AXFORM]: Loading access transformer accesstransformer.cfg
[20Jul2026 16:47:34.915] [main/DEBUG] [AXFORM/AXFORM]: Loaded access transformer accesstransformer.cfg
[20Jul2026 16:47:34.916] [main/DEBUG] [mixin/]: Adding mixin platform agents for container net.neoforged.fml.loading.mixin.FMLMixinContainerHandle@70cd122
[20Jul2026 16:47:34.916] [main/DEBUG] [mixin/]: Instancing new MixinPlatformAgentMinecraftForge for net.neoforged.fml.loading.mixin.FMLMixinContainerHandle@70cd122
[20Jul2026 16:47:34.916] [main/DEBUG] [mixin/]: MixinPlatformAgentMinecraftForge rejected container net.neoforged.fml.loading.mixin.FMLMixinContainerHandle@70cd122
[20Jul2026 16:47:34.916] [main/DEBUG] [mixin/]: Instancing new MixinPlatformAgentDefault for net.neoforged.fml.loading.mixin.FMLMixinContainerHandle@70cd122
[20Jul2026 16:47:34.916] [main/DEBUG] [mixin/]: MixinPlatformAgentDefault accepted container net.neoforged.fml.loading.mixin.FMLMixinContainerHandle@70cd122
[20Jul2026 16:47:34.916] [main/DEBUG] [mixin/]: Instancing new FMLMixinPlatformAgent for net.neoforged.fml.loading.mixin.FMLMixinContainerHandle@70cd122
[20Jul2026 16:47:34.916] [main/DEBUG] [mixin/]: FMLMixinPlatformAgent accepted container net.neoforged.fml.loading.mixin.FMLMixinContainerHandle@70cd122
[20Jul2026 16:47:34.917] [main/DEBUG] [net.neoforged.fml.loading.LoadingModList/]: Mixin config lootr-neoforge-digsite_workshop.mixins.json for mod lootr not applied as required mods are missing
[20Jul2026 16:47:34.917] [main/DEBUG] [net.neoforged.fml.loading.LoadingModList/]: Mixin config aeroworks-drivebywire.mixins.json for mod aeroworks not applied as required mods are missing
[20Jul2026 16:47:34.930] [main/DEBUG] [org.sinytra.connector.service.ConnectorLoaderService/]: Making PLUGIN modules read connector
[20Jul2026 16:47:34.933] [main/DEBUG] [org.sinytra.connector.service.hacks.ModuleLayerMigrator/]: Attempting to make module authlib transformable
[20Jul2026 16:47:34.934] [main/INFO] [org.sinytra.connector.service.hacks.ModuleLayerMigrator/]: Successfully made module authlib transformable
[20Jul2026 16:47:34.934] [main/DEBUG] [org.sinytra.connector.service.hacks.ModuleLayerMigrator/]: Attempting to make module brigadier transformable
[20Jul2026 16:47:34.934] [main/INFO] [org.sinytra.connector.service.hacks.ModuleLayerMigrator/]: Successfully made module brigadier transformable
[20Jul2026 16:47:34.935] [main/DEBUG] [cpw.mods.modlauncher.TransformationServicesHandler/MODLAUNCHER]: Transformation services loading transformers
[20Jul2026 16:47:34.935] [main/DEBUG] [cpw.mods.modlauncher.TransformationServiceDecorator/MODLAUNCHER]: Initializing transformers for transformation service mixin
[20Jul2026 16:47:34.936] [main/DEBUG] [cpw.mods.modlauncher.TransformationServiceDecorator/MODLAUNCHER]: Initialized transformers for transformation service mixin
[20Jul2026 16:47:34.936] [main/DEBUG] [cpw.mods.modlauncher.TransformationServiceDecorator/MODLAUNCHER]: Initializing transformers for transformation service fml
[20Jul2026 16:47:34.936] [main/DEBUG] [net.neoforged.fml.loading.FMLServiceProvider/LOADING]: Loading coremod transformers
[20Jul2026 16:47:34.936] [main/INFO] [net.neoforged.fml.loading.FMLServiceProvider/CORE]: Loading coremod script-engine for [xaerominimap, xaeroworldmap]
[20Jul2026 16:47:34.938] [main/DEBUG] [net.neoforged.fml.loading.CoreModScriptLoader/CORE]: Loading coremod scripts
[20Jul2026 16:47:35.337] [main/DEBUG] [net.neoforged.coremod.CoreModScriptingEngine/COREMOD]: Loading CoreMod from META-INF/xaerohud_core.js
[20Jul2026 16:47:35.559] [main/DEBUG] [net.neoforged.coremod.CoreModScriptingEngine/COREMOD]: CoreMod loaded successfully
[20Jul2026 16:47:35.559] [main/DEBUG] [net.neoforged.coremod.CoreModScriptingEngine/COREMOD]: Loading CoreMod from META-INF/xaerohud_platform_core.js
[20Jul2026 16:47:35.580] [main/DEBUG] [net.neoforged.coremod.CoreModScriptingEngine/COREMOD]: CoreMod loaded successfully
[20Jul2026 16:47:35.580] [main/DEBUG] [net.neoforged.coremod.CoreModScriptingEngine/COREMOD]: Loading CoreMod from META-INF/xaeroworldmap_core.js
[20Jul2026 16:47:35.608] [main/DEBUG] [net.neoforged.coremod.CoreModScriptingEngine/COREMOD]: CoreMod loaded successfully
[20Jul2026 16:47:35.609] [main/DEBUG] [net.neoforged.coremod.CoreModScriptingEngine/COREMOD]: Loading CoreMod from META-INF/xaeroworldmap_platform_core.js
[20Jul2026 16:47:35.617] [main/DEBUG] [net.neoforged.coremod.CoreModScriptingEngine/COREMOD]: CoreMod loaded successfully
[20Jul2026 16:47:35.620] [main/DEBUG] [net.neoforged.fml.util.ServiceLoaderUtil/CORE]: Found 2 implementations of ICoreMod:
[20Jul2026 16:47:35.620] [main/DEBUG] [net.neoforged.fml.util.ServiceLoaderUtil/CORE]: 	net.neoforged.neoforge.coremods.NeoForgeCoreMod from neoforge-21.1.233-universal.jar > net.neoforged.neoforge-coremods-21.1.233.jar
[20Jul2026 16:47:35.620] [main/DEBUG] [net.neoforged.fml.util.ServiceLoaderUtil/CORE]: 	org.sinytra.connector.ConnectorCoremods from connector-2.0.0-beta.14+1.21.1-full.jar
[20Jul2026 16:47:35.622] [main/DEBUG] [net.neoforged.fml.loading.FMLServiceProvider/CORE]: Adding [Target[className=net.minecraft.world.level.biome.Biome, elementName=, elementDescriptor=, targetType=cpw.mods.modlauncher.api.TargetType@29526c05]] transformer from core-mod net.neoforged.neoforge.coremods.NeoForgeCoreMod@43cc7951 in neoforge-21.1.233-universal.jar > net.neoforged.neoforge-coremods-21.1.233.jar
[20Jul2026 16:47:35.622] [main/DEBUG] [net.neoforged.fml.loading.FMLServiceProvider/CORE]: Adding [Target[className=net.minecraft.world.level.levelgen.structure.Structure, elementName=, elementDescriptor=, targetType=cpw.mods.modlauncher.api.TargetType@29526c05]] transformer from core-mod net.neoforged.neoforge.coremods.NeoForgeCoreMod@43cc7951 in neoforge-21.1.233-universal.jar > net.neoforged.neoforge-coremods-21.1.233.jar
[20Jul2026 16:47:35.622] [main/DEBUG] [net.neoforged.fml.loading.FMLServiceProvider/CORE]: Adding [Target[className=net.minecraft.world.level.block.FlowerPotBlock, elementName=, elementDescriptor=, targetType=cpw.mods.modlauncher.api.TargetType@29526c05]] transformer from core-mod net.neoforged.neoforge.coremods.NeoForgeCoreMod@43cc7951 in neoforge-21.1.233-universal.jar > net.neoforged.neoforge-coremods-21.1.233.jar
[20Jul2026 16:47:35.622] [main/DEBUG] [net.neoforged.fml.loading.FMLServiceProvider/CORE]: Adding [Target[className=net/minecraft/world/entity/monster/Spider, elementName=, elementDescriptor=, targetType=cpw.mods.modlauncher.api.TargetType@29526c05], Target[className=net/minecraft/world/entity/npc/Villager, elementName=, elementDescriptor=, targetType=cpw.mods.modlauncher.api.TargetType@29526c05], Target[className=net/minecraft/world/entity/npc/CatSpawner, elementName=, elementDescriptor=, targetType=cpw.mods.modlauncher.api.TargetType@29526c05], Target[className=net/minecraft/world/level/levelgen/PhantomSpawner, elementName=, elementDescriptor=, targetType=cpw.mods.modlauncher.api.TargetType@29526c05], Target[className=net/minecraft/server/commands/SummonCommand, elementName=, elementDescriptor=, targetType=cpw.mods.modlauncher.api.TargetType@29526c05], Target[className=net/minecraft/world/entity/monster/Strider, elementName=, elementDescriptor=, targetType=cpw.mods.modlauncher.api.TargetType@29526c05], Target[className=net/minecraft/world/entity/EntityType, elementName=, elementDescriptor=, targetType=cpw.mods.modlauncher.api.TargetType@29526c05], Target[className=net/minecraft/world/entity/animal/horse/SkeletonTrapGoal, elementName=, elementDescriptor=, targetType=cpw.mods.modlauncher.api.TargetType@29526c05], Target[className=net/minecraft/world/entity/animal/frog/Tadpole, elementName=, elementDescriptor=, targetType=cpw.mods.modlauncher.api.TargetType@29526c05], Target[className=net/minecraft/world/entity/monster/Evoker$EvokerSummonSpellGoal, elementName=, elementDescriptor=, targetType=cpw.mods.modlauncher.api.TargetType@29526c05], Target[className=net/minecraft/world/level/levelgen/structure/structures/SwampHutPiece, elementName=, elementDescriptor=, targetType=cpw.mods.modlauncher.api.TargetType@29526c05], Target[className=net/minecraft/world/entity/ai/village/VillageSiege, elementName=, elementDescriptor=, targetType=cpw.mods.modlauncher.api.TargetType@29526c05], Target[className=net/minecraft/world/level/levelgen/structure/templatesystem/StructureTemplate, elementName=, elementDescriptor=, targetType=cpw.mods.modlauncher.api.TargetType@29526c05], Target[className=net/minecraft/world/level/levelgen/structure/structures/OceanRuinPieces$OceanRuinPiece, elementName=, elementDescriptor=, targetType=cpw.mods.modlauncher.api.TargetType@29526c05], Target[className=net/minecraft/world/level/levelgen/PatrolSpawner, elementName=, elementDescriptor=, targetType=cpw.mods.modlauncher.api.TargetType@29526c05], Target[className=net/minecraft/world/entity/monster/ZombieVillager, elementName=, elementDescriptor=, targetType=cpw.mods.modlauncher.api.TargetType@29526c05], Target[className=net/minecraft/server/commands/RaidCommand, elementName=, elementDescriptor=, targetType=cpw.mods.modlauncher.api.TargetType@29526c05], Target[className=net/minecraft/world/level/levelgen/structure/structures/WoodlandMansionPieces$WoodlandMansionPiece, elementName=, elementDescriptor=, targetType=cpw.mods.modlauncher.api.TargetType@29526c05], Target[className=net/minecraft/world/level/levelgen/structure/structures/OceanMonumentPieces$OceanMonumentPiece, elementName=, elementDescriptor=, targetType=cpw.mods.modlauncher.api.TargetType@29526c05], Target[className=net/minecraft/world/entity/raid/Raid, elementName=, elementDescriptor=, targetType=cpw.mods.modlauncher.api.TargetType@29526c05], Target[className=net/minecraft/world/level/NaturalSpawner, elementName=, elementDescriptor=, targetType=cpw.mods.modlauncher.api.TargetType@29526c05], Target[className=net/minecraft/world/entity/monster/Zombie, elementName=, elementDescriptor=, targetType=cpw.mods.modlauncher.api.TargetType@29526c05]] transformer from core-mod net.neoforged.neoforge.coremods.NeoForgeCoreMod@43cc7951 in neoforge-21.1.233-universal.jar > net.neoforged.neoforge-coremods-21.1.233.jar
[20Jul2026 16:47:35.623] [main/DEBUG] [net.neoforged.fml.loading.FMLServiceProvider/CORE]: Adding [Target[className=net.minecraft.client.KeyMapping, elementName=, elementDescriptor=, targetType=cpw.mods.modlauncher.api.TargetType@29526c05]] transformer from core-mod org.sinytra.connector.ConnectorCoremods@644f6e89 in connector-2.0.0-beta.14+1.21.1-full.jar
[20Jul2026 16:47:35.623] [main/DEBUG] [net.neoforged.fml.loading.FMLServiceProvider/CORE]: Adding [Target[className=net.minecraft.world.item.CreativeModeTab, elementName=, elementDescriptor=, targetType=cpw.mods.modlauncher.api.TargetType@29526c05]] transformer from core-mod org.sinytra.connector.ConnectorCoremods@644f6e89 in connector-2.0.0-beta.14+1.21.1-full.jar
[20Jul2026 16:47:35.623] [main/DEBUG] [net.neoforged.fml.loading.FMLServiceProvider/CORE]: Adding [Target[className=net.minecraft.client.particle.ParticleEngine, elementName=, elementDescriptor=, targetType=cpw.mods.modlauncher.api.TargetType@29526c05]] transformer from core-mod org.sinytra.connector.ConnectorCoremods@644f6e89 in connector-2.0.0-beta.14+1.21.1-full.jar
[20Jul2026 16:47:35.623] [main/DEBUG] [net.neoforged.fml.loading.FMLServiceProvider/CORE]: Adding [Target[className=net.minecraft.client.color.block.BlockColors, elementName=, elementDescriptor=, targetType=cpw.mods.modlauncher.api.TargetType@29526c05]] transformer from core-mod org.sinytra.connector.ConnectorCoremods@644f6e89 in connector-2.0.0-beta.14+1.21.1-full.jar
[20Jul2026 16:47:35.623] [main/DEBUG] [net.neoforged.fml.loading.FMLServiceProvider/CORE]: Adding [Target[className=net.minecraft.client.color.item.ItemColors, elementName=, elementDescriptor=, targetType=cpw.mods.modlauncher.api.TargetType@29526c05]] transformer from core-mod org.sinytra.connector.ConnectorCoremods@644f6e89 in connector-2.0.0-beta.14+1.21.1-full.jar
[20Jul2026 16:47:35.623] [main/DEBUG] [net.neoforged.fml.loading.FMLServiceProvider/CORE]: Adding [Target[className=me.shedaniel.mm.Plugin, elementName=fishAddURL, elementDescriptor=()Ljava/util/function/Consumer;, targetType=cpw.mods.modlauncher.api.TargetType@2ef14fe], Target[className=com.chocohead.mm.Plugin, elementName=fishAddURL, elementDescriptor=()Ljava/util/function/Consumer;, targetType=cpw.mods.modlauncher.api.TargetType@2ef14fe]] transformer from core-mod org.sinytra.connector.ConnectorCoremods@644f6e89 in connector-2.0.0-beta.14+1.21.1-full.jar
[20Jul2026 16:47:35.623] [main/DEBUG] [net.neoforged.fml.loading.FMLServiceProvider/CORE]: Adding [Target[className=me.shedaniel.mm.Plugin$1, elementName=generate, elementDescriptor=(Ljava/lang/String;Ljava/util/Collection;)V, targetType=cpw.mods.modlauncher.api.TargetType@2ef14fe], Target[className=com.chocohead.mm.Plugin$1, elementName=generate, elementDescriptor=(Ljava/lang/String;Ljava/util/Collection;)V, targetType=cpw.mods.modlauncher.api.TargetType@2ef14fe], Target[className=com.chocohead.mm.Plugin$1, elementName=generate, elementDescriptor=()Ljava/util/function/Consumer;, targetType=cpw.mods.modlauncher.api.TargetType@2ef14fe]] transformer from core-mod org.sinytra.connector.ConnectorCoremods@644f6e89 in connector-2.0.0-beta.14+1.21.1-full.jar
[20Jul2026 16:47:35.623] [main/DEBUG] [net.neoforged.fml.loading.FMLServiceProvider/CORE]: Adding [Target[className=me.shedaniel.mm.EnumSubclasser, elementName=defineAnonymousSubclass, elementDescriptor=(Lorg/objectweb/asm/tree/ClassNode;Lcom/chocohead/mm/api/EnumAdder$EnumAddition;Ljava/lang/String;Ljava/lang/String;)[B, targetType=cpw.mods.modlauncher.api.TargetType@2ef14fe], Target[className=com.chocohead.mm.EnumSubclasser, elementName=defineAnonymousSubclass, elementDescriptor=(Lorg/objectweb/asm/tree/ClassNode;Lcom/chocohead/mm/api/EnumAdder$EnumAddition;Ljava/lang/String;Ljava/lang/String;)[B, targetType=cpw.mods.modlauncher.api.TargetType@2ef14fe]] transformer from core-mod org.sinytra.connector.ConnectorCoremods@644f6e89 in connector-2.0.0-beta.14+1.21.1-full.jar
[20Jul2026 16:47:35.623] [main/DEBUG] [net.neoforged.fml.loading.FMLServiceProvider/CORE]: Adding [Target[className=net.minecraft.client.gui.screens.inventory.EffectRenderingInventoryScreen, elementName=renderEffects, elementDescriptor=(Lnet/minecraft/client/gui/GuiGraphics;II)V, targetType=cpw.mods.modlauncher.api.TargetType@2ef14fe]] transformer from core-mod org.sinytra.connector.ConnectorCoremods@644f6e89 in connector-2.0.0-beta.14+1.21.1-full.jar
[20Jul2026 16:47:35.623] [main/DEBUG] [net.neoforged.fml.loading.FMLServiceProvider/CORE]: Adding [Target[className=net.minecraft.world.entity.LivingEntity, elementName=forceAddEffect, elementDescriptor=(Lnet/minecraft/world/effect/MobEffectInstance;Lnet/minecraft/world/entity/Entity;)V, targetType=cpw.mods.modlauncher.api.TargetType@2ef14fe]] transformer from core-mod org.sinytra.connector.ConnectorCoremods@644f6e89 in connector-2.0.0-beta.14+1.21.1-full.jar
[20Jul2026 16:47:35.623] [main/DEBUG] [net.neoforged.fml.loading.FMLServiceProvider/CORE]: Adding [Target[className=net.neoforged.neoforge.network.bundle.PacketAndPayloadAcceptor, elementName=, elementDescriptor=, targetType=cpw.mods.modlauncher.api.TargetType@29526c05]] transformer from core-mod org.sinytra.connector.ConnectorCoremods@644f6e89 in connector-2.0.0-beta.14+1.21.1-full.jar
[20Jul2026 16:47:35.624] [main/DEBUG] [cpw.mods.modlauncher.TransformStore/MODLAUNCHER]: Adding transformer net.neoforged.neoforge.coremods.ReplaceFieldWithGetterAccess@77972964 to Target : cpw.mods.modlauncher.api.TargetType@29526c05 {Lnet/minecraft/world/level/biome/Biome;} {} {V}
[20Jul2026 16:47:35.625] [main/DEBUG] [cpw.mods.modlauncher.TransformStore/MODLAUNCHER]: Adding transformer net.neoforged.neoforge.coremods.ReplaceFieldWithGetterAccess@3b29d36c to Target : cpw.mods.modlauncher.api.TargetType@29526c05 {Lnet/minecraft/world/level/levelgen/structure/Structure;} {} {V}
[20Jul2026 16:47:35.625] [main/DEBUG] [cpw.mods.modlauncher.TransformStore/MODLAUNCHER]: Adding transformer net.neoforged.neoforge.coremods.ReplaceFieldWithGetterAccess@d641499 to Target : cpw.mods.modlauncher.api.TargetType@29526c05 {Lnet/minecraft/world/level/block/FlowerPotBlock;} {} {V}
[20Jul2026 16:47:35.625] [main/DEBUG] [cpw.mods.modlauncher.TransformStore/MODLAUNCHER]: Adding transformer net.neoforged.neoforge.coremods.MethodRedirector@634d3439 to Target : cpw.mods.modlauncher.api.TargetType@29526c05 {Lnet/minecraft/world/entity/monster/Spider;} {} {V}
[20Jul2026 16:47:35.625] [main/DEBUG] [cpw.mods.modlauncher.TransformStore/MODLAUNCHER]: Adding transformer net.neoforged.neoforge.coremods.MethodRedirector@634d3439 to Target : cpw.mods.modlauncher.api.TargetType@29526c05 {Lnet/minecraft/world/entity/npc/Villager;} {} {V}
[20Jul2026 16:47:35.625] [main/DEBUG] [cpw.mods.modlauncher.TransformStore/MODLAUNCHER]: Adding transformer net.neoforged.neoforge.coremods.MethodRedirector@634d3439 to Target : cpw.mods.modlauncher.api.TargetType@29526c05 {Lnet/minecraft/world/entity/npc/CatSpawner;} {} {V}
[20Jul2026 16:47:35.625] [main/DEBUG] [cpw.mods.modlauncher.TransformStore/MODLAUNCHER]: Adding transformer net.neoforged.neoforge.coremods.MethodRedirector@634d3439 to Target : cpw.mods.modlauncher.api.TargetType@29526c05 {Lnet/minecraft/world/level/levelgen/PhantomSpawner;} {} {V}
[20Jul2026 16:47:35.625] [main/DEBUG] [cpw.mods.modlauncher.TransformStore/MODLAUNCHER]: Adding transformer net.neoforged.neoforge.coremods.MethodRedirector@634d3439 to Target : cpw.mods.modlauncher.api.TargetType@29526c05 {Lnet/minecraft/server/commands/SummonCommand;} {} {V}
[20Jul2026 16:47:35.625] [main/DEBUG] [cpw.mods.modlauncher.TransformStore/MODLAUNCHER]: Adding transformer net.neoforged.neoforge.coremods.MethodRedirector@634d3439 to Target : cpw.mods.modlauncher.api.TargetType@29526c05 {Lnet/minecraft/world/entity/monster/Strider;} {} {V}
[20Jul2026 16:47:35.625] [main/DEBUG] [cpw.mods.modlauncher.TransformStore/MODLAUNCHER]: Adding transformer net.neoforged.neoforge.coremods.MethodRedirector@634d3439 to Target : cpw.mods.modlauncher.api.TargetType@29526c05 {Lnet/minecraft/world/entity/EntityType;} {} {V}
[20Jul2026 16:47:35.625] [main/DEBUG] [cpw.mods.modlauncher.TransformStore/MODLAUNCHER]: Adding transformer net.neoforged.neoforge.coremods.MethodRedirector@634d3439 to Target : cpw.mods.modlauncher.api.TargetType@29526c05 {Lnet/minecraft/world/entity/animal/horse/SkeletonTrapGoal;} {} {V}
[20Jul2026 16:47:35.625] [main/DEBUG] [cpw.mods.modlauncher.TransformStore/MODLAUNCHER]: Adding transformer net.neoforged.neoforge.coremods.MethodRedirector@634d3439 to Target : cpw.mods.modlauncher.api.TargetType@29526c05 {Lnet/minecraft/world/entity/animal/frog/Tadpole;} {} {V}
[20Jul2026 16:47:35.625] [main/DEBUG] [cpw.mods.modlauncher.TransformStore/MODLAUNCHER]: Adding transformer net.neoforged.neoforge.coremods.MethodRedirector@634d3439 to Target : cpw.mods.modlauncher.api.TargetType@29526c05 {Lnet/minecraft/world/entity/monster/Evoker$EvokerSummonSpellGoal;} {} {V}
[20Jul2026 16:47:35.625] [main/DEBUG] [cpw.mods.modlauncher.TransformStore/MODLAUNCHER]: Adding transformer net.neoforged.neoforge.coremods.MethodRedirector@634d3439 to Target : cpw.mods.modlauncher.api.TargetType@29526c05 {Lnet/minecraft/world/level/levelgen/structure/structures/SwampHutPiece;} {} {V}
[20Jul2026 16:47:35.625] [main/DEBUG] [cpw.mods.modlauncher.TransformStore/MODLAUNCHER]: Adding transformer net.neoforged.neoforge.coremods.MethodRedirector@634d3439 to Target : cpw.mods.modlauncher.api.TargetType@29526c05 {Lnet/minecraft/world/entity/ai/village/VillageSiege;} {} {V}
[20Jul2026 16:47:35.625] [main/DEBUG] [cpw.mods.modlauncher.TransformStore/MODLAUNCHER]: Adding transformer net.neoforged.neoforge.coremods.MethodRedirector@634d3439 to Target : cpw.mods.modlauncher.api.TargetType@29526c05 {Lnet/minecraft/world/level/levelgen/structure/templatesystem/StructureTemplate;} {} {V}
[20Jul2026 16:47:35.625] [main/DEBUG] [cpw.mods.modlauncher.TransformStore/MODLAUNCHER]: Adding transformer net.neoforged.neoforge.coremods.MethodRedirector@634d3439 to Target : cpw.mods.modlauncher.api.TargetType@29526c05 {Lnet/minecraft/world/level/levelgen/structure/structures/OceanRuinPieces$OceanRuinPiece;} {} {V}
[20Jul2026 16:47:35.625] [main/DEBUG] [cpw.mods.modlauncher.TransformStore/MODLAUNCHER]: Adding transformer net.neoforged.neoforge.coremods.MethodRedirector@634d3439 to Target : cpw.mods.modlauncher.api.TargetType@29526c05 {Lnet/minecraft/world/level/levelgen/PatrolSpawner;} {} {V}
[20Jul2026 16:47:35.625] [main/DEBUG] [cpw.mods.modlauncher.TransformStore/MODLAUNCHER]: Adding transformer net.neoforged.neoforge.coremods.MethodRedirector@634d3439 to Target : cpw.mods.modlauncher.api.TargetType@29526c05 {Lnet/minecraft/world/entity/monster/ZombieVillager;} {} {V}
[20Jul2026 16:47:35.625] [main/DEBUG] [cpw.mods.modlauncher.TransformStore/MODLAUNCHER]: Adding transformer net.neoforged.neoforge.coremods.MethodRedirector@634d3439 to Target : cpw.mods.modlauncher.api.TargetType@29526c05 {Lnet/minecraft/server/commands/RaidCommand;} {} {V}
[20Jul2026 16:47:35.625] [main/DEBUG] [cpw.mods.modlauncher.TransformStore/MODLAUNCHER]: Adding transformer net.neoforged.neoforge.coremods.MethodRedirector@634d3439 to Target : cpw.mods.modlauncher.api.TargetType@29526c05 {Lnet/minecraft/world/level/levelgen/structure/structures/WoodlandMansionPieces$WoodlandMansionPiece;} {} {V}
[20Jul2026 16:47:35.625] [main/DEBUG] [cpw.mods.modlauncher.TransformStore/MODLAUNCHER]: Adding transformer net.neoforged.neoforge.coremods.MethodRedirector@634d3439 to Target : cpw.mods.modlauncher.api.TargetType@29526c05 {Lnet/minecraft/world/level/levelgen/structure/structures/OceanMonumentPieces$OceanMonumentPiece;} {} {V}
[20Jul2026 16:47:35.625] [main/DEBUG] [cpw.mods.modlauncher.TransformStore/MODLAUNCHER]: Adding transformer net.neoforged.neoforge.coremods.MethodRedirector@634d3439 to Target : cpw.mods.modlauncher.api.TargetType@29526c05 {Lnet/minecraft/world/entity/raid/Raid;} {} {V}
[20Jul2026 16:47:35.625] [main/DEBUG] [cpw.mods.modlauncher.TransformStore/MODLAUNCHER]: Adding transformer net.neoforged.neoforge.coremods.MethodRedirector@634d3439 to Target : cpw.mods.modlauncher.api.TargetType@29526c05 {Lnet/minecraft/world/level/NaturalSpawner;} {} {V}
[20Jul2026 16:47:35.625] [main/DEBUG] [cpw.mods.modlauncher.TransformStore/MODLAUNCHER]: Adding transformer net.neoforged.neoforge.coremods.MethodRedirector@634d3439 to Target : cpw.mods.modlauncher.api.TargetType@29526c05 {Lnet/minecraft/world/entity/monster/Zombie;} {} {V}
[20Jul2026 16:47:35.626] [main/DEBUG] [cpw.mods.modlauncher.TransformStore/MODLAUNCHER]: Adding transformer BaseTransformer[type=cpw.mods.modlauncher.api.TargetType@29526c05, targets=[Target[className=net.minecraft.client.KeyMapping, elementName=, elementDescriptor=, targetType=cpw.mods.modlauncher.api.TargetType@29526c05]], transform=org.sinytra.connector.ConnectorCoremods$$Lambda/0x00007f23ec580000@2259d54f] to Target : cpw.mods.modlauncher.api.TargetType@29526c05 {Lnet/minecraft/client/KeyMapping;} {} {V}
[20Jul2026 16:47:35.626] [main/DEBUG] [cpw.mods.modlauncher.TransformStore/MODLAUNCHER]: Adding transformer BaseTransformer[type=cpw.mods.modlauncher.api.TargetType@29526c05, targets=[Target[className=net.minecraft.world.item.CreativeModeTab, elementName=, elementDescriptor=, targetType=cpw.mods.modlauncher.api.TargetType@29526c05]], transform=org.sinytra.connector.ConnectorCoremods$$Lambda/0x00007f23ec580230@1b82f62a] to Target : cpw.mods.modlauncher.api.TargetType@29526c05 {Lnet/minecraft/world/item/CreativeModeTab;} {} {V}
[20Jul2026 16:47:35.626] [main/DEBUG] [cpw.mods.modlauncher.TransformStore/MODLAUNCHER]: Adding transformer BaseTransformer[type=cpw.mods.modlauncher.api.TargetType@29526c05, targets=[Target[className=net.minecraft.client.particle.ParticleEngine, elementName=, elementDescriptor=, targetType=cpw.mods.modlauncher.api.TargetType@29526c05]], transform=org.sinytra.connector.ConnectorCoremods$$Lambda/0x00007f23ec580460@67e21ea2] to Target : cpw.mods.modlauncher.api.TargetType@29526c05 {Lnet/minecraft/client/particle/ParticleEngine;} {} {V}
[20Jul2026 16:47:35.626] [main/DEBUG] [cpw.mods.modlauncher.TransformStore/MODLAUNCHER]: Adding transformer BaseTransformer[type=cpw.mods.modlauncher.api.TargetType@29526c05, targets=[Target[className=net.minecraft.client.color.block.BlockColors, elementName=, elementDescriptor=, targetType=cpw.mods.modlauncher.api.TargetType@29526c05]], transform=org.sinytra.connector.ConnectorCoremods$$Lambda/0x00007f23ec580460@2184962c] to Target : cpw.mods.modlauncher.api.TargetType@29526c05 {Lnet/minecraft/client/color/block/BlockColors;} {} {V}
[20Jul2026 16:47:35.626] [main/DEBUG] [cpw.mods.modlauncher.TransformStore/MODLAUNCHER]: Adding transformer BaseTransformer[type=cpw.mods.modlauncher.api.TargetType@29526c05, targets=[Target[className=net.minecraft.client.color.item.ItemColors, elementName=, elementDescriptor=, targetType=cpw.mods.modlauncher.api.TargetType@29526c05]], transform=org.sinytra.connector.ConnectorCoremods$$Lambda/0x00007f23ec580460@4d9bccfe] to Target : cpw.mods.modlauncher.api.TargetType@29526c05 {Lnet/minecraft/client/color/item/ItemColors;} {} {V}
[20Jul2026 16:47:35.626] [main/DEBUG] [cpw.mods.modlauncher.TransformStore/MODLAUNCHER]: Adding transformer BaseTransformer[type=cpw.mods.modlauncher.api.TargetType@2ef14fe, targets=[Target[className=me.shedaniel.mm.Plugin, elementName=fishAddURL, elementDescriptor=()Ljava/util/function/Consumer;, targetType=cpw.mods.modlauncher.api.TargetType@2ef14fe], Target[className=com.chocohead.mm.Plugin, elementName=fishAddURL, elementDescriptor=()Ljava/util/function/Consumer;, targetType=cpw.mods.modlauncher.api.TargetType@2ef14fe]], transform=org.sinytra.connector.ConnectorCoremods$$Lambda/0x00007f23ec580d28@412440c1] to Target : cpw.mods.modlauncher.api.TargetType@2ef14fe {Lme/shedaniel/mm/Plugin;} {fishAddURL} {()Ljava/util/function/Consumer;}
[20Jul2026 16:47:35.626] [main/DEBUG] [cpw.mods.modlauncher.TransformStore/MODLAUNCHER]: Adding transformer BaseTransformer[type=cpw.mods.modlauncher.api.TargetType@2ef14fe, targets=[Target[className=me.shedaniel.mm.Plugin, elementName=fishAddURL, elementDescriptor=()Ljava/util/function/Consumer;, targetType=cpw.mods.modlauncher.api.TargetType@2ef14fe], Target[className=com.chocohead.mm.Plugin, elementName=fishAddURL, elementDescriptor=()Ljava/util/function/Consumer;, targetType=cpw.mods.modlauncher.api.TargetType@2ef14fe]], transform=org.sinytra.connector.ConnectorCoremods$$Lambda/0x00007f23ec580d28@412440c1] to Target : cpw.mods.modlauncher.api.TargetType@2ef14fe {Lcom/chocohead/mm/Plugin;} {fishAddURL} {()Ljava/util/function/Consumer;}
[20Jul2026 16:47:35.626] [main/DEBUG] [cpw.mods.modlauncher.TransformStore/MODLAUNCHER]: Adding transformer BaseTransformer[type=cpw.mods.modlauncher.api.TargetType@2ef14fe, targets=[Target[className=me.shedaniel.mm.Plugin$1, elementName=generate, elementDescriptor=(Ljava/lang/String;Ljava/util/Collection;)V, targetType=cpw.mods.modlauncher.api.TargetType@2ef14fe], Target[className=com.chocohead.mm.Plugin$1, elementName=generate, elementDescriptor=(Ljava/lang/String;Ljava/util/Collection;)V, targetType=cpw.mods.modlauncher.api.TargetType@2ef14fe], Target[className=com.chocohead.mm.Plugin$1, elementName=generate, elementDescriptor=()Ljava/util/function/Consumer;, targetType=cpw.mods.modlauncher.api.TargetType@2ef14fe]], transform=org.sinytra.connector.ConnectorCoremods$$Lambda/0x00007f23ec580f58@36c45149] to Target : cpw.mods.modlauncher.api.TargetType@2ef14fe {Lme/shedaniel/mm/Plugin$1;} {generate} {(Ljava/lang/String;Ljava/util/Collection;)V}
[20Jul2026 16:47:35.626] [main/DEBUG] [cpw.mods.modlauncher.TransformStore/MODLAUNCHER]: Adding transformer BaseTransformer[type=cpw.mods.modlauncher.api.TargetType@2ef14fe, targets=[Target[className=me.shedaniel.mm.Plugin$1, elementName=generate, elementDescriptor=(Ljava/lang/String;Ljava/util/Collection;)V, targetType=cpw.mods.modlauncher.api.TargetType@2ef14fe], Target[className=com.chocohead.mm.Plugin$1, elementName=generate, elementDescriptor=(Ljava/lang/String;Ljava/util/Collection;)V, targetType=cpw.mods.modlauncher.api.TargetType@2ef14fe], Target[className=com.chocohead.mm.Plugin$1, elementName=generate, elementDescriptor=()Ljava/util/function/Consumer;, targetType=cpw.mods.modlauncher.api.TargetType@2ef14fe]], transform=org.sinytra.connector.ConnectorCoremods$$Lambda/0x00007f23ec580f58@36c45149] to Target : cpw.mods.modlauncher.api.TargetType@2ef14fe {Lcom/chocohead/mm/Plugin$1;} {generate} {(Ljava/lang/String;Ljava/util/Collection;)V}
[20Jul2026 16:47:35.626] [main/DEBUG] [cpw.mods.modlauncher.TransformStore/MODLAUNCHER]: Adding transformer BaseTransformer[type=cpw.mods.modlauncher.api.TargetType@2ef14fe, targets=[Target[className=me.shedaniel.mm.Plugin$1, elementName=generate, elementDescriptor=(Ljava/lang/String;Ljava/util/Collection;)V, targetType=cpw.mods.modlauncher.api.TargetType@2ef14fe], Target[className=com.chocohead.mm.Plugin$1, elementName=generate, elementDescriptor=(Ljava/lang/String;Ljava/util/Collection;)V, targetType=cpw.mods.modlauncher.api.TargetType@2ef14fe], Target[className=com.chocohead.mm.Plugin$1, elementName=generate, elementDescriptor=()Ljava/util/function/Consumer;, targetType=cpw.mods.modlauncher.api.TargetType@2ef14fe]], transform=org.sinytra.connector.ConnectorCoremods$$Lambda/0x00007f23ec580f58@36c45149] to Target : cpw.mods.modlauncher.api.TargetType@2ef14fe {Lcom/chocohead/mm/Plugin$1;} {generate} {()Ljava/util/function/Consumer;}
[20Jul2026 16:47:35.626] [main/DEBUG] [cpw.mods.modlauncher.TransformStore/MODLAUNCHER]: Adding transformer BaseTransformer[type=cpw.mods.modlauncher.api.TargetType@2ef14fe, targets=[Target[className=me.shedaniel.mm.EnumSubclasser, elementName=defineAnonymousSubclass, elementDescriptor=(Lorg/objectweb/asm/tree/ClassNode;Lcom/chocohead/mm/api/EnumAdder$EnumAddition;Ljava/lang/String;Ljava/lang/String;)[B, targetType=cpw.mods.modlauncher.api.TargetType@2ef14fe], Target[className=com.chocohead.mm.EnumSubclasser, elementName=defineAnonymousSubclass, elementDescriptor=(Lorg/objectweb/asm/tree/ClassNode;Lcom/chocohead/mm/api/EnumAdder$EnumAddition;Ljava/lang/String;Ljava/lang/String;)[B, targetType=cpw.mods.modlauncher.api.TargetType@2ef14fe]], transform=org.sinytra.connector.ConnectorCoremods$$Lambda/0x00007f23ec581188@33f4844b] to Target : cpw.mods.modlauncher.api.TargetType@2ef14fe {Lme/shedaniel/mm/EnumSubclasser;} {defineAnonymousSubclass} {(Lorg/objectweb/asm/tree/ClassNode;Lcom/chocohead/mm/api/EnumAdder$EnumAddition;Ljava/lang/String;Ljava/lang/String;)[B}
[20Jul2026 16:47:35.626] [main/DEBUG] [cpw.mods.modlauncher.TransformStore/MODLAUNCHER]: Adding transformer BaseTransformer[type=cpw.mods.modlauncher.api.TargetType@2ef14fe, targets=[Target[className=me.shedaniel.mm.EnumSubclasser, elementName=defineAnonymousSubclass, elementDescriptor=(Lorg/objectweb/asm/tree/ClassNode;Lcom/chocohead/mm/api/EnumAdder$EnumAddition;Ljava/lang/String;Ljava/lang/String;)[B, targetType=cpw.mods.modlauncher.api.TargetType@2ef14fe], Target[className=com.chocohead.mm.EnumSubclasser, elementName=defineAnonymousSubclass, elementDescriptor=(Lorg/objectweb/asm/tree/ClassNode;Lcom/chocohead/mm/api/EnumAdder$EnumAddition;Ljava/lang/String;Ljava/lang/String;)[B, targetType=cpw.mods.modlauncher.api.TargetType@2ef14fe]], transform=org.sinytra.connector.ConnectorCoremods$$Lambda/0x00007f23ec581188@33f4844b] to Target : cpw.mods.modlauncher.api.TargetType@2ef14fe {Lcom/chocohead/mm/EnumSubclasser;} {defineAnonymousSubclass} {(Lorg/objectweb/asm/tree/ClassNode;Lcom/chocohead/mm/api/EnumAdder$EnumAddition;Ljava/lang/String;Ljava/lang/String;)[B}
[20Jul2026 16:47:35.626] [main/DEBUG] [cpw.mods.modlauncher.TransformStore/MODLAUNCHER]: Adding transformer BaseTransformer[type=cpw.mods.modlauncher.api.TargetType@2ef14fe, targets=[Target[className=net.minecraft.client.gui.screens.inventory.EffectRenderingInventoryScreen, elementName=renderEffects, elementDescriptor=(Lnet/minecraft/client/gui/GuiGraphics;II)V, targetType=cpw.mods.modlauncher.api.TargetType@2ef14fe]], transform=org.sinytra.connector.ConnectorCoremods$$Lambda/0x00007f23ec580698@201b52f7] to Target : cpw.mods.modlauncher.api.TargetType@2ef14fe {Lnet/minecraft/client/gui/screens/inventory/EffectRenderingInventoryScreen;} {renderEffects} {(Lnet/minecraft/client/gui/GuiGraphics;II)V}
[20Jul2026 16:47:35.627] [main/DEBUG] [cpw.mods.modlauncher.TransformStore/MODLAUNCHER]: Adding transformer BaseTransformer[type=cpw.mods.modlauncher.api.TargetType@2ef14fe, targets=[Target[className=net.minecraft.world.entity.LivingEntity, elementName=forceAddEffect, elementDescriptor=(Lnet/minecraft/world/effect/MobEffectInstance;Lnet/minecraft/world/entity/Entity;)V, targetType=cpw.mods.modlauncher.api.TargetType@2ef14fe]], transform=org.sinytra.connector.ConnectorCoremods$$Lambda/0x00007f23ec5808c8@435a2c7d] to Target : cpw.mods.modlauncher.api.TargetType@2ef14fe {Lnet/minecraft/world/entity/LivingEntity;} {forceAddEffect} {(Lnet/minecraft/world/effect/MobEffectInstance;Lnet/minecraft/world/entity/Entity;)V}
[20Jul2026 16:47:35.627] [main/DEBUG] [cpw.mods.modlauncher.TransformStore/MODLAUNCHER]: Adding transformer BaseTransformer[type=cpw.mods.modlauncher.api.TargetType@29526c05, targets=[Target[className=net.neoforged.neoforge.network.bundle.PacketAndPayloadAcceptor, elementName=, elementDescriptor=, targetType=cpw.mods.modlauncher.api.TargetType@29526c05]], transform=org.sinytra.connector.ConnectorCoremods$$Lambda/0x00007f23ec580af8@57806346] to Target : cpw.mods.modlauncher.api.TargetType@29526c05 {Lnet/neoforged/neoforge/network/bundle/PacketAndPayloadAcceptor;} {} {V}
[20Jul2026 16:47:35.627] [main/DEBUG] [cpw.mods.modlauncher.TransformationServiceDecorator/MODLAUNCHER]: Initialized transformers for transformation service fml
[20Jul2026 16:47:35.627] [main/DEBUG] [cpw.mods.modlauncher.TransformationServiceDecorator/MODLAUNCHER]: Initializing transformers for transformation service asynclogger
[20Jul2026 16:47:35.627] [main/DEBUG] [cpw.mods.modlauncher.TransformationServiceDecorator/MODLAUNCHER]: Initialized transformers for transformation service asynclogger
[20Jul2026 16:47:35.627] [main/DEBUG] [cpw.mods.modlauncher.TransformationServiceDecorator/MODLAUNCHER]: Initializing transformers for transformation service connector_loader
[20Jul2026 16:47:35.627] [main/DEBUG] [cpw.mods.modlauncher.TransformationServiceDecorator/MODLAUNCHER]: Initialized transformers for transformation service connector_loader
[20Jul2026 16:47:36.854] [main/ERROR] [cpw.mods.modlauncher.ModuleLayerHandler/]: Error while resolving modules.
java.lang.module.ResolutionException: Modules watchtower and dev.mcstatus.watchtower.neoforge.common export package dev.mcstatus.watchtower to module c2me_opts_scheduling
	at java.base/java.lang.module.Resolver.resolveFail(Resolver.java:900) ~[?:?]
	at java.base/java.lang.module.Resolver.failTwoSuppliers(Resolver.java:814) ~[?:?]
	at java.base/java.lang.module.Resolver.checkExportSuppliers(Resolver.java:735) ~[?:?]
	at java.base/java.lang.module.Resolver.finish(Resolver.java:380) ~[?:?]
	at java.base/java.lang.module.Configuration.<init>(Configuration.java:139) ~[?:?]
	at java.base/java.lang.module.Configuration.resolveAndBind(Configuration.java:493) ~[?:?]
	at MC-BOOTSTRAP/cpw.mods.modlauncher@11.0.5/cpw.mods.modlauncher.ModuleLayerHandler.buildLayer(ModuleLayerHandler.java:81) [modlauncher-11.0.5.jar%2364!/:?]
	at MC-BOOTSTRAP/cpw.mods.modlauncher@11.0.5/cpw.mods.modlauncher.TransformationServicesHandler.buildTransformingClassLoader(TransformationServicesHandler.java:54) [modlauncher-11.0.5.jar%2364!/:?]
	at MC-BOOTSTRAP/cpw.mods.modlauncher@11.0.5/cpw.mods.modlauncher.Launcher.run(Launcher.java:101) [modlauncher-11.0.5.jar%2364!/:?]
	at MC-BOOTSTRAP/cpw.mods.modlauncher@11.0.5/cpw.mods.modlauncher.Launcher.main(Launcher.java:74) [modlauncher-11.0.5.jar%2364!/:?]
	at MC-BOOTSTRAP/cpw.mods.modlauncher@11.0.5/cpw.mods.modlauncher.BootstrapLaunchConsumer.accept(BootstrapLaunchConsumer.java:26) [modlauncher-11.0.5.jar%2364!/:?]
	at MC-BOOTSTRAP/cpw.mods.modlauncher@11.0.5/cpw.mods.modlauncher.BootstrapLaunchConsumer.accept(BootstrapLaunchConsumer.java:23) [modlauncher-11.0.5.jar%2364!/:?]
	at cpw.mods.bootstraplauncher@2.0.2/cpw.mods.bootstraplauncher.BootstrapLauncher.run(BootstrapLauncher.java:210) [bootstraplauncher-2.0.2.jar:?]
	at cpw.mods.bootstraplauncher@2.0.2/cpw.mods.bootstraplauncher.BootstrapLauncher.main(BootstrapLauncher.java:69) [bootstraplauncher-2.0.2.jar:?]
