[20Jul2026 16:47:31.779] [main/INFO] [cpw.mods.modlauncher.Launcher/MODLAUNCHER]: ModLauncher running: args [--launchTarget, forgeserver, --fml.neoForgeVersion, 21.1.233, --fml.fmlVersion, 4.0.42, --fml.mcVersion, 1.21.1, --fml.neoFormVersion, 20240808.144430, nogui, $@]
[20Jul2026 16:47:31.781] [main/INFO] [cpw.mods.modlauncher.Launcher/MODLAUNCHER]: JVM identified as Debian OpenJDK 64-Bit Server VM 21.0.11+10-1-deb13u2-Debian
[20Jul2026 16:47:31.782] [main/INFO] [cpw.mods.modlauncher.Launcher/MODLAUNCHER]: ModLauncher 11.0.5+main.901c6ea8 starting: java version 21.0.11 by Debian; OS Linux arch amd64 version 6.12.90+deb13.1-amd64
[20Jul2026 16:47:32.074] [main/INFO] [AsyncLogger/]: Successfully configured async logger context
[20Jul2026 16:47:32.075] [main/INFO] [me.decce.ixeris.neoforge.core.IxerisBootstrapper/]: Skipped Ixeris bootstrapping because: on dedicated server
[20Jul2026 16:47:32.075] [main/INFO] [net.neoforged.fml.loading.ImmediateWindowHandler/]: ImmediateWindowProvider not loading because launch target is forgeserver
[20Jul2026 16:47:32.109] [main/INFO] [mixin/]: SpongePowered MIXIN Subsystem Version=0.8.7 Source=union:/var/opt/minecraft/crafty/crafty-4/servers/00000000-0000-0000-0000-000000000001/libraries/net/fabricmc/sponge-mixin/0.15.2+mixin.0.8.7/sponge-mixin-0.15.2+mixin.0.8.7.jar%2373!/ Service=ModLauncher Env=SERVER
[20Jul2026 16:47:32.214] [main/INFO] [net.neoforged.fml.loading.moddiscovery.ModDiscoverer/SCAN]: Found mod file "server-1.21.1-20240808.144430-srg.jar" [locator: production server provider +net.neoforged:neoforge:21.1.233:server]
[20Jul2026 16:47:32.225] [main/INFO] [net.neoforged.fml.loading.moddiscovery.ModDiscoverer/SCAN]: Found mod file "neoforge-21.1.233-universal.jar" [locator: PathBasedLocator[name=neoforge, paths=[libraries/net/neoforged/neoforge/21.1.233/neoforge-21.1.233-universal.jar]], reader: mod manifest]
[20Jul2026 16:47:32.227] [main/INFO] [AutoModpack/]: Prelaunching AutoModpack...
[20Jul2026 16:47:32.371] [main/INFO] [AutoModpack/]: Loaded config! took 12ms
[20Jul2026 16:47:32.372] [main/INFO] [AutoModpack/]: AutoModpack self-updater is disabled in server config.
[20Jul2026 16:47:32.375] [main/INFO] [AutoModpack/]: AutoModpack prelaunched! took 146ms
[20Jul2026 16:47:32.377] [main/INFO] [net.neoforged.fml.loading.moddiscovery.ModDiscoverer/SCAN]: Found library file "~nonexistent" [locator: org.sinytra.connector.locator.ConnectorEarlyLocatorBootstrap@4a9419d7]
[20Jul2026 16:47:32.381] [main/INFO] [net.neoforged.fml.loading.moddiscovery.ModDiscoverer/SCAN]: Found mod file "asynclogger-1.1.4+1.21.1-neoforge-mod.jar" [locator: me.decce.asynclogger.service.neoforge.NeoForgeModLocator@5769e7ae, reader: mod manifest]
[20Jul2026 16:47:32.387] [main/INFO] [net.neoforged.fml.loading.moddiscovery.ModDiscoverer/SCAN]: Found mod file "[Neoforge]ctov-3.6.3.jar" [locator: {mods folder locator at /var/opt/minecraft/crafty/crafty-4/servers/00000000-0000-0000-0000-000000000001/mods}, reader: mod manifest]
[20Jul2026 16:47:32.389] [main/INFO] [net.neoforged.fml.loading.moddiscovery.ModDiscoverer/SCAN]: Found mod file "aerocopycats-1.1.1.jar" [locator: {mods folder locator at /var/opt/minecraft/crafty/crafty-4/servers/00000000-0000-0000-0000-000000000001/mods}, reader: mod manifest]
[20Jul2026 16:47:32.392] [main/INFO] [net.neoforged.fml.loading.moddiscovery.ModDiscoverer/SCAN]: Found mod file "aeroworks-1.2.11.jar" [locator: {mods folder locator at /var/opt/minecraft/crafty/crafty-4/servers/00000000-0000-0000-0000-000000000001/mods}, reader: mod manifest]
[20Jul2026 16:47:32.394] [main/INFO] [net.neoforged.fml.loading.moddiscovery.ModDiscoverer/SCAN]: Found mod file "AI-Improvements-1.21-0.5.3.jar" [locator: {mods folder locator at /var/opt/minecraft/crafty/crafty-4/servers/00000000-0000-0000-0000-000000000001/mods}, reader: mod manifest]
[20Jul2026 16:47:32.396] [main/INFO] [net.neoforged.fml.loading.moddiscovery.ModDiscoverer/SCAN]: Found mod file "aileron-1.21.1-neoforge-1.1.4.jar" [locator: {mods folder locator at /var/opt/minecraft/crafty/crafty-4/servers/00000000-0000-0000-0000-000000000001/mods}, reader: mod manifest]
[20Jul2026 16:47:32.397] [main/INFO] [net.neoforged.fml.loading.moddiscovery.ModDiscoverer/SCAN]: Found mod file "alloyed-3.0.7+1.21.1-neoforge.jar" [locator: {mods folder locator at /var/opt/minecraft/crafty/crafty-4/servers/00000000-0000-0000-0000-000000000001/mods}, reader: mod manifest]
[20Jul2026 16:47:32.398] [main/INFO] [net.neoforged.fml.loading.moddiscovery.ModDiscoverer/SCAN]: Found mod file "Almanac-1.21.1-2-neoforge-1.5.2.jar" [locator: {mods folder locator at /var/opt/minecraft/crafty/crafty-4/servers/00000000-0000-0000-0000-000000000001/mods}, reader: mod manifest]
[20Jul2026 16:47:32.400] [main/INFO] [net.neoforged.fml.loading.moddiscovery.ModDiscoverer/SCAN]: Found mod file "alternate_current-mc1.21-1.9.0.jar" [locator: {mods folder locator at /var/opt/minecraft/crafty/crafty-4/servers/00000000-0000-0000-0000-000000000001/mods}, reader: mod manifest]
[20Jul2026 16:47:32.401] [main/INFO] [net.neoforged.fml.loading.moddiscovery.ModDiscoverer/SCAN]: Found mod file "amendments-1.21-2.0.15-neoforge.jar" [locator: {mods folder locator at /var/opt/minecraft/crafty/crafty-4/servers/00000000-0000-0000-0000-000000000001/mods}, reader: mod manifest]
[20Jul2026 16:47:32.403] [main/INFO] [net.neoforged.fml.loading.moddiscovery.ModDiscoverer/SCAN]: Found mod file "another_furniture-neoforge-4.0.2.jar" [locator: {mods folder locator at /var/opt/minecraft/crafty/crafty-4/servers/00000000-0000-0000-0000-000000000001/mods}, reader: mod manifest]
[20Jul2026 16:47:32.404] [main/INFO] [net.neoforged.fml.loading.moddiscovery.ModDiscoverer/SCAN]: Found mod file "appleskin-neoforge-mc1.21-3.0.9.jar" [locator: {mods folder locator at /var/opt/minecraft/crafty/crafty-4/servers/00000000-0000-0000-0000-000000000001/mods}, reader: mod manifest]
[20Jul2026 16:47:32.405] [main/INFO] [net.neoforged.fml.loading.moddiscovery.ModDiscoverer/SCAN]: Found mod file "architectury-13.0.8-neoforge.jar" [locator: {mods folder locator at /var/opt/minecraft/crafty/crafty-4/servers/00000000-0000-0000-0000-000000000001/mods}, reader: mod manifest]
[20Jul2026 16:47:32.407] [main/INFO] [net.neoforged.fml.loading.moddiscovery.ModDiscoverer/SCAN]: Found mod file "ArmorStatues-v21.1.0-1.21.1-NeoForge.jar" [locator: {mods folder locator at /var/opt/minecraft/crafty/crafty-4/servers/00000000-0000-0000-0000-000000000001/mods}, reader: mod manifest]
[20Jul2026 16:47:32.409] [main/INFO] [net.neoforged.fml.loading.moddiscovery.ModDiscoverer/SCAN]: Found mod file "athena-neoforge-1.21.1-4.0.6.jar" [locator: {mods folder locator at /var/opt/minecraft/crafty/crafty-4/servers/00000000-0000-0000-0000-000000000001/mods}, reader: mod manifest]
[20Jul2026 16:47:32.412] [main/INFO] [net.neoforged.fml.loading.moddiscovery.ModDiscoverer/SCAN]: Found mod file "AxesAreWeapons-1.10.2-neoforge-1.21.jar" [locator: {mods folder locator at /var/opt/minecraft/crafty/crafty-4/servers/00000000-0000-0000-0000-000000000001/mods}, reader: mod manifest]
[20Jul2026 16:47:32.414] [main/INFO] [net.neoforged.fml.loading.moddiscovery.ModDiscoverer/SCAN]: Found mod file "ballastmod-0.1.0.jar" [locator: {mods folder locator at /var/opt/minecraft/crafty/crafty-4/servers/00000000-0000-0000-0000-000000000001/mods}, reader: mod manifest]
[20Jul2026 16:47:32.415] [main/INFO] [net.neoforged.fml.loading.moddiscovery.ModDiscoverer/SCAN]: Found mod file "balm-neoforge-1.21.1-21.0.58.jar" [locator: {mods folder locator at /var/opt/minecraft/crafty/crafty-4/servers/00000000-0000-0000-0000-000000000001/mods}, reader: mod manifest]
[20Jul2026 16:47:32.417] [main/INFO] [net.neoforged.fml.loading.moddiscovery.ModDiscoverer/SCAN]: Found mod file "bellsandwhistles-0.4.7-1.21.1.jar" [locator: {mods folder locator at /var/opt/minecraft/crafty/crafty-4/servers/00000000-0000-0000-0000-000000000001/mods}, reader: mod manifest]
[20Jul2026 16:47:32.418] [main/INFO] [net.neoforged.fml.loading.moddiscovery.ModDiscoverer/SCAN]: Found mod file "better_lib-neoforge-1.21.1-1.0.109.jar" [locator: {mods folder locator at /var/opt/minecraft/crafty/crafty-4/servers/00000000-0000-0000-0000-000000000001/mods}, reader: mod manifest]
[20Jul2026 16:47:32.419] [main/INFO] [net.neoforged.fml.loading.moddiscovery.ModDiscoverer/SCAN]: Found mod file "bits_n_bobs-0.0.44.jar" [locator: {mods folder locator at /var/opt/minecraft/crafty/crafty-4/servers/00000000-0000-0000-0000-000000000001/mods}, reader: mod manifest]
[20Jul2026 16:47:32.420] [main/INFO] [net.neoforged.fml.loading.moddiscovery.ModDiscoverer/SCAN]: Found mod file "bookshelf-neoforge-1.21.1-21.1.81.jar" [locator: {mods folder locator at /var/opt/minecraft/crafty/crafty-4/servers/00000000-0000-0000-0000-000000000001/mods}, reader: mod manifest]
[20Jul2026 16:47:32.421] [main/INFO] [net.neoforged.fml.loading.moddiscovery.ModDiscoverer/SCAN]: Found mod file "bountiful-neoforge-8.0.0-beta.2.jar" [locator: {mods folder locator at /var/opt/minecraft/crafty/crafty-4/servers/00000000-0000-0000-0000-000000000001/mods}, reader: mod manifest]
[20Jul2026 16:47:32.422] [main/INFO] [net.neoforged.fml.loading.moddiscovery.ModDiscoverer/SCAN]: Found mod file "c2me-neoforge-mc1.21.1-0.3.0+alpha.0.93.jar" [locator: {mods folder locator at /var/opt/minecraft/crafty/crafty-4/servers/00000000-0000-0000-0000-000000000001/mods}, reader: mod manifest]
[20Jul2026 16:47:32.423] [main/INFO] [net.neoforged.fml.loading.moddiscovery.ModDiscoverer/SCAN]: Found mod file "cerulean-neoforge-1.0.0-1.21.1.jar" [locator: {mods folder locator at /var/opt/minecraft/crafty/crafty-4/servers/00000000-0000-0000-0000-000000000001/mods}, reader: mod manifest]
[20Jul2026 16:47:32.424] [main/INFO] [net.neoforged.fml.loading.moddiscovery.ModDiscoverer/SCAN]: Found mod file "chefsdelight-1.0.5-neoforge-1.21.1.jar" [locator: {mods folder locator at /var/opt/minecraft/crafty/crafty-4/servers/00000000-0000-0000-0000-000000000001/mods}, reader: mod manifest]
[20Jul2026 16:47:32.434] [main/INFO] [net.neoforged.fml.loading.moddiscovery.ModDiscoverer/SCAN]: Found mod file "chipped-neoforge-1.21.1-4.0.2.jar" [locator: {mods folder locator at /var/opt/minecraft/crafty/crafty-4/servers/00000000-0000-0000-0000-000000000001/mods}, reader: mod manifest]
[20Jul2026 16:47:32.436] [main/INFO] [net.neoforged.fml.loading.moddiscovery.ModDiscoverer/SCAN]: Found mod file "Chunky-NeoForge-1.4.23.jar" [locator: {mods folder locator at /var/opt/minecraft/crafty/crafty-4/servers/00000000-0000-0000-0000-000000000001/mods}, reader: mod manifest]
[20Jul2026 16:47:32.436] [main/INFO] [net.neoforged.fml.loading.moddiscovery.ModDiscoverer/SCAN]: Found mod file "cloth-config-15.0.140-neoforge.jar" [locator: {mods folder locator at /var/opt/minecraft/crafty/crafty-4/servers/00000000-0000-0000-0000-000000000001/mods}, reader: mod manifest]
[20Jul2026 16:47:32.438] [main/INFO] [net.neoforged.fml.loading.moddiscovery.ModDiscoverer/SCAN]: Found mod file "collective-1.21.1-8.25.jar" [locator: {mods folder locator at /var/opt/minecraft/crafty/crafty-4/servers/00000000-0000-0000-0000-000000000001/mods}, reader: mod manifest]
[20Jul2026 16:47:32.439] [main/INFO] [net.neoforged.fml.loading.moddiscovery.ModDiscoverer/SCAN]: Found mod file "Companion-1.21.1-NeoForge-6.2.1.jar" [locator: {mods folder locator at /var/opt/minecraft/crafty/crafty-4/servers/00000000-0000-0000-0000-000000000001/mods}, reader: mod manifest]
[20Jul2026 16:47:32.439] [main/INFO] [net.neoforged.fml.loading.moddiscovery.ModDiscoverer/SCAN]: Found library file "ConfiguredDefaults-v21.1.3-1.21.1-NeoForge.jar" [locator: {mods folder locator at /var/opt/minecraft/crafty/crafty-4/servers/00000000-0000-0000-0000-000000000001/mods}, reader: mod manifest]
[20Jul2026 16:47:32.440] [main/INFO] [net.neoforged.fml.loading.moddiscovery.ModDiscoverer/SCAN]: Found mod file "connectiblechains-neoforge-1.21.1-2.1.0.jar" [locator: {mods folder locator at /var/opt/minecraft/crafty/crafty-4/servers/00000000-0000-0000-0000-000000000001/mods}, reader: mod manifest]
[20Jul2026 16:47:32.441] [main/INFO] [net.neoforged.fml.loading.moddiscovery.ModDiscoverer/SCAN]: Found mod file "ConnectorExtras-1.12.1+1.21.1.jar" [locator: {mods folder locator at /var/opt/minecraft/crafty/crafty-4/servers/00000000-0000-0000-0000-000000000001/mods}, reader: mod manifest]
[20Jul2026 16:47:32.442] [main/INFO] [net.neoforged.fml.loading.moddiscovery.ModDiscoverer/SCAN]: Found mod file "ConsoleFilter-1.21.1-4.0.0-neoforge.jar" [locator: {mods folder locator at /var/opt/minecraft/crafty/crafty-4/servers/00000000-0000-0000-0000-000000000001/mods}, reader: mod manifest]
[20Jul2026 16:47:32.443] [main/INFO] [net.neoforged.fml.loading.moddiscovery.ModDiscoverer/SCAN]: Found mod file "copycats-3.0.4+mc.1.21.1-neoforge.jar" [locator: {mods folder locator at /var/opt/minecraft/crafty/crafty-4/servers/00000000-0000-0000-0000-000000000001/mods}, reader: mod manifest]
[20Jul2026 16:47:32.445] [main/INFO] [net.neoforged.fml.loading.moddiscovery.ModDiscoverer/SCAN]: Found mod file "coroutil-neoforge-1.21.0-1.3.8.jar" [locator: {mods folder locator at /var/opt/minecraft/crafty/crafty-4/servers/00000000-0000-0000-0000-000000000001/mods}, reader: mod manifest]
[20Jul2026 16:47:32.447] [main/INFO] [net.neoforged.fml.loading.moddiscovery.ModDiscoverer/SCAN]: Found mod file "Create Encased-1.21.1-1.8.1-ht1.jar" [locator: {mods folder locator at /var/opt/minecraft/crafty/crafty-4/servers/00000000-0000-0000-0000-000000000001/mods}, reader: mod manifest]
[20Jul2026 16:47:32.452] [main/INFO] [net.neoforged.fml.loading.moddiscovery.ModDiscoverer/SCAN]: Found mod file "create-1.21.1-6.0.10.jar" [locator: {mods folder locator at /var/opt/minecraft/crafty/crafty-4/servers/00000000-0000-0000-0000-000000000001/mods}, reader: mod manifest]
[20Jul2026 16:47:32.453] [main/INFO] [net.neoforged.fml.loading.moddiscovery.ModDiscoverer/SCAN]: Found mod file "create-aeronautics-bundled-1.21.1-1.3.0.jar" [locator: {mods folder locator at /var/opt/minecraft/crafty/crafty-4/servers/00000000-0000-0000-0000-000000000001/mods}, reader: mod manifest]
[20Jul2026 16:47:32.453] [main/INFO] [net.neoforged.fml.loading.moddiscovery.ModDiscoverer/SCAN]: Found mod file "create-cardboarded-conveynience-1.21.1-neoforge-1.0.0.jar" [locator: {mods folder locator at /var/opt/minecraft/crafty/crafty-4/servers/00000000-0000-0000-0000-000000000001/mods}, reader: mod manifest]
[20Jul2026 16:47:32.454] [main/INFO] [net.neoforged.fml.loading.moddiscovery.ModDiscoverer/SCAN]: Found mod file "create-central-kitchen-2.5.0.jar" [locator: {mods folder locator at /var/opt/minecraft/crafty/crafty-4/servers/00000000-0000-0000-0000-000000000001/mods}, reader: mod manifest]
[20Jul2026 16:47:32.455] [main/INFO] [net.neoforged.fml.loading.moddiscovery.ModDiscoverer/SCAN]: Found mod file "create-confectionery1.21.1_v1.1.2.jar" [locator: {mods folder locator at /var/opt/minecraft/crafty/crafty-4/servers/00000000-0000-0000-0000-000000000001/mods}, reader: mod manifest]
[20Jul2026 16:47:32.457] [main/INFO] [net.neoforged.fml.loading.moddiscovery.ModDiscoverer/SCAN]: Found mod file "create-enchantment-industry-2.4.2.jar" [locator: {mods folder locator at /var/opt/minecraft/crafty/crafty-4/servers/00000000-0000-0000-0000-000000000001/mods}, reader: mod manifest]
[20Jul2026 16:47:32.458] [main/INFO] [net.neoforged.fml.loading.moddiscovery.ModDiscoverer/SCAN]: Found mod file "create-extended-wrenches-1.21.1-2.0.2.jar" [locator: {mods folder locator at /var/opt/minecraft/crafty/crafty-4/servers/00000000-0000-0000-0000-000000000001/mods}, reader: mod manifest]
[20Jul2026 16:47:32.495] [main/INFO] [net.neoforged.fml.loading.moddiscovery.ModDiscoverer/SCAN]: Found mod file "create-shufflefilter-2.1.0-neo.jar" [locator: {mods folder locator at /var/opt/minecraft/crafty/crafty-4/servers/00000000-0000-0000-0000-000000000001/mods}, reader: mod manifest]
[20Jul2026 16:47:32.499] [main/INFO] [net.neoforged.fml.loading.moddiscovery.ModDiscoverer/SCAN]: Found mod file "create_bb-1.0.7-1.21.1-Neoforge.jar" [locator: {mods folder locator at /var/opt/minecraft/crafty/crafty-4/servers/00000000-0000-0000-0000-000000000001/mods}, reader: mod manifest]
[20Jul2026 16:47:32.501] [main/INFO] [net.neoforged.fml.loading.moddiscovery.ModDiscoverer/SCAN]: Found mod file "create_better_villagers-1.3.2.jar" [locator: {mods folder locator at /var/opt/minecraft/crafty/crafty-4/servers/00000000-0000-0000-0000-000000000001/mods}, reader: mod manifest]
[20Jul2026 16:47:32.504] [main/INFO] [net.neoforged.fml.loading.moddiscovery.ModDiscoverer/SCAN]: Found mod file "create_connected-1.2.2-mc1.21.1.jar" [locator: {mods folder locator at /var/opt/minecraft/crafty/crafty-4/servers/00000000-0000-0000-0000-000000000001/mods}, reader: mod manifest]
[20Jul2026 16:47:32.505] [main/INFO] [net.neoforged.fml.loading.moddiscovery.ModDiscoverer/SCAN]: Found mod file "create_factory-0.7a-1.21.1.jar" [locator: {mods folder locator at /var/opt/minecraft/crafty/crafty-4/servers/00000000-0000-0000-0000-000000000001/mods}, reader: mod manifest]
[20Jul2026 16:47:32.507] [main/INFO] [net.neoforged.fml.loading.moddiscovery.ModDiscoverer/SCAN]: Found mod file "create_ltab-4.0.2.jar" [locator: {mods folder locator at /var/opt/minecraft/crafty/crafty-4/servers/00000000-0000-0000-0000-000000000001/mods}, reader: mod manifest]
[20Jul2026 16:47:32.508] [main/INFO] [net.neoforged.fml.loading.moddiscovery.ModDiscoverer/SCAN]: Found mod file "create_pattern_schematics-2.0.10.jar" [locator: {mods folder locator at /var/opt/minecraft/crafty/crafty-4/servers/00000000-0000-0000-0000-000000000001/mods}, reader: mod manifest]
[20Jul2026 16:47:32.509] [main/INFO] [net.neoforged.fml.loading.moddiscovery.ModDiscoverer/SCAN]: Found mod file "create_power_loader-2.0.5-mc1.21.1.jar" [locator: {mods folder locator at /var/opt/minecraft/crafty/crafty-4/servers/00000000-0000-0000-0000-000000000001/mods}, reader: mod manifest]
[20Jul2026 16:47:32.510] [main/INFO] [net.neoforged.fml.loading.moddiscovery.ModDiscoverer/SCAN]: Found mod file "create_submarine-2.1.6.jar" [locator: {mods folder locator at /var/opt/minecraft/crafty/crafty-4/servers/00000000-0000-0000-0000-000000000001/mods}, reader: mod manifest]
[20Jul2026 16:47:32.511] [main/INFO] [net.neoforged.fml.loading.moddiscovery.ModDiscoverer/SCAN]: Found mod file "create_ultimate_factory-2.2.4-neoforge-1.21.1.jar" [locator: {mods folder locator at /var/opt/minecraft/crafty/crafty-4/servers/00000000-0000-0000-0000-000000000001/mods}, reader: mod manifest]
[20Jul2026 16:47:32.512] [main/INFO] [net.neoforged.fml.loading.moddiscovery.ModDiscoverer/SCAN]: Found mod file "createaddition-1.6.0.jar" [locator: {mods folder locator at /var/opt/minecraft/crafty/crafty-4/servers/00000000-0000-0000-0000-000000000001/mods}, reader: mod manifest]
[20Jul2026 16:47:32.514] [main/INFO] [net.neoforged.fml.loading.moddiscovery.ModDiscoverer/SCAN]: Found mod file "createdeco-2.1.3.jar" [locator: {mods folder locator at /var/opt/minecraft/crafty/crafty-4/servers/00000000-0000-0000-0000-000000000001/mods}, reader: mod manifest]
[20Jul2026 16:47:32.515] [main/INFO] [net.neoforged.fml.loading.moddiscovery.ModDiscoverer/SCAN]: Found mod file "createdieselgenerators-1.21.1-1.3.13.jar" [locator: {mods folder locator at /var/opt/minecraft/crafty/crafty-4/servers/00000000-0000-0000-0000-000000000001/mods}, reader: mod manifest]
[20Jul2026 16:47:32.516] [main/INFO] [net.neoforged.fml.loading.moddiscovery.ModDiscoverer/SCAN]: Found mod file "CreateDragonsPlus-1.11.2b.jar" [locator: {mods folder locator at /var/opt/minecraft/crafty/crafty-4/servers/00000000-0000-0000-0000-000000000001/mods}, reader: mod manifest]
[20Jul2026 16:47:32.521] [main/INFO] [net.neoforged.fml.loading.moddiscovery.ModDiscoverer/SCAN]: Found mod file "createfood-neoforge-1.21.1-2.5.0.jar" [locator: {mods folder locator at /var/opt/minecraft/crafty/crafty-4/servers/00000000-0000-0000-0000-000000000001/mods}, reader: mod manifest]
[20Jul2026 16:47:32.522] [main/INFO] [net.neoforged.fml.loading.moddiscovery.ModDiscoverer/SCAN]: Found mod file "createframed-1.21.1-1.7.3.jar" [locator: {mods folder locator at /var/opt/minecraft/crafty/crafty-4/servers/00000000-0000-0000-0000-000000000001/mods}, reader: mod manifest]
[20Jul2026 16:47:32.523] [main/INFO] [net.neoforged.fml.loading.moddiscovery.ModDiscoverer/SCAN]: Found mod file "creategoggles-1.21.1-6.1.1-[NEOFORGE].jar" [locator: {mods folder locator at /var/opt/minecraft/crafty/crafty-4/servers/00000000-0000-0000-0000-000000000001/mods}, reader: mod manifest]
[20Jul2026 16:47:32.524] [main/INFO] [net.neoforged.fml.loading.moddiscovery.ModDiscoverer/SCAN]: Found mod file "CreateNumismatics-1.0.20+neoforge-mc1.21.1.jar" [locator: {mods folder locator at /var/opt/minecraft/crafty/crafty-4/servers/00000000-0000-0000-0000-000000000001/mods}, reader: mod manifest]
[20Jul2026 16:47:32.525] [main/INFO] [net.neoforged.fml.loading.moddiscovery.ModDiscoverer/SCAN]: Found mod file "createprism-1.2.2.jar" [locator: {mods folder locator at /var/opt/minecraft/crafty/crafty-4/servers/00000000-0000-0000-0000-000000000001/mods}, reader: mod manifest]
[20Jul2026 16:47:32.526] [main/INFO] [net.neoforged.fml.loading.moddiscovery.ModDiscoverer/SCAN]: Found mod file "cristellib-neoforge-1.21.1-3.1.7.jar" [locator: {mods folder locator at /var/opt/minecraft/crafty/crafty-4/servers/00000000-0000-0000-0000-000000000001/mods}, reader: mod manifest]
[20Jul2026 16:47:32.527] [main/INFO] [net.neoforged.fml.loading.moddiscovery.ModDiscoverer/SCAN]: Found mod file "croptopia-neoforge-1.21.1-4.2.4.jar" [locator: {mods folder locator at /var/opt/minecraft/crafty/crafty-4/servers/00000000-0000-0000-0000-000000000001/mods}, reader: mod manifest]
[20Jul2026 16:47:32.528] [main/INFO] [net.neoforged.fml.loading.moddiscovery.ModDiscoverer/SCAN]: Found mod file "croptopiadelight-1.0.1.jar" [locator: {mods folder locator at /var/opt/minecraft/crafty/crafty-4/servers/00000000-0000-0000-0000-000000000001/mods}, reader: mod manifest]
[20Jul2026 16:47:32.529] [main/INFO] [net.neoforged.fml.loading.moddiscovery.ModDiscoverer/SCAN]: Found mod file "curios-neoforge-9.5.1+1.21.1.jar" [locator: {mods folder locator at /var/opt/minecraft/crafty/crafty-4/servers/00000000-0000-0000-0000-000000000001/mods}, reader: mod manifest]
[20Jul2026 16:47:32.530] [main/INFO] [net.neoforged.fml.loading.moddiscovery.ModDiscoverer/SCAN]: Found mod file "CutThrough-v21.1.0-1.21.1-NeoForge.jar" [locator: {mods folder locator at /var/opt/minecraft/crafty/crafty-4/servers/00000000-0000-0000-0000-000000000001/mods}, reader: mod manifest]
[20Jul2026 16:47:32.531] [main/INFO] [net.neoforged.fml.loading.moddiscovery.ModDiscoverer/SCAN]: Found mod file "deeperdarker-neoforge-1.21.1-1.4.1.jar" [locator: {mods folder locator at /var/opt/minecraft/crafty/crafty-4/servers/00000000-0000-0000-0000-000000000001/mods}, reader: mod manifest]
[20Jul2026 16:47:32.531] [main/INFO] [net.neoforged.fml.loading.moddiscovery.ModDiscoverer/SCAN]: Found mod file "delightfulcreators-1.2.jar" [locator: {mods folder locator at /var/opt/minecraft/crafty/crafty-4/servers/00000000-0000-0000-0000-000000000001/mods}, reader: mod manifest]
[20Jul2026 16:47:32.534] [main/INFO] [net.neoforged.fml.loading.moddiscovery.ModDiscoverer/SCAN]: Found mod file "Design-n-Decor-1.21.1-2.2b.jar" [locator: {mods folder locator at /var/opt/minecraft/crafty/crafty-4/servers/00000000-0000-0000-0000-000000000001/mods}, reader: mod manifest]
[20Jul2026 16:47:32.535] [main/INFO] [net.neoforged.fml.loading.moddiscovery.ModDiscoverer/SCAN]: Found mod file "displaydelight-1.6.0.jar" [locator: {mods folder locator at /var/opt/minecraft/crafty/crafty-4/servers/00000000-0000-0000-0000-000000000001/mods}, reader: mod manifest]
[20Jul2026 16:47:32.536] [main/INFO] [net.neoforged.fml.loading.moddiscovery.ModDiscoverer/SCAN]: Found mod file "DistantHorizons-2.4.5-b-1.21.1-fabric-neoforge.jar" [locator: {mods folder locator at /var/opt/minecraft/crafty/crafty-4/servers/00000000-0000-0000-0000-000000000001/mods}, reader: mod manifest]
[20Jul2026 16:47:32.537] [main/INFO] [net.neoforged.fml.loading.moddiscovery.ModDiscoverer/SCAN]: Found mod file "distractingtrims-neoforge-1.21.1-21.1.1.jar" [locator: {mods folder locator at /var/opt/minecraft/crafty/crafty-4/servers/00000000-0000-0000-0000-000000000001/mods}, reader: mod manifest]
[20Jul2026 16:47:32.538] [main/INFO] [net.neoforged.fml.loading.moddiscovery.ModDiscoverer/SCAN]: Found mod file "DnDesires-1.21.1-2.3a-BETA.jar" [locator: {mods folder locator at /var/opt/minecraft/crafty/crafty-4/servers/00000000-0000-0000-0000-000000000001/mods}, reader: mod manifest]
[20Jul2026 16:47:32.539] [main/INFO] [net.neoforged.fml.loading.moddiscovery.ModDiscoverer/SCAN]: Found mod file "dsbg-1.0-1.21.1-neoforge.jar" [locator: {mods folder locator at /var/opt/minecraft/crafty/crafty-4/servers/00000000-0000-0000-0000-000000000001/mods}, reader: mod manifest]
[20Jul2026 16:47:32.541] [main/INFO] [net.neoforged.fml.loading.moddiscovery.ModDiscoverer/SCAN]: Found mod file "dungeons-and-taverns-v4.4.4.jar" [locator: {mods folder locator at /var/opt/minecraft/crafty/crafty-4/servers/00000000-0000-0000-0000-000000000001/mods}, reader: mod manifest]
[20Jul2026 16:47:32.541] [main/INFO] [net.neoforged.fml.loading.moddiscovery.ModDiscoverer/SCAN]: Found mod file "EasyAnvils-v21.1.0-1.21.1-NeoForge.jar" [locator: {mods folder locator at /var/opt/minecraft/crafty/crafty-4/servers/00000000-0000-0000-0000-000000000001/mods}, reader: mod manifest]
[20Jul2026 16:47:32.542] [main/INFO] [net.neoforged.fml.loading.moddiscovery.ModDiscoverer/SCAN]: Found mod file "ecologics-1.21.1-2.3.6.jar" [locator: {mods folder locator at /var/opt/minecraft/crafty/crafty-4/servers/00000000-0000-0000-0000-000000000001/mods}, reader: mod manifest]
[20Jul2026 16:47:32.543] [main/INFO] [net.neoforged.fml.loading.moddiscovery.ModDiscoverer/SCAN]: Found mod file "emi-1.1.24+1.21.1+neoforge.jar" [locator: {mods folder locator at /var/opt/minecraft/crafty/crafty-4/servers/00000000-0000-0000-0000-000000000001/mods}, reader: mod manifest]
[20Jul2026 16:47:32.543] [main/INFO] [net.neoforged.fml.loading.moddiscovery.ModDiscoverer/SCAN]: Found mod file "emi_create_schematics-1.1.0.jar" [locator: {mods folder locator at /var/opt/minecraft/crafty/crafty-4/servers/00000000-0000-0000-0000-000000000001/mods}, reader: mod manifest]
[20Jul2026 16:47:32.544] [main/INFO] [net.neoforged.fml.loading.moddiscovery.ModDiscoverer/SCAN]: Found mod file "emi_loot-0.7.9+1.21+neoforge.jar" [locator: {mods folder locator at /var/opt/minecraft/crafty/crafty-4/servers/00000000-0000-0000-0000-000000000001/mods}, reader: mod manifest]
[20Jul2026 16:47:32.545] [main/INFO] [net.neoforged.fml.loading.moddiscovery.ModDiscoverer/SCAN]: Found mod file "enchdesc-neoforge-1.21.1-21.1.10.jar" [locator: {mods folder locator at /var/opt/minecraft/crafty/crafty-4/servers/00000000-0000-0000-0000-000000000001/mods}, reader: mod manifest]
[20Jul2026 16:47:32.545] [main/INFO] [net.neoforged.fml.loading.moddiscovery.ModDiscoverer/SCAN]: Found mod file "ends_delight-2.6+neoforge.1.21.1.jar" [locator: {mods folder locator at /var/opt/minecraft/crafty/crafty-4/servers/00000000-0000-0000-0000-000000000001/mods}, reader: mod manifest]
[20Jul2026 16:47:32.546] [main/INFO] [net.neoforged.fml.loading.moddiscovery.ModDiscoverer/SCAN]: Found mod file "EpheroLib-1.21.1-NEO-FORGE-1.2.0.jar" [locator: {mods folder locator at /var/opt/minecraft/crafty/crafty-4/servers/00000000-0000-0000-0000-000000000001/mods}, reader: mod manifest]
[20Jul2026 16:47:32.547] [main/INFO] [net.neoforged.fml.loading.moddiscovery.ModDiscoverer/SCAN]: Found mod file "explosiveenhancement-neoforge-1.21.1-1.1.2.jar" [locator: {mods folder locator at /var/opt/minecraft/crafty/crafty-4/servers/00000000-0000-0000-0000-000000000001/mods}, reader: mod manifest]
[20Jul2026 16:47:32.547] [main/INFO] [net.neoforged.fml.loading.moddiscovery.ModDiscoverer/SCAN]: Found mod file "extra-mod-integrations-all-neoforge-1.0.3+1.21.1.jar" [locator: {mods folder locator at /var/opt/minecraft/crafty/crafty-4/servers/00000000-0000-0000-0000-000000000001/mods}, reader: mod manifest]
[20Jul2026 16:47:32.549] [main/INFO] [net.neoforged.fml.loading.moddiscovery.ModDiscoverer/SCAN]: Found mod file "FarmersDelight-1.21.1-1.3.2.jar" [locator: {mods folder locator at /var/opt/minecraft/crafty/crafty-4/servers/00000000-0000-0000-0000-000000000001/mods}, reader: mod manifest]
[20Jul2026 16:47:32.549] [main/INFO] [net.neoforged.fml.loading.moddiscovery.ModDiscoverer/SCAN]: Found mod file "FastSuite-1.21.1-6.0.7.jar" [locator: {mods folder locator at /var/opt/minecraft/crafty/crafty-4/servers/00000000-0000-0000-0000-000000000001/mods}, reader: mod manifest]
[20Jul2026 16:47:32.553] [main/INFO] [net.neoforged.fml.loading.moddiscovery.ModDiscoverer/SCAN]: Found mod file "ferritecore-7.0.3-neoforge.jar" [locator: {mods folder locator at /var/opt/minecraft/crafty/crafty-4/servers/00000000-0000-0000-0000-000000000001/mods}, reader: mod manifest]
[20Jul2026 16:47:32.554] [main/INFO] [net.neoforged.fml.loading.moddiscovery.ModDiscoverer/SCAN]: Found mod file "forgified-fabric-api-0.116.7+2.2.4+1.21.1.jar" [locator: {mods folder locator at /var/opt/minecraft/crafty/crafty-4/servers/00000000-0000-0000-0000-000000000001/mods}, reader: mod manifest]
[20Jul2026 16:47:32.555] [main/INFO] [net.neoforged.fml.loading.moddiscovery.ModDiscoverer/SCAN]: Found mod file "fusion-1.2.12-neoforge-mc1.21.1.jar" [locator: {mods folder locator at /var/opt/minecraft/crafty/crafty-4/servers/00000000-0000-0000-0000-000000000001/mods}, reader: mod manifest]
[20Jul2026 16:47:32.556] [main/INFO] [net.neoforged.fml.loading.moddiscovery.ModDiscoverer/SCAN]: Found mod file "fxntstorage-1.2.7+mc-1.21.1-neoforge.jar" [locator: {mods folder locator at /var/opt/minecraft/crafty/crafty-4/servers/00000000-0000-0000-0000-000000000001/mods}, reader: mod manifest]
[20Jul2026 16:47:32.556] [main/INFO] [net.neoforged.fml.loading.moddiscovery.ModDiscoverer/SCAN]: Found mod file "fzzy_config-0.7.6+1.21+neoforge.jar" [locator: {mods folder locator at /var/opt/minecraft/crafty/crafty-4/servers/00000000-0000-0000-0000-000000000001/mods}, reader: mod manifest]
[20Jul2026 16:47:32.557] [main/INFO] [net.neoforged.fml.loading.moddiscovery.ModDiscoverer/SCAN]: Found mod file "geckolib-neoforge-1.21.1-4.8.4.jar" [locator: {mods folder locator at /var/opt/minecraft/crafty/crafty-4/servers/00000000-0000-0000-0000-000000000001/mods}, reader: mod manifest]
[20Jul2026 16:47:32.558] [main/INFO] [net.neoforged.fml.loading.moddiscovery.ModDiscoverer/SCAN]: Found mod file "Geophilic v3.5.mod.jar" [locator: {mods folder locator at /var/opt/minecraft/crafty/crafty-4/servers/00000000-0000-0000-0000-000000000001/mods}, reader: mod manifest]
[20Jul2026 16:47:32.559] [main/INFO] [net.neoforged.fml.loading.moddiscovery.ModDiscoverer/SCAN]: Found mod file "gml-6.0.2.jar" [locator: {mods folder locator at /var/opt/minecraft/crafty/crafty-4/servers/00000000-0000-0000-0000-000000000001/mods}, reader: mod manifest]
[20Jul2026 16:47:32.559] [main/INFO] [net.neoforged.fml.loading.moddiscovery.ModDiscoverer/SCAN]: Found mod file "GPUTape-1.20.6-1.21x-1.0.3.jar" [locator: {mods folder locator at /var/opt/minecraft/crafty/crafty-4/servers/00000000-0000-0000-0000-000000000001/mods}, reader: mod manifest]
[20Jul2026 16:47:32.562] [main/INFO] [net.neoforged.fml.loading.moddiscovery.ModDiscoverer/SCAN]: Found mod file "iChunUtil-1.21-NeoForge-1.0.3.jar" [locator: {mods folder locator at /var/opt/minecraft/crafty/crafty-4/servers/00000000-0000-0000-0000-000000000001/mods}, reader: mod manifest]
[20Jul2026 16:47:32.562] [main/INFO] [net.neoforged.fml.loading.moddiscovery.ModDiscoverer/SCAN]: Found mod file "improved-village-placement-1.1.1.jar" [locator: {mods folder locator at /var/opt/minecraft/crafty/crafty-4/servers/00000000-0000-0000-0000-000000000001/mods}, reader: mod manifest]
[20Jul2026 16:47:32.564] [main/INFO] [net.neoforged.fml.loading.moddiscovery.ModDiscoverer/SCAN]: Found mod file "Incendium_1.21.x_v5.4.4.jar" [locator: {mods folder locator at /var/opt/minecraft/crafty/crafty-4/servers/00000000-0000-0000-0000-000000000001/mods}, reader: mod manifest]
[20Jul2026 16:47:32.565] [main/INFO] [net.neoforged.fml.loading.moddiscovery.ModDiscoverer/SCAN]: Found mod file "interiors-1.21.1-neoforge-0.6.1.jar" [locator: {mods folder locator at /var/opt/minecraft/crafty/crafty-4/servers/00000000-0000-0000-0000-000000000001/mods}, reader: mod manifest]
[20Jul2026 16:47:32.565] [main/INFO] [net.neoforged.fml.loading.moddiscovery.ModDiscoverer/SCAN]: Found mod file "Jade-1.21.1-NeoForge-15.10.5.jar" [locator: {mods folder locator at /var/opt/minecraft/crafty/crafty-4/servers/00000000-0000-0000-0000-000000000001/mods}, reader: mod manifest]
[20Jul2026 16:47:32.566] [main/INFO] [net.neoforged.fml.loading.moddiscovery.ModDiscoverer/SCAN]: Found mod file "JadeAddons-1.21.1-NeoForge-6.1.0.jar" [locator: {mods folder locator at /var/opt/minecraft/crafty/crafty-4/servers/00000000-0000-0000-0000-000000000001/mods}, reader: mod manifest]
[20Jul2026 16:47:32.567] [main/INFO] [net.neoforged.fml.loading.moddiscovery.ModDiscoverer/SCAN]: Found mod file "jademoddedentities-neoforge-1.21.1-1.3.1.jar" [locator: {mods folder locator at /var/opt/minecraft/crafty/crafty-4/servers/00000000-0000-0000-0000-000000000001/mods}, reader: mod manifest]
[20Jul2026 16:47:32.567] [main/INFO] [net.neoforged.fml.loading.moddiscovery.ModDiscoverer/SCAN]: Found mod file "kambrik-neoforge-8.0.0-beta.2.jar" [locator: {mods folder locator at /var/opt/minecraft/crafty/crafty-4/servers/00000000-0000-0000-0000-000000000001/mods}, reader: mod manifest]
[20Jul2026 16:47:32.568] [main/INFO] [net.neoforged.fml.loading.moddiscovery.ModDiscoverer/SCAN]: Found mod file "Kerria-1.3.0+1.21.1-neoforge.jar" [locator: {mods folder locator at /var/opt/minecraft/crafty/crafty-4/servers/00000000-0000-0000-0000-000000000001/mods}, reader: mod manifest]
[20Jul2026 16:47:32.569] [main/INFO] [net.neoforged.fml.loading.moddiscovery.ModDiscoverer/SCAN]: Found mod file "Kiwi-1.21.1-NeoForge-15.8.4.jar" [locator: {mods folder locator at /var/opt/minecraft/crafty/crafty-4/servers/00000000-0000-0000-0000-000000000001/mods}, reader: mod manifest]
[20Jul2026 16:47:32.569] [main/INFO] [net.neoforged.fml.loading.moddiscovery.ModDiscoverer/SCAN]: Found mod file "konkrete_neoforge_1.9.9_MC_1.21.jar" [locator: {mods folder locator at /var/opt/minecraft/crafty/crafty-4/servers/00000000-0000-0000-0000-000000000001/mods}, reader: mod manifest]
[20Jul2026 16:47:32.570] [main/INFO] [net.neoforged.fml.loading.moddiscovery.ModDiscoverer/SCAN]: Found library file "kotlinforforge-5.11.0-all.jar" [locator: {mods folder locator at /var/opt/minecraft/crafty/crafty-4/servers/00000000-0000-0000-0000-000000000001/mods}, reader: mod manifest]
[20Jul2026 16:47:32.571] [main/INFO] [net.neoforged.fml.loading.moddiscovery.ModDiscoverer/SCAN]: Found mod file "lambdynamiclights-4.8.8+1.21.1.jar" [locator: {mods folder locator at /var/opt/minecraft/crafty/crafty-4/servers/00000000-0000-0000-0000-000000000001/mods}, reader: mod manifest]
[20Jul2026 16:47:32.571] [main/INFO] [net.neoforged.fml.loading.moddiscovery.ModDiscoverer/SCAN]: Found mod file "letmedespawn-1.21.x-neoforge-1.5.0.jar" [locator: {mods folder locator at /var/opt/minecraft/crafty/crafty-4/servers/00000000-0000-0000-0000-000000000001/mods}, reader: mod manifest]
[20Jul2026 16:47:32.572] [main/INFO] [net.neoforged.fml.loading.moddiscovery.ModDiscoverer/SCAN]: Found mod file "libraryferret-neoforge-1.21.1-4.0.0.jar" [locator: {mods folder locator at /var/opt/minecraft/crafty/crafty-4/servers/00000000-0000-0000-0000-000000000001/mods}, reader: mod manifest]
[20Jul2026 16:47:32.573] [main/INFO] [net.neoforged.fml.loading.moddiscovery.ModDiscoverer/SCAN]: Found mod file "lithium-neoforge-0.15.3+mc1.21.1.jar" [locator: {mods folder locator at /var/opt/minecraft/crafty/crafty-4/servers/00000000-0000-0000-0000-000000000001/mods}, reader: mod manifest]
[20Jul2026 16:47:32.573] [main/INFO] [net.neoforged.fml.loading.moddiscovery.ModDiscoverer/SCAN]: Found mod file "lithosphere-1.8-1.21.1-8-BETA.jar" [locator: {mods folder locator at /var/opt/minecraft/crafty/crafty-4/servers/00000000-0000-0000-0000-000000000001/mods}, reader: mod manifest]
[20Jul2026 16:47:32.574] [main/INFO] [net.neoforged.fml.loading.moddiscovery.ModDiscoverer/SCAN]: Found mod file "lithostitched-1.7.9-neoforge-21.1.jar" [locator: {mods folder locator at /var/opt/minecraft/crafty/crafty-4/servers/00000000-0000-0000-0000-000000000001/mods}, reader: mod manifest]
[20Jul2026 16:47:32.574] [main/INFO] [net.neoforged.fml.loading.moddiscovery.ModDiscoverer/SCAN]: Found mod file "lodestone-1.21.1-1.8.2.jar" [locator: {mods folder locator at /var/opt/minecraft/crafty/crafty-4/servers/00000000-0000-0000-0000-000000000001/mods}, reader: mod manifest]
[20Jul2026 16:47:32.575] [main/INFO] [net.neoforged.fml.loading.moddiscovery.ModDiscoverer/SCAN]: Found mod file "lootr-neoforge-1.21.1-1.11.37.120.jar" [locator: {mods folder locator at /var/opt/minecraft/crafty/crafty-4/servers/00000000-0000-0000-0000-000000000001/mods}, reader: mod manifest]
[20Jul2026 16:47:32.575] [main/INFO] [net.neoforged.fml.loading.moddiscovery.ModDiscoverer/SCAN]: Found mod file "mapsyncer-1.0.3-neoforge-1.21.1.jar" [locator: {mods folder locator at /var/opt/minecraft/crafty/crafty-4/servers/00000000-0000-0000-0000-000000000001/mods}, reader: mod manifest]
[20Jul2026 16:47:32.576] [main/INFO] [net.neoforged.fml.loading.moddiscovery.ModDiscoverer/SCAN]: Found mod file "minersdelight-1.21.1-1.4.5.jar" [locator: {mods folder locator at /var/opt/minecraft/crafty/crafty-4/servers/00000000-0000-0000-0000-000000000001/mods}, reader: mod manifest]
[20Jul2026 16:47:32.577] [main/INFO] [net.neoforged.fml.loading.moddiscovery.ModDiscoverer/SCAN]: Found mod file "modernfix-neoforge-5.27.12+mc1.21.1.jar" [locator: {mods folder locator at /var/opt/minecraft/crafty/crafty-4/servers/00000000-0000-0000-0000-000000000001/mods}, reader: mod manifest]
[20Jul2026 16:47:32.578] [main/INFO] [net.neoforged.fml.loading.moddiscovery.ModDiscoverer/SCAN]: Found mod file "moonlight-neoforge-1.21.1-3.0.17.jar" [locator: {mods folder locator at /var/opt/minecraft/crafty/crafty-4/servers/00000000-0000-0000-0000-000000000001/mods}, reader: mod manifest]
[20Jul2026 16:47:32.579] [main/INFO] [net.neoforged.fml.loading.moddiscovery.ModDiscoverer/SCAN]: Found mod file "more_sounds-1.21.x-0.3.0-beta.jar" [locator: {mods folder locator at /var/opt/minecraft/crafty/crafty-4/servers/00000000-0000-0000-0000-000000000001/mods}, reader: mod manifest]
[20Jul2026 16:47:32.580] [main/INFO] [net.neoforged.fml.loading.moddiscovery.ModDiscoverer/SCAN]: Found mod file "moredensityfunctions-neoforge-1.21.1-2.3.0.jar" [locator: {mods folder locator at /var/opt/minecraft/crafty/crafty-4/servers/00000000-0000-0000-0000-000000000001/mods}, reader: mod manifest]
[20Jul2026 16:47:32.580] [main/INFO] [net.neoforged.fml.loading.moddiscovery.ModDiscoverer/SCAN]: Found mod file "mru-1.0.19+LTS+1.21.1+neoforge.jar" [locator: {mods folder locator at /var/opt/minecraft/crafty/crafty-4/servers/00000000-0000-0000-0000-000000000001/mods}, reader: mod manifest]
[20Jul2026 16:47:32.581] [main/INFO] [net.neoforged.fml.loading.moddiscovery.ModDiscoverer/SCAN]: Found mod file "MyNethersDelight-1.21.1-1.10.2.jar" [locator: {mods folder locator at /var/opt/minecraft/crafty/crafty-4/servers/00000000-0000-0000-0000-000000000001/mods}, reader: mod manifest]
[20Jul2026 16:47:32.582] [main/INFO] [net.neoforged.fml.loading.moddiscovery.ModDiscoverer/SCAN]: Found mod file "naturalist-1.0.2-neoforge-1.21.1.jar" [locator: {mods folder locator at /var/opt/minecraft/crafty/crafty-4/servers/00000000-0000-0000-0000-000000000001/mods}, reader: mod manifest]
[20Jul2026 16:47:32.583] [main/INFO] [net.neoforged.fml.loading.moddiscovery.ModDiscoverer/SCAN]: Found mod file "neobeefix-1.21.1-2.0.1.jar" [locator: {mods folder locator at /var/opt/minecraft/crafty/crafty-4/servers/00000000-0000-0000-0000-000000000001/mods}, reader: mod manifest]
[20Jul2026 16:47:32.584] [main/INFO] [net.neoforged.fml.loading.moddiscovery.ModDiscoverer/SCAN]: Found mod file "netherite_horse_armor-neoforge-1.21.1-2.0a.jar" [locator: {mods folder locator at /var/opt/minecraft/crafty/crafty-4/servers/00000000-0000-0000-0000-000000000001/mods}, reader: mod manifest]
[20Jul2026 16:47:32.584] [main/INFO] [net.neoforged.fml.loading.moddiscovery.ModDiscoverer/SCAN]: Found mod file "netherportalfix-neoforge-1.21.1-21.1.1.jar" [locator: {mods folder locator at /var/opt/minecraft/crafty/crafty-4/servers/00000000-0000-0000-0000-000000000001/mods}, reader: mod manifest]
[20Jul2026 16:47:32.585] [main/INFO] [net.neoforged.fml.loading.moddiscovery.ModDiscoverer/SCAN]: Found mod file "noisium-neoforge-2.7.0+mc1.21-1.21.1.jar" [locator: {mods folder locator at /var/opt/minecraft/crafty/crafty-4/servers/00000000-0000-0000-0000-000000000001/mods}, reader: mod manifest]
[20Jul2026 16:47:32.585] [main/INFO] [net.neoforged.fml.loading.moddiscovery.ModDiscoverer/SCAN]: Found mod file "Not Enough Recipe Book-NEOFORGE-0.4.3+1.21.jar" [locator: {mods folder locator at /var/opt/minecraft/crafty/crafty-4/servers/00000000-0000-0000-0000-000000000001/mods}, reader: mod manifest]
[20Jul2026 16:47:32.586] [main/INFO] [net.neoforged.fml.loading.moddiscovery.ModDiscoverer/SCAN]: Found mod file "Numismatic-Bounties-universal.jar" [locator: {mods folder locator at /var/opt/minecraft/crafty/crafty-4/servers/00000000-0000-0000-0000-000000000001/mods}, reader: mod manifest]
[20Jul2026 16:47:32.586] [main/INFO] [net.neoforged.fml.loading.moddiscovery.ModDiscoverer/SCAN]: Found mod file "OctoLib-NEOFORGE-0.6.2+1.21.jar" [locator: {mods folder locator at /var/opt/minecraft/crafty/crafty-4/servers/00000000-0000-0000-0000-000000000001/mods}, reader: mod manifest]
[20Jul2026 16:47:32.587] [main/INFO] [net.neoforged.fml.loading.moddiscovery.ModDiscoverer/SCAN]: Found mod file "Placebo-1.21.1-9.9.1.jar" [locator: {mods folder locator at /var/opt/minecraft/crafty/crafty-4/servers/00000000-0000-0000-0000-000000000001/mods}, reader: mod manifest]
[20Jul2026 16:47:32.587] [main/INFO] [net.neoforged.fml.loading.moddiscovery.ModDiscoverer/SCAN]: Found mod file "Platform-neoforge-1.21.1-1.3.3.jar" [locator: {mods folder locator at /var/opt/minecraft/crafty/crafty-4/servers/00000000-0000-0000-0000-000000000001/mods}, reader: mod manifest]
[20Jul2026 16:47:32.588] [main/INFO] [net.neoforged.fml.loading.moddiscovery.ModDiscoverer/SCAN]: Found mod file "potionstacks-1.0.0.jar" [locator: {mods folder locator at /var/opt/minecraft/crafty/crafty-4/servers/00000000-0000-0000-0000-000000000001/mods}, reader: mod manifest]
[20Jul2026 16:47:32.588] [main/INFO] [net.neoforged.fml.loading.moddiscovery.ModDiscoverer/SCAN]: Found mod file "prickle-neoforge-1.21.1-21.1.11.jar" [locator: {mods folder locator at /var/opt/minecraft/crafty/crafty-4/servers/00000000-0000-0000-0000-000000000001/mods}, reader: mod manifest]
[20Jul2026 16:47:32.589] [main/INFO] [net.neoforged.fml.loading.moddiscovery.ModDiscoverer/SCAN]: Found mod file "PuzzlesLib-v21.1.51-1.21.1-NeoForge.jar" [locator: {mods folder locator at /var/opt/minecraft/crafty/crafty-4/servers/00000000-0000-0000-0000-000000000001/mods}, reader: mod manifest]
[20Jul2026 16:47:32.590] [main/INFO] [net.neoforged.fml.loading.moddiscovery.ModDiscoverer/SCAN]: Found mod file "PuzzlesLib-v21.1.52-1.21.1-NeoForge.jar" [locator: {mods folder locator at /var/opt/minecraft/crafty/crafty-4/servers/00000000-0000-0000-0000-000000000001/mods}, reader: mod manifest]
[20Jul2026 16:47:32.593] [main/INFO] [net.neoforged.fml.loading.moddiscovery.ModDiscoverer/SCAN]: Found mod file "Quark-4.1-480.jar" [locator: {mods folder locator at /var/opt/minecraft/crafty/crafty-4/servers/00000000-0000-0000-0000-000000000001/mods}, reader: mod manifest]
[20Jul2026 16:47:32.593] [main/INFO] [net.neoforged.fml.loading.moddiscovery.ModDiscoverer/SCAN]: Found mod file "quick-pack-neoforge-1.3.2+1.21.8.jar" [locator: {mods folder locator at /var/opt/minecraft/crafty/crafty-4/servers/00000000-0000-0000-0000-000000000001/mods}, reader: mod manifest]
[20Jul2026 16:47:32.594] [main/INFO] [net.neoforged.fml.loading.moddiscovery.ModDiscoverer/SCAN]: Found mod file "radiomod-1.0.2.jar" [locator: {mods folder locator at /var/opt/minecraft/crafty/crafty-4/servers/00000000-0000-0000-0000-000000000001/mods}, reader: mod manifest]
[20Jul2026 16:47:32.598] [main/INFO] [net.neoforged.fml.loading.moddiscovery.ModDiscoverer/SCAN]: Found mod file "railways-0.2.1+neoforge-mc1.21.1.jar" [locator: {mods folder locator at /var/opt/minecraft/crafty/crafty-4/servers/00000000-0000-0000-0000-000000000001/mods}, reader: mod manifest]
[20Jul2026 16:47:32.603] [main/INFO] [net.neoforged.fml.loading.moddiscovery.ModDiscoverer/SCAN]: Found mod file "rechiseled-1.2.4-neoforge-mc1.21.jar" [locator: {mods folder locator at /var/opt/minecraft/crafty/crafty-4/servers/00000000-0000-0000-0000-000000000001/mods}, reader: mod manifest]
[20Jul2026 16:47:32.604] [main/INFO] [net.neoforged.fml.loading.moddiscovery.ModDiscoverer/SCAN]: Found mod file "rechiseled_chipped-2.0-1.21.1.jar" [locator: {mods folder locator at /var/opt/minecraft/crafty/crafty-4/servers/00000000-0000-0000-0000-000000000001/mods}, reader: mod manifest]
[20Jul2026 16:47:32.605] [main/INFO] [net.neoforged.fml.loading.moddiscovery.ModDiscoverer/SCAN]: Found mod file "rechiseledcreate-1.1.0-neoforge-mc1.21.jar" [locator: {mods folder locator at /var/opt/minecraft/crafty/crafty-4/servers/00000000-0000-0000-0000-000000000001/mods}, reader: mod manifest]
[20Jul2026 16:47:32.607] [main/INFO] [net.neoforged.fml.loading.moddiscovery.ModDiscoverer/SCAN]: Found mod file "Recipes For Create-1.2.1.jar" [locator: {mods folder locator at /var/opt/minecraft/crafty/crafty-4/servers/00000000-0000-0000-0000-000000000001/mods}, reader: mod manifest]
[20Jul2026 16:47:32.609] [main/INFO] [net.neoforged.fml.loading.moddiscovery.ModDiscoverer/SCAN]: Found mod file "regions-unexplored-0.6.1-neoforge-21.1.jar" [locator: {mods folder locator at /var/opt/minecraft/crafty/crafty-4/servers/00000000-0000-0000-0000-000000000001/mods}, reader: mod manifest]
[20Jul2026 16:47:32.609] [main/INFO] [net.neoforged.fml.loading.moddiscovery.ModDiscoverer/SCAN]: Found mod file "reintegrated_chipped-1.0.0.jar" [locator: {mods folder locator at /var/opt/minecraft/crafty/crafty-4/servers/00000000-0000-0000-0000-000000000001/mods}, reader: mod manifest]
[20Jul2026 16:47:32.610] [main/INFO] [net.neoforged.fml.loading.moddiscovery.ModDiscoverer/SCAN]: Found mod file "resourcefulconfig-neoforge-1.21-3.0.11.jar" [locator: {mods folder locator at /var/opt/minecraft/crafty/crafty-4/servers/00000000-0000-0000-0000-000000000001/mods}, reader: mod manifest]
[20Jul2026 16:47:32.610] [main/INFO] [net.neoforged.fml.loading.moddiscovery.ModDiscoverer/SCAN]: Found mod file "resourcefullib-neoforge-1.21-3.0.12.jar" [locator: {mods folder locator at /var/opt/minecraft/crafty/crafty-4/servers/00000000-0000-0000-0000-000000000001/mods}, reader: mod manifest]
[20Jul2026 16:47:32.611] [main/INFO] [net.neoforged.fml.loading.moddiscovery.ModDiscoverer/SCAN]: Found mod file "ritchiesprojectilelib-2.1.2+mc.1.21.1-neoforge.jar" [locator: {mods folder locator at /var/opt/minecraft/crafty/crafty-4/servers/00000000-0000-0000-0000-000000000001/mods}, reader: mod manifest]
[20Jul2026 16:47:32.611] [main/INFO] [net.neoforged.fml.loading.moddiscovery.ModDiscoverer/SCAN]: Found mod file "sable-neoforge-1.21.1-2.0.3.jar" [locator: {mods folder locator at /var/opt/minecraft/crafty/crafty-4/servers/00000000-0000-0000-0000-000000000001/mods}, reader: mod manifest]
[20Jul2026 16:47:32.612] [main/INFO] [net.neoforged.fml.loading.moddiscovery.ModDiscoverer/SCAN]: Found mod file "sablephysicscompat-1.3.0.jar" [locator: {mods folder locator at /var/opt/minecraft/crafty/crafty-4/servers/00000000-0000-0000-0000-000000000001/mods}, reader: mod manifest]
[20Jul2026 16:47:32.613] [main/INFO] [net.neoforged.fml.loading.moddiscovery.ModDiscoverer/SCAN]: Found mod file "scholar-neoforge-1.21.1-1.1.16.jar" [locator: {mods folder locator at /var/opt/minecraft/crafty/crafty-4/servers/00000000-0000-0000-0000-000000000001/mods}, reader: mod manifest]
[20Jul2026 16:47:32.613] [main/INFO] [net.neoforged.fml.loading.moddiscovery.ModDiscoverer/SCAN]: Found mod file "scholar-neoforge-1.21.1-1.2.0.jar" [locator: {mods folder locator at /var/opt/minecraft/crafty/crafty-4/servers/00000000-0000-0000-0000-000000000001/mods}, reader: mod manifest]
[20Jul2026 16:47:32.614] [main/INFO] [net.neoforged.fml.loading.moddiscovery.ModDiscoverer/SCAN]: Found mod file "seamlesssleep-neoforge-1.21-2.5.3.jar" [locator: {mods folder locator at /var/opt/minecraft/crafty/crafty-4/servers/00000000-0000-0000-0000-000000000001/mods}, reader: mod manifest]
[20Jul2026 16:47:32.614] [main/INFO] [net.neoforged.fml.loading.moddiscovery.ModDiscoverer/SCAN]: Found mod file "servercore-neoforge-1.5.17+1.21.1.jar" [locator: {mods folder locator at /var/opt/minecraft/crafty/crafty-4/servers/00000000-0000-0000-0000-000000000001/mods}, reader: mod manifest]
[20Jul2026 16:47:32.615] [main/INFO] [net.neoforged.fml.loading.moddiscovery.ModDiscoverer/SCAN]: Found mod file "sliceanddice-forge-4.2.4.jar" [locator: {mods folder locator at /var/opt/minecraft/crafty/crafty-4/servers/00000000-0000-0000-0000-000000000001/mods}, reader: mod manifest]
[20Jul2026 16:47:32.615] [main/INFO] [net.neoforged.fml.loading.moddiscovery.ModDiscoverer/SCAN]: Found mod file "smart_bounds-1.0.0.jar" [locator: {mods folder locator at /var/opt/minecraft/crafty/crafty-4/servers/00000000-0000-0000-0000-000000000001/mods}, reader: mod manifest]
[20Jul2026 16:47:32.616] [main/INFO] [net.neoforged.fml.loading.moddiscovery.ModDiscoverer/SCAN]: Found mod file "smarterfarmers-1.21-2.2.4-neoforge.jar" [locator: {mods folder locator at /var/opt/minecraft/crafty/crafty-4/servers/00000000-0000-0000-0000-000000000001/mods}, reader: mod manifest]
[20Jul2026 16:47:32.616] [main/INFO] [net.neoforged.fml.loading.moddiscovery.ModDiscoverer/SCAN]: Found mod file "sound-physics-remastered-neoforge-1.21.1-1.5.1.jar" [locator: {mods folder locator at /var/opt/minecraft/crafty/crafty-4/servers/00000000-0000-0000-0000-000000000001/mods}, reader: mod manifest]
[20Jul2026 16:47:32.623] [main/WARN] [net.neoforged.fml.loading.moddiscovery.ModDiscoverer/SCAN]: Skipping jar. File /var/opt/minecraft/crafty/crafty-4/servers/00000000-0000-0000-0000-000000000001/mods/squaremap-fabric-mc1.21.1-1.3.2.jar is a Fabric mod and cannot be loaded
[20Jul2026 16:47:32.625] [main/INFO] [net.neoforged.fml.loading.moddiscovery.ModDiscoverer/SCAN]: Found mod file "still-life-b1.0[UNOFFICIAL-BACKPORT-1.21.1].jar" [locator: {mods folder locator at /var/opt/minecraft/crafty/crafty-4/servers/00000000-0000-0000-0000-000000000001/mods}, reader: mod manifest]
[20Jul2026 16:47:32.625] [main/INFO] [net.neoforged.fml.loading.moddiscovery.ModDiscoverer/SCAN]: Found mod file "structure_layout_optimizer-neoforge-1.0.12.jar" [locator: {mods folder locator at /var/opt/minecraft/crafty/crafty-4/servers/00000000-0000-0000-0000-000000000001/mods}, reader: mod manifest]
[20Jul2026 16:47:32.626] [main/INFO] [net.neoforged.fml.loading.moddiscovery.ModDiscoverer/SCAN]: Found mod file "supermartijn642configlib-1.1.8-neoforge-mc1.21.jar" [locator: {mods folder locator at /var/opt/minecraft/crafty/crafty-4/servers/00000000-0000-0000-0000-000000000001/mods}, reader: mod manifest]
[20Jul2026 16:47:32.627] [main/INFO] [net.neoforged.fml.loading.moddiscovery.ModDiscoverer/SCAN]: Found mod file "supermartijn642corelib-1.1.21-neoforge-mc1.21.jar" [locator: {mods folder locator at /var/opt/minecraft/crafty/crafty-4/servers/00000000-0000-0000-0000-000000000001/mods}, reader: mod manifest]
[20Jul2026 16:47:32.629] [main/INFO] [net.neoforged.fml.loading.moddiscovery.ModDiscoverer/SCAN]: Found mod file "supplementaries-neoforge-1.21.1-3.6.8.jar" [locator: {mods folder locator at /var/opt/minecraft/crafty/crafty-4/servers/00000000-0000-0000-0000-000000000001/mods}, reader: mod manifest]
[20Jul2026 16:47:32.630] [main/INFO] [net.neoforged.fml.loading.moddiscovery.ModDiscoverer/SCAN]: Found mod file "t_and_t-neoforge-fabric-1.13.9+1.21.1.jar" [locator: {mods folder locator at /var/opt/minecraft/crafty/crafty-4/servers/00000000-0000-0000-0000-000000000001/mods}, reader: mod manifest]
[20Jul2026 16:47:32.630] [main/INFO] [net.neoforged.fml.loading.moddiscovery.ModDiscoverer/SCAN]: Found mod file "TerraBlender-neoforge-1.21.1-4.1.0.8.jar" [locator: {mods folder locator at /var/opt/minecraft/crafty/crafty-4/servers/00000000-0000-0000-0000-000000000001/mods}, reader: mod manifest]
[20Jul2026 16:47:32.631] [main/INFO] [net.neoforged.fml.loading.moddiscovery.ModDiscoverer/SCAN]: Found mod file "trashslot-neoforge-1.21.1-21.1.11.jar" [locator: {mods folder locator at /var/opt/minecraft/crafty/crafty-4/servers/00000000-0000-0000-0000-000000000001/mods}, reader: mod manifest]
[20Jul2026 16:47:32.671] [main/INFO] [net.neoforged.fml.loading.moddiscovery.ModDiscoverer/SCAN]: Found mod file "TreeChop-1.21.1-neoforge-0.19.3.jar" [locator: {mods folder locator at /var/opt/minecraft/crafty/crafty-4/servers/00000000-0000-0000-0000-000000000001/mods}, reader: mod manifest]
[20Jul2026 16:47:32.672] [main/INFO] [net.neoforged.fml.loading.moddiscovery.ModDiscoverer/SCAN]: Found mod file "txnilib-neoforge-1.0.24-1.21.1.jar" [locator: {mods folder locator at /var/opt/minecraft/crafty/crafty-4/servers/00000000-0000-0000-0000-000000000001/mods}, reader: mod manifest]
[20Jul2026 16:47:32.675] [main/INFO] [net.neoforged.fml.loading.moddiscovery.ModDiscoverer/SCAN]: Found mod file "VanillaBackport-neoforge-1.21.1-1.1.7.10.jar" [locator: {mods folder locator at /var/opt/minecraft/crafty/crafty-4/servers/00000000-0000-0000-0000-000000000001/mods}, reader: mod manifest]
[20Jul2026 16:47:32.677] [main/INFO] [net.neoforged.fml.loading.moddiscovery.ModDiscoverer/SCAN]: Found mod file "villagercurrency-1.1.1-neoforge-1.21.1.jar" [locator: {mods folder locator at /var/opt/minecraft/crafty/crafty-4/servers/00000000-0000-0000-0000-000000000001/mods}, reader: mod manifest]
[20Jul2026 16:47:32.678] [main/INFO] [net.neoforged.fml.loading.moddiscovery.ModDiscoverer/SCAN]: Found mod file "watchtower-neoforge-1.1.0+mc1.21.jar" [locator: {mods folder locator at /var/opt/minecraft/crafty/crafty-4/servers/00000000-0000-0000-0000-000000000001/mods}, reader: mod manifest]
[20Jul2026 16:47:32.679] [main/INFO] [net.neoforged.fml.loading.moddiscovery.ModDiscoverer/SCAN]: Found mod file "Xaeros_Minimap_25.3.2_NeoForge_1.21.jar" [locator: {mods folder locator at /var/opt/minecraft/crafty/crafty-4/servers/00000000-0000-0000-0000-000000000001/mods}, reader: mod manifest]
[20Jul2026 16:47:32.680] [main/INFO] [net.neoforged.fml.loading.moddiscovery.ModDiscoverer/SCAN]: Found mod file "XaerosWorldMap_1.40.2_NeoForge_1.21.jar" [locator: {mods folder locator at /var/opt/minecraft/crafty/crafty-4/servers/00000000-0000-0000-0000-000000000001/mods}, reader: mod manifest]
[20Jul2026 16:47:32.681] [main/INFO] [net.neoforged.fml.loading.moddiscovery.ModDiscoverer/SCAN]: Found mod file "yeetusexperimentus-neoforge-87.0.0.jar" [locator: {mods folder locator at /var/opt/minecraft/crafty/crafty-4/servers/00000000-0000-0000-0000-000000000001/mods}, reader: mod manifest]
[20Jul2026 16:47:32.682] [main/INFO] [net.neoforged.fml.loading.moddiscovery.ModDiscoverer/SCAN]: Found mod file "yet_another_config_lib_v3-3.8.2+1.21.1-neoforge.jar" [locator: {mods folder locator at /var/opt/minecraft/crafty/crafty-4/servers/00000000-0000-0000-0000-000000000001/mods}, reader: mod manifest]
[20Jul2026 16:47:32.683] [main/INFO] [net.neoforged.fml.loading.moddiscovery.ModDiscoverer/SCAN]: Found mod file "YungsApi-1.21.1-NeoForge-5.1.6.jar" [locator: {mods folder locator at /var/opt/minecraft/crafty/crafty-4/servers/00000000-0000-0000-0000-000000000001/mods}, reader: mod manifest]
[20Jul2026 16:47:32.683] [main/INFO] [net.neoforged.fml.loading.moddiscovery.ModDiscoverer/SCAN]: Found mod file "YungsBetterDesertTemples-1.21.1-NeoForge-4.1.5.jar" [locator: {mods folder locator at /var/opt/minecraft/crafty/crafty-4/servers/00000000-0000-0000-0000-000000000001/mods}, reader: mod manifest]
[20Jul2026 16:47:32.684] [main/INFO] [net.neoforged.fml.loading.moddiscovery.ModDiscoverer/SCAN]: Found mod file "YungsBetterDungeons-1.21.1-NeoForge-5.1.4.jar" [locator: {mods folder locator at /var/opt/minecraft/crafty/crafty-4/servers/00000000-0000-0000-0000-000000000001/mods}, reader: mod manifest]
[20Jul2026 16:47:32.684] [main/INFO] [net.neoforged.fml.loading.moddiscovery.ModDiscoverer/SCAN]: Found mod file "YungsBetterEndIsland-1.21.1-NeoForge-3.1.2.jar" [locator: {mods folder locator at /var/opt/minecraft/crafty/crafty-4/servers/00000000-0000-0000-0000-000000000001/mods}, reader: mod manifest]
[20Jul2026 16:47:32.685] [main/INFO] [net.neoforged.fml.loading.moddiscovery.ModDiscoverer/SCAN]: Found mod file "YungsBetterMineshafts-1.21.1-NeoForge-5.1.1.jar" [locator: {mods folder locator at /var/opt/minecraft/crafty/crafty-4/servers/00000000-0000-0000-0000-000000000001/mods}, reader: mod manifest]
[20Jul2026 16:47:32.685] [main/INFO] [net.neoforged.fml.loading.moddiscovery.ModDiscoverer/SCAN]: Found mod file "YungsBetterNetherFortresses-1.21.1-NeoForge-3.1.5.jar" [locator: {mods folder locator at /var/opt/minecraft/crafty/crafty-4/servers/00000000-0000-0000-0000-000000000001/mods}, reader: mod manifest]
[20Jul2026 16:47:32.686] [main/INFO] [net.neoforged.fml.loading.moddiscovery.ModDiscoverer/SCAN]: Found mod file "YungsBetterOceanMonuments-1.21.1-NeoForge-4.1.2.jar" [locator: {mods folder locator at /var/opt/minecraft/crafty/crafty-4/servers/00000000-0000-0000-0000-000000000001/mods}, reader: mod manifest]
[20Jul2026 16:47:32.686] [main/INFO] [net.neoforged.fml.loading.moddiscovery.ModDiscoverer/SCAN]: Found mod file "YungsBetterStrongholds-1.21.1-NeoForge-5.1.3.jar" [locator: {mods folder locator at /var/opt/minecraft/crafty/crafty-4/servers/00000000-0000-0000-0000-000000000001/mods}, reader: mod manifest]
[20Jul2026 16:47:32.687] [main/INFO] [net.neoforged.fml.loading.moddiscovery.ModDiscoverer/SCAN]: Found mod file "YungsBetterWitchHuts-1.21.1-NeoForge-4.1.1.jar" [locator: {mods folder locator at /var/opt/minecraft/crafty/crafty-4/servers/00000000-0000-0000-0000-000000000001/mods}, reader: mod manifest]
[20Jul2026 16:47:32.688] [main/INFO] [net.neoforged.fml.loading.moddiscovery.ModDiscoverer/SCAN]: Found mod file "YungsBridges-1.21.1-NeoForge-5.1.1.jar" [locator: {mods folder locator at /var/opt/minecraft/crafty/crafty-4/servers/00000000-0000-0000-0000-000000000001/mods}, reader: mod manifest]
[20Jul2026 16:47:32.688] [main/INFO] [net.neoforged.fml.loading.moddiscovery.ModDiscoverer/SCAN]: Found mod file "YungsExtras-1.21.1-NeoForge-5.1.1.jar" [locator: {mods folder locator at /var/opt/minecraft/crafty/crafty-4/servers/00000000-0000-0000-0000-000000000001/mods}, reader: mod manifest]
[20Jul2026 16:47:32.689] [main/INFO] [net.neoforged.fml.loading.moddiscovery.ModDiscoverer/SCAN]: Found mod file "Zeta-1.1-40.jar" [locator: {mods folder locator at /var/opt/minecraft/crafty/crafty-4/servers/00000000-0000-0000-0000-000000000001/mods}, reader: mod manifest]
[20Jul2026 16:47:32.690] [main/INFO] [net.neoforged.fml.loading.moddiscovery.ModDiscoverer/SCAN]: Found mod file "zfastnoise-1.0.11+2+1.21.1+neoforge.jar" [locator: {mods folder locator at /var/opt/minecraft/crafty/crafty-4/servers/00000000-0000-0000-0000-000000000001/mods}, reader: mod manifest]
[20Jul2026 16:47:33.906] [main/WARN] [net.neoforged.jarjar.selection.JarSelector/]: Attempted to select a dependency jar for JarJar which was passed in as source: library:net.fabricmc.loader. Using Mod File: /~nonexistent
[20Jul2026 16:47:33.906] [main/INFO] [net.neoforged.fml.loading.moddiscovery.locators.JarInJarDependencyLocator/]: Found 177 dependencies adding them to mods collection
[20Jul2026 16:47:33.906] [main/INFO] [net.neoforged.fml.loading.moddiscovery.ModDiscoverer/SCAN]: Found mod file "c2me-fixes-worldgen-threading-issues-mc1.21.1-0.3.0+alpha.0.93.jar" [parent: c2me-neoforge-mc1.21.1-0.3.0+alpha.0.93.jar, locator: jarinjar, reader: mod manifest]
[20Jul2026 16:47:33.906] [main/INFO] [net.neoforged.fml.loading.moddiscovery.ModDiscoverer/SCAN]: Found mod file "kuma-api-neoforge-21.0.8+1.21.jar" [parent: balm-neoforge-1.21.1-21.0.58.jar, locator: jarinjar, reader: mod manifest]
[20Jul2026 16:47:33.906] [main/INFO] [net.neoforged.fml.loading.moddiscovery.ModDiscoverer/SCAN]: Found mod file "fabric-renderer-api-v1-3.4.1+9125b6dc19.jar" [parent: forgified-fabric-api-0.116.7+2.2.4+1.21.1.jar, locator: jarinjar, reader: mod manifest]
[20Jul2026 16:47:33.906] [main/INFO] [net.neoforged.fml.loading.moddiscovery.ModDiscoverer/SCAN]: Found library file "glsl-processor-0.2.3.jar" [parent: veil-neoforge-1.21.1-4.1.4.jar, locator: jarinjar]
[20Jul2026 16:47:33.906] [main/INFO] [net.neoforged.fml.loading.moddiscovery.ModDiscoverer/SCAN]: Found library file "mp3spi-1.9.5.4.jar" [parent: radiomod-1.0.2.jar, locator: jarinjar]
[20Jul2026 16:47:33.906] [main/INFO] [net.neoforged.fml.loading.moddiscovery.ModDiscoverer/SCAN]: Found mod file "ponder-neoforge-1.0.82+mc1.21.1.jar" [parent: create-1.21.1-6.0.10.jar, locator: jarinjar, reader: mod manifest]
[20Jul2026 16:47:33.906] [main/INFO] [net.neoforged.fml.loading.moddiscovery.ModDiscoverer/SCAN]: Found mod file "c2me-rewrites-chunk-serializer-mc1.21.1-0.3.0+alpha.0.93.jar" [parent: c2me-neoforge-mc1.21.1-0.3.0+alpha.0.93.jar, locator: jarinjar, reader: mod manifest]
[20Jul2026 16:47:33.906] [main/INFO] [net.neoforged.fml.loading.moddiscovery.ModDiscoverer/SCAN]: Found mod file "kubejs-bridge-1.12.1+1.21.1.jar" [parent: ConnectorExtras-1.12.1+1.21.1.jar, locator: jarinjar, reader: mod manifest]
[20Jul2026 16:47:33.906] [main/INFO] [net.neoforged.fml.loading.moddiscovery.ModDiscoverer/SCAN]: Found mod file "fabric-item-api-v1-11.2.0+0c57911319.jar" [parent: forgified-fabric-api-0.116.7+2.2.4+1.21.1.jar, locator: jarinjar, reader: mod manifest]
[20Jul2026 16:47:33.906] [main/INFO] [net.neoforged.fml.loading.moddiscovery.ModDiscoverer/SCAN]: Found mod file "modmenu-bridge-1.12.1+1.21.1.jar" [parent: ConnectorExtras-1.12.1+1.21.1.jar, locator: jarinjar, reader: mod manifest]
[20Jul2026 16:47:33.906] [main/INFO] [net.neoforged.fml.loading.moddiscovery.ModDiscoverer/SCAN]: Found mod file "fabric-rendering-fluids-v1-3.1.6+a51883b219.jar" [parent: forgified-fabric-api-0.116.7+2.2.4+1.21.1.jar, locator: jarinjar, reader: mod manifest]
[20Jul2026 16:47:33.906] [main/INFO] [net.neoforged.fml.loading.moddiscovery.ModDiscoverer/SCAN]: Found library file "opensesame-groovy-0.5.13.jar" [parent: groovybundler-2.1.7.jar, locator: jarinjar, reader: mod manifest]
[20Jul2026 16:47:33.906] [main/INFO] [net.neoforged.fml.loading.moddiscovery.ModDiscoverer/SCAN]: Found library file "MixinSquared-0.3.3.jar" [parent: mixinsquared-forge-0.3.3.jar, locator: jarinjar]
[20Jul2026 16:47:33.906] [main/INFO] [net.neoforged.fml.loading.moddiscovery.ModDiscoverer/SCAN]: Found mod file "c2me-opts-natives-math-mc1.21.1-0.3.0+alpha.0.93.jar" [parent: c2me-neoforge-mc1.21.1-0.3.0+alpha.0.93.jar, locator: jarinjar, reader: mod manifest]
[20Jul2026 16:47:33.906] [main/INFO] [net.neoforged.fml.loading.moddiscovery.ModDiscoverer/SCAN]: Found gamelibrary file "yumi-commons-collections-1.0.0.jar" [parent: lambdynamiclights-api-4.8.8+1.21.1-mojmap.jar, locator: jarinjar, reader: mod manifest]
[20Jul2026 16:47:33.906] [main/INFO] [net.neoforged.fml.loading.moddiscovery.ModDiscoverer/SCAN]: Found library file "gml-core-7.0.3.jar" [parent: gml-6.0.2.jar, locator: jarinjar, reader: mod manifest]
[20Jul2026 16:47:33.906] [main/INFO] [net.neoforged.fml.loading.moddiscovery.ModDiscoverer/SCAN]: Found mod file "c2me-fixes-general-threading-issues-mc1.21.1-0.3.0+alpha.0.93.jar" [parent: c2me-neoforge-mc1.21.1-0.3.0+alpha.0.93.jar, locator: jarinjar, reader: mod manifest]
[20Jul2026 16:47:33.906] [main/INFO] [net.neoforged.fml.loading.moddiscovery.ModDiscoverer/SCAN]: Found library file "groovybundler-2.1.7.jar" [parent: gml-core-7.0.3.jar, locator: jarinjar, reader: mod manifest]
[20Jul2026 16:47:33.906] [main/INFO] [net.neoforged.fml.loading.moddiscovery.ModDiscoverer/SCAN]: Found mod file "com.kneelawk.extra-mod-integrations.extra-mod-integrations-pneumaticcraft-neoforge-1.0.3+1.21.1.jar" [parent: extra-mod-integrations-all-neoforge-1.0.3+1.21.1.jar, locator: jarinjar, reader: mod manifest]
[20Jul2026 16:47:33.906] [main/INFO] [net.neoforged.fml.loading.moddiscovery.ModDiscoverer/SCAN]: Found mod file "fabric-convention-tags-v1-2.1.5+7f945d5b19.jar" [parent: forgified-fabric-api-0.116.7+2.2.4+1.21.1.jar, locator: jarinjar, reader: mod manifest]
[20Jul2026 16:47:33.906] [main/INFO] [net.neoforged.fml.loading.moddiscovery.ModDiscoverer/SCAN]: Found library file "kotlinx-coroutines-core-jvm-1.10.2.jar" [parent: kotlinforforge-5.11.0-all.jar, locator: jarinjar]
[20Jul2026 16:47:33.906] [main/INFO] [net.neoforged.fml.loading.moddiscovery.ModDiscoverer/SCAN]: Found mod file "fabric-block-view-api-v2-1.0.11+e9036fd419.jar" [parent: forgified-fabric-api-0.116.7+2.2.4+1.21.1.jar, locator: jarinjar, reader: mod manifest]
[20Jul2026 16:47:33.906] [main/INFO] [net.neoforged.fml.loading.moddiscovery.ModDiscoverer/SCAN]: Found mod file "fabric-command-api-v2-2.2.28+36d727be19.jar" [parent: forgified-fabric-api-0.116.7+2.2.4+1.21.1.jar, locator: jarinjar, reader: mod manifest]
[20Jul2026 16:47:33.906] [main/INFO] [net.neoforged.fml.loading.moddiscovery.ModDiscoverer/SCAN]: Found mod file "fabric-convention-tags-v2-2.11.1+87e5848019.jar" [parent: forgified-fabric-api-0.116.7+2.2.4+1.21.1.jar, locator: jarinjar, reader: mod manifest]
[20Jul2026 16:47:33.906] [main/INFO] [net.neoforged.fml.loading.moddiscovery.ModDiscoverer/SCAN]: Found mod file "fabric-data-attachment-api-v1-1.4.5+26d408aa19.jar" [parent: forgified-fabric-api-0.116.7+2.2.4+1.21.1.jar, locator: jarinjar, reader: mod manifest]
[20Jul2026 16:47:33.906] [main/INFO] [net.neoforged.fml.loading.moddiscovery.ModDiscoverer/SCAN]: Found library file "jctools-core-4.0.5.jar" [parent: c2me-neoforge-mc1.21.1-0.3.0+alpha.0.93.jar, locator: jarinjar]
[20Jul2026 16:47:33.906] [main/INFO] [net.neoforged.fml.loading.moddiscovery.ModDiscoverer/SCAN]: Found mod file "rei-bridge-1.12.1+1.21.1.jar" [parent: ConnectorExtras-1.12.1+1.21.1.jar, locator: jarinjar, reader: mod manifest]
[20Jul2026 16:47:33.906] [main/INFO] [net.neoforged.fml.loading.moddiscovery.ModDiscoverer/SCAN]: Found mod file "veil-neoforge-1.21.1-4.1.4.jar" [parent: sable-neoforge-1.21.1-2.0.3.jar, locator: jarinjar, reader: mod manifest]
[20Jul2026 16:47:33.906] [main/INFO] [net.neoforged.fml.loading.moddiscovery.ModDiscoverer/SCAN]: Found mod file "c2me-opts-math-mc1.21.1-0.3.0+alpha.0.93.jar" [parent: c2me-neoforge-mc1.21.1-0.3.0+alpha.0.93.jar, locator: jarinjar, reader: mod manifest]
[20Jul2026 16:47:33.906] [main/INFO] [net.neoforged.fml.loading.moddiscovery.ModDiscoverer/SCAN]: Found mod file "dev.simulated_team.simulated.simulated-neoforge-1.21.1-1.3.0.jar" [parent: create-aeronautics-bundled-1.21.1-1.3.0.jar, locator: jarinjar, reader: mod manifest]
[20Jul2026 16:47:33.906] [main/INFO] [net.neoforged.fml.loading.moddiscovery.ModDiscoverer/SCAN]: Found mod file "biolith-neoforge-3.0.10.jar" [parent: Quark-4.1-480.jar, locator: jarinjar, reader: mod manifest]
[20Jul2026 16:47:33.906] [main/INFO] [net.neoforged.fml.loading.moddiscovery.ModDiscoverer/SCAN]: Found library file "dev.mcstatus.watchtower.watchtower-neoforge-common-1.1.0.jar" [parent: watchtower-neoforge-1.1.0+mc1.21.jar, locator: jarinjar]
[20Jul2026 16:47:33.906] [main/INFO] [net.neoforged.fml.loading.moddiscovery.ModDiscoverer/SCAN]: Found gamelibrary file "yumi-commons-event-1.0.0.jar" [parent: lambdynamiclights-api-4.8.8+1.21.1-mojmap.jar, locator: jarinjar, reader: mod manifest]
[20Jul2026 16:47:33.906] [main/INFO] [net.neoforged.fml.loading.moddiscovery.ModDiscoverer/SCAN]: Found mod file "statuemenus-neoforge-21.1.0.jar" [parent: ArmorStatues-v21.1.0-1.21.1-NeoForge.jar, locator: jarinjar, reader: mod manifest]
[20Jul2026 16:47:33.906] [main/INFO] [net.neoforged.fml.loading.moddiscovery.ModDiscoverer/SCAN]: Found mod file "com.kneelawk.extra-mod-integrations.extra-mod-integrations-reliquary-neoforge-1.0.3+1.21.1.jar" [parent: extra-mod-integrations-all-neoforge-1.0.3+1.21.1.jar, locator: jarinjar, reader: mod manifest]
[20Jul2026 16:47:33.906] [main/INFO] [net.neoforged.fml.loading.moddiscovery.ModDiscoverer/SCAN]: Found library file "kotlin-stdlib-jdk7-2.3.0.jar" [parent: kotlinforforge-5.11.0-all.jar, locator: jarinjar]
[20Jul2026 16:47:33.906] [main/INFO] [net.neoforged.fml.loading.moddiscovery.ModDiscoverer/SCAN]: Found mod file "fabric-screen-api-v1-2.0.25+4228281319.jar" [parent: forgified-fabric-api-0.115.6+2.1.0+1.21.1.jar, locator: jarinjar, reader: mod manifest]
[20Jul2026 16:47:33.906] [main/INFO] [net.neoforged.fml.loading.moddiscovery.ModDiscoverer/SCAN]: Found library file "dazzleconf-core-1.3.0-M2.jar" [parent: servercore-neoforge-1.5.17+1.21.1.jar, locator: jarinjar]
[20Jul2026 16:47:33.906] [main/INFO] [net.neoforged.fml.loading.moddiscovery.ModDiscoverer/SCAN]: Found library file "reactive-streams-1.0.4.jar" [parent: c2me-neoforge-mc1.21.1-0.3.0+alpha.0.93.jar, locator: jarinjar]
[20Jul2026 16:47:33.906] [main/INFO] [net.neoforged.fml.loading.moddiscovery.ModDiscoverer/SCAN]: Found library file "kotlin-stdlib-jdk8-2.3.0.jar" [parent: kotlinforforge-5.11.0-all.jar, locator: jarinjar]
[20Jul2026 16:47:33.906] [main/INFO] [net.neoforged.fml.loading.moddiscovery.ModDiscoverer/SCAN]: Found mod file "c2me-base-mc1.21.1-0.3.0+alpha.0.93-all.jar" [parent: c2me-neoforge-mc1.21.1-0.3.0+alpha.0.93.jar, locator: jarinjar, reader: mod manifest]
[20Jul2026 16:47:33.906] [main/INFO] [net.neoforged.fml.loading.moddiscovery.ModDiscoverer/SCAN]: Found mod file "forgified-fabric-api-0.115.6+2.1.0+1.21.1.jar" [parent: txnilib-neoforge-1.0.24-1.21.1.jar, locator: jarinjar, reader: mod manifest]
[20Jul2026 16:47:33.906] [main/INFO] [net.neoforged.fml.loading.moddiscovery.ModDiscoverer/SCAN]: Found mod file "c2me-fixes-worldgen-vanilla-bugs-mc1.21.1-0.3.0+alpha.0.93.jar" [parent: c2me-neoforge-mc1.21.1-0.3.0+alpha.0.93.jar, locator: jarinjar, reader: mod manifest]
[20Jul2026 16:47:33.906] [main/INFO] [net.neoforged.fml.loading.moddiscovery.ModDiscoverer/SCAN]: Found mod file "pridelib-1.2.4+1.21.1-mojmap.jar" [parent: lambdynamiclights-4.8.8+1.21.1-neoforge.jar, locator: jarinjar, reader: mod manifest]
[20Jul2026 16:47:33.906] [main/INFO] [net.neoforged.fml.loading.moddiscovery.ModDiscoverer/SCAN]: Found mod file "fabric-content-registries-v0-8.0.19+5e0d320019.jar" [parent: forgified-fabric-api-0.116.7+2.2.4+1.21.1.jar, locator: jarinjar, reader: mod manifest]
[20Jul2026 16:47:33.906] [main/INFO] [net.neoforged.fml.loading.moddiscovery.ModDiscoverer/SCAN]: Found library file "kotlinx-serialization-json-jvm-1.9.0.jar" [parent: kotlinforforge-5.11.0-all.jar, locator: jarinjar]
[20Jul2026 16:47:33.906] [main/INFO] [net.neoforged.fml.loading.moddiscovery.ModDiscoverer/SCAN]: Found mod file "com.kneelawk.extra-mod-integrations.extra-mod-integrations-chipped-neoforge-1.0.3+1.21.1.jar" [parent: extra-mod-integrations-all-neoforge-1.0.3+1.21.1.jar, locator: jarinjar, reader: mod manifest]
[20Jul2026 16:47:33.906] [main/INFO] [net.neoforged.fml.loading.moddiscovery.ModDiscoverer/SCAN]: Found library file "bytecodecs-1.1.2.jar" [parent: resourcefullib-neoforge-1.21-3.0.12.jar, locator: jarinjar]
[20Jul2026 16:47:33.906] [main/INFO] [net.neoforged.fml.loading.moddiscovery.ModDiscoverer/SCAN]: Found mod file "terrablender-bridge-1.12.1+1.21.1.jar" [parent: ConnectorExtras-1.12.1+1.21.1.jar, locator: jarinjar, reader: mod manifest]
[20Jul2026 16:47:33.906] [main/INFO] [net.neoforged.fml.loading.moddiscovery.ModDiscoverer/SCAN]: Found library file "groovy-json-4.0.24.jar" [parent: groovybundler-2.1.7.jar, locator: jarinjar, reader: mod manifest]
[20Jul2026 16:47:33.906] [main/INFO] [net.neoforged.fml.loading.moddiscovery.ModDiscoverer/SCAN]: Found library file "exp4j-0.4.8.jar" [parent: c2me-neoforge-mc1.21.1-0.3.0+alpha.0.93.jar, locator: jarinjar]
[20Jul2026 16:47:33.906] [main/INFO] [net.neoforged.fml.loading.moddiscovery.ModDiscoverer/SCAN]: Found library file "snakeyaml-2.6.jar" [parent: servercore-neoforge-1.5.17+1.21.1.jar, locator: jarinjar]
[20Jul2026 16:47:33.906] [main/INFO] [net.neoforged.fml.loading.moddiscovery.ModDiscoverer/SCAN]: Found library file "dev.mcstatus.watchtower.watchtower-core-2.0.6.jar" [parent: watchtower-neoforge-1.1.0+mc1.21.jar, locator: jarinjar, reader: mod manifest]
[20Jul2026 16:47:33.906] [main/INFO] [net.neoforged.fml.loading.moddiscovery.ModDiscoverer/SCAN]: Found gamelibrary file "mixinextras-neoforge-0.5.3.jar" [parent: neoforge-21.1.233-universal.jar, locator: jarinjar, reader: mod manifest]
[20Jul2026 16:47:33.906] [main/INFO] [net.neoforged.fml.loading.moddiscovery.ModDiscoverer/SCAN]: Found library file "groovy-macro-4.0.24.jar" [parent: groovybundler-2.1.7.jar, locator: jarinjar, reader: mod manifest]
[20Jul2026 16:47:33.906] [main/INFO] [net.neoforged.fml.loading.moddiscovery.ModDiscoverer/SCAN]: Found gamelibrary file "yumi-commons-core-1.0.0.jar" [parent: yumi-mc-foundation-1.0.0-beta.1+1.21.1-mojmap.jar, locator: jarinjar, reader: mod manifest]
[20Jul2026 16:47:33.906] [main/INFO] [net.neoforged.fml.loading.moddiscovery.ModDiscoverer/SCAN]: Found mod file "fabric-game-rule-api-v1-1.0.53+36d727be19.jar" [parent: forgified-fabric-api-0.115.6+2.1.0+1.21.1.jar, locator: jarinjar, reader: mod manifest]
[20Jul2026 16:47:33.906] [main/INFO] [net.neoforged.fml.loading.moddiscovery.ModDiscoverer/SCAN]: Found mod file "fabric-api-lookup-api-v1-1.6.71+c290471319.jar" [parent: forgified-fabric-api-0.116.7+2.2.4+1.21.1.jar, locator: jarinjar, reader: mod manifest]
[20Jul2026 16:47:33.906] [main/INFO] [net.neoforged.fml.loading.moddiscovery.ModDiscoverer/SCAN]: Found mod file "c2me-fixes-chunkio-threading-issues-mc1.21.1-0.3.0+alpha.0.93.jar" [parent: c2me-neoforge-mc1.21.1-0.3.0+alpha.0.93.jar, locator: jarinjar, reader: mod manifest]
[20Jul2026 16:47:33.906] [main/INFO] [net.neoforged.fml.loading.moddiscovery.ModDiscoverer/SCAN]: Found gamelibrary file "dev.ryanhcode.sable.sable-sable_rapier-1.21.1-2.0.3.jar" [parent: sable-neoforge-1.21.1-2.0.3.jar, locator: jarinjar, reader: mod manifest]
[20Jul2026 16:47:33.906] [main/INFO] [net.neoforged.fml.loading.moddiscovery.ModDiscoverer/SCAN]: Found mod file "c2me-client-uncapvd-mc1.21.1-0.3.0+alpha.0.93.jar" [parent: c2me-neoforge-mc1.21.1-0.3.0+alpha.0.93.jar, locator: jarinjar, reader: mod manifest]
[20Jul2026 16:47:33.906] [main/INFO] [net.neoforged.fml.loading.moddiscovery.ModDiscoverer/SCAN]: Found library file "imageio-metadata-3.12.0.jar" [parent: yet_another_config_lib_v3-3.8.2+1.21.1-neoforge.jar, locator: jarinjar]
[20Jul2026 16:47:33.906] [main/INFO] [net.neoforged.fml.loading.moddiscovery.ModDiscoverer/SCAN]: Found mod file "c2me-opts-dfc-mc1.21.1-0.3.0+alpha.0.93.jar" [parent: c2me-neoforge-mc1.21.1-0.3.0+alpha.0.93.jar, locator: jarinjar, reader: mod manifest]
[20Jul2026 16:47:33.906] [main/INFO] [net.neoforged.fml.loading.moddiscovery.ModDiscoverer/SCAN]: Found library file "kotlin-stdlib-2.3.0.jar" [parent: kotlinforforge-5.11.0-all.jar, locator: jarinjar]
[20Jul2026 16:47:33.906] [main/INFO] [net.neoforged.fml.loading.moddiscovery.ModDiscoverer/SCAN]: Found mod file "cgl-1.21-neoforge-0.5.1.jar" [parent: gml-6.0.2.jar, locator: jarinjar, reader: mod manifest]
[20Jul2026 16:47:33.906] [main/INFO] [net.neoforged.fml.loading.moddiscovery.ModDiscoverer/SCAN]: Found library file "jackson-annotations-2.18.1.jar" [parent: groovybundler-2.1.7.jar, locator: jarinjar, reader: mod manifest]
[20Jul2026 16:47:33.906] [main/INFO] [net.neoforged.fml.loading.moddiscovery.ModDiscoverer/SCAN]: Found library file "groovy-ginq-4.0.24.jar" [parent: groovybundler-2.1.7.jar, locator: jarinjar, reader: mod manifest]
[20Jul2026 16:47:33.906] [main/INFO] [net.neoforged.fml.loading.moddiscovery.ModDiscoverer/SCAN]: Found library file "tomlkt-jvm-0.3.7.jar" [parent: fzzy_config-0.7.6+1.21+neoforge.jar, locator: jarinjar]
[20Jul2026 16:47:33.906] [main/INFO] [net.neoforged.fml.loading.moddiscovery.ModDiscoverer/SCAN]: Found mod file "fabric-entity-events-v1-1.8.0+5ede667619.jar" [parent: forgified-fabric-api-0.116.7+2.2.4+1.21.1.jar, locator: jarinjar, reader: mod manifest]
[20Jul2026 16:47:33.906] [main/INFO] [net.neoforged.fml.loading.moddiscovery.ModDiscoverer/SCAN]: Found library file "kaleido-config-0.3.3+1.3.2.jar" [parent: alloyed-3.0.7+1.21.1-neoforge.jar, locator: jarinjar]
[20Jul2026 16:47:33.906] [main/INFO] [net.neoforged.fml.loading.moddiscovery.ModDiscoverer/SCAN]: Found library file "commonmark-0.21.0.jar" [parent: mru-1.0.19+LTS+1.21.1+neoforge.jar, locator: jarinjar]
[20Jul2026 16:47:33.906] [main/INFO] [net.neoforged.fml.loading.moddiscovery.ModDiscoverer/SCAN]: Found library file "common-io-3.12.0.jar" [parent: yet_another_config_lib_v3-3.8.2+1.21.1-neoforge.jar, locator: jarinjar]
[20Jul2026 16:47:33.906] [main/INFO] [net.neoforged.fml.loading.moddiscovery.ModDiscoverer/SCAN]: Found mod file "fabric-loot-api-v2-3.0.15+a3ee712d19.jar" [parent: forgified-fabric-api-0.115.6+2.1.0+1.21.1.jar, locator: jarinjar, reader: mod manifest]
[20Jul2026 16:47:33.906] [main/INFO] [net.neoforged.fml.loading.moddiscovery.ModDiscoverer/SCAN]: Found mod file "lambdynamiclights-4.8.8+1.21.1-neoforge.jar" [parent: lambdynamiclights-4.8.8+1.21.1.jar, locator: jarinjar, reader: mod manifest]
[20Jul2026 16:47:33.906] [main/INFO] [net.neoforged.fml.loading.moddiscovery.ModDiscoverer/SCAN]: Found gamelibrary file "mixinsquared-forge-0.3.3.jar" [parent: supplementaries-neoforge-1.21.1-3.6.8.jar, locator: jarinjar, reader: mod manifest]
[20Jul2026 16:47:33.906] [main/INFO] [net.neoforged.fml.loading.moddiscovery.ModDiscoverer/SCAN]: Found library file "javase-3.4.0.jar" [parent: watchtower-neoforge-1.1.0+mc1.21.jar, locator: jarinjar]
[20Jul2026 16:47:33.906] [main/INFO] [net.neoforged.fml.loading.moddiscovery.ModDiscoverer/SCAN]: Found mod file "conditional-mixin-neoforge-0.6.4.jar" [parent: create-enchantment-industry-2.4.2.jar, locator: jarinjar, reader: mod manifest]
[20Jul2026 16:47:33.906] [main/INFO] [net.neoforged.fml.loading.moddiscovery.ModDiscoverer/SCAN]: Found mod file "fabric-loot-api-v3-1.0.3+333dfad919.jar" [parent: forgified-fabric-api-0.116.7+2.2.4+1.21.1.jar, locator: jarinjar, reader: mod manifest]
[20Jul2026 16:47:33.906] [main/INFO] [net.neoforged.fml.loading.moddiscovery.ModDiscoverer/SCAN]: Found mod file "fabric-rendering-data-attachment-v1-0.3.49+73761d2e19.jar" [parent: forgified-fabric-api-0.115.6+2.1.0+1.21.1.jar, locator: jarinjar, reader: mod manifest]
[20Jul2026 16:47:33.906] [main/INFO] [net.neoforged.fml.loading.moddiscovery.ModDiscoverer/SCAN]: Found mod file "com.kneelawk.extra-mod-integrations.extra-mod-integrations-isns-neoforge-1.0.3+1.21.1.jar" [parent: extra-mod-integrations-all-neoforge-1.0.3+1.21.1.jar, locator: jarinjar, reader: mod manifest]
[20Jul2026 16:47:33.906] [main/INFO] [net.neoforged.fml.loading.moddiscovery.ModDiscoverer/SCAN]: Found library file "imageio-webp-3.12.0.jar" [parent: yet_another_config_lib_v3-3.8.2+1.21.1-neoforge.jar, locator: jarinjar]
[20Jul2026 16:47:33.906] [main/INFO] [net.neoforged.fml.loading.moddiscovery.ModDiscoverer/SCAN]: Found library file "kotlinx-serialization-core-jvm-1.9.0.jar" [parent: kotlinforforge-5.11.0-all.jar, locator: jarinjar]
[20Jul2026 16:47:33.906] [main/INFO] [net.neoforged.fml.loading.moddiscovery.ModDiscoverer/SCAN]: Found mod file "fabric-networking-api-v1-4.3.0+30a980d919.jar" [parent: forgified-fabric-api-0.116.7+2.2.4+1.21.1.jar, locator: jarinjar, reader: mod manifest]
[20Jul2026 16:47:33.906] [main/INFO] [net.neoforged.fml.loading.moddiscovery.ModDiscoverer/SCAN]: Found gamelibrary file "Registrate-MC1.21-1.3.0+67.jar" [parent: create-1.21.1-6.0.10.jar, locator: jarinjar, reader: mod manifest]
[20Jul2026 16:47:33.906] [main/INFO] [net.neoforged.fml.loading.moddiscovery.ModDiscoverer/SCAN]: Found mod file "c2me-rewrites-chunkio-mc1.21.1-0.3.0+alpha.0.93.jar" [parent: c2me-neoforge-mc1.21.1-0.3.0+alpha.0.93.jar, locator: jarinjar, reader: mod manifest]
[20Jul2026 16:47:33.906] [main/INFO] [net.neoforged.fml.loading.moddiscovery.ModDiscoverer/SCAN]: Found mod file "com.kneelawk.extra-mod-integrations.extra-mod-integrations-actually-additions-neoforge-1.0.3+1.21.1.jar" [parent: extra-mod-integrations-all-neoforge-1.0.3+1.21.1.jar, locator: jarinjar, reader: mod manifest]
[20Jul2026 16:47:33.906] [main/INFO] [net.neoforged.fml.loading.moddiscovery.ModDiscoverer/SCAN]: Found mod file "c2me-opts-allocs-mc1.21.1-0.3.0+alpha.0.93.jar" [parent: c2me-neoforge-mc1.21.1-0.3.0+alpha.0.93.jar, locator: jarinjar, reader: mod manifest]
[20Jul2026 16:47:33.906] [main/INFO] [net.neoforged.fml.loading.moddiscovery.ModDiscoverer/SCAN]: Found mod file "fabric-lifecycle-events-v1-2.6.0+e40d8add19.jar" [parent: forgified-fabric-api-0.116.7+2.2.4+1.21.1.jar, locator: jarinjar, reader: mod manifest]
[20Jul2026 16:47:33.906] [main/INFO] [net.neoforged.fml.loading.moddiscovery.ModDiscoverer/SCAN]: Found library file "imageio-core-3.12.0.jar" [parent: yet_another_config_lib_v3-3.8.2+1.21.1-neoforge.jar, locator: jarinjar]
[20Jul2026 16:47:33.906] [main/INFO] [net.neoforged.fml.loading.moddiscovery.ModDiscoverer/SCAN]: Found library file "asyncutil-0.1.0.jar" [parent: c2me-neoforge-mc1.21.1-0.3.0+alpha.0.93.jar, locator: jarinjar]
[20Jul2026 16:47:33.906] [main/INFO] [net.neoforged.fml.loading.moddiscovery.ModDiscoverer/SCAN]: Found library file "opensesame-compile-0.5.13.jar" [parent: groovybundler-2.1.7.jar, locator: jarinjar, reader: mod manifest]
[20Jul2026 16:47:33.906] [main/INFO] [net.neoforged.fml.loading.moddiscovery.ModDiscoverer/SCAN]: Found mod file "percale-neoforge-1.0.0-beta.1.jar" [parent: kambrik-neoforge-8.0.0-beta.2.jar, locator: jarinjar, reader: mod manifest]
[20Jul2026 16:47:33.906] [main/INFO] [net.neoforged.fml.loading.moddiscovery.ModDiscoverer/SCAN]: Found mod file "fabric-key-binding-api-v1-1.0.47+62cc7ce119.jar" [parent: forgified-fabric-api-0.115.6+2.1.0+1.21.1.jar, locator: jarinjar, reader: mod manifest]
[20Jul2026 16:47:33.906] [main/INFO] [net.neoforged.fml.loading.moddiscovery.ModDiscoverer/SCAN]: Found mod file "fabric-client-tags-api-v1-1.1.15+e053909619.jar" [parent: forgified-fabric-api-0.115.6+2.1.0+1.21.1.jar, locator: jarinjar, reader: mod manifest]
[20Jul2026 16:47:33.906] [main/INFO] [net.neoforged.fml.loading.moddiscovery.ModDiscoverer/SCAN]: Found mod file "fabric-transfer-api-v1-5.4.3+a25cb45619.jar" [parent: forgified-fabric-api-0.116.7+2.2.4+1.21.1.jar, locator: jarinjar, reader: mod manifest]
[20Jul2026 16:47:33.906] [main/INFO] [net.neoforged.fml.loading.moddiscovery.ModDiscoverer/SCAN]: Found library file "dazzleconf-ext-snakeyaml-1.3.0-M2.jar" [parent: servercore-neoforge-1.5.17+1.21.1.jar, locator: jarinjar]
[20Jul2026 16:47:33.906] [main/INFO] [net.neoforged.fml.loading.moddiscovery.ModDiscoverer/SCAN]: Found mod file "c2me-threading-lighting-mc1.21.1-0.3.0+alpha.0.93.jar" [parent: c2me-neoforge-mc1.21.1-0.3.0+alpha.0.93.jar, locator: jarinjar, reader: mod manifest]
[20Jul2026 16:47:33.906] [main/INFO] [net.neoforged.fml.loading.moddiscovery.ModDiscoverer/SCAN]: Found library file "groovy-templates-4.0.24.jar" [parent: groovybundler-2.1.7.jar, locator: jarinjar, reader: mod manifest]
[20Jul2026 16:47:33.906] [main/INFO] [net.neoforged.fml.loading.moddiscovery.ModDiscoverer/SCAN]: Found library file "totp-1.7.1.jar" [parent: watchtower-neoforge-1.1.0+mc1.21.jar, locator: jarinjar]
[20Jul2026 16:47:33.906] [main/INFO] [net.neoforged.fml.loading.moddiscovery.ModDiscoverer/SCAN]: Found library file "tritonus-share-0.3.7.4.jar" [parent: radiomod-1.0.2.jar, locator: jarinjar]
[20Jul2026 16:47:33.906] [main/INFO] [net.neoforged.fml.loading.moddiscovery.ModDiscoverer/SCAN]: Found mod file "com.kneelawk.extra-mod-integrations.extra-mod-integrations-rechiseled-neoforge-1.0.3+1.21.1.jar" [parent: extra-mod-integrations-all-neoforge-1.0.3+1.21.1.jar, locator: jarinjar, reader: mod manifest]
[20Jul2026 16:47:33.906] [main/INFO] [net.neoforged.fml.loading.moddiscovery.ModDiscoverer/SCAN]: Found library file "json5-java-3.0.0.jar" [parent: regions-unexplored-0.6.1-neoforge-21.1.jar, locator: jarinjar]
[20Jul2026 16:47:33.906] [main/INFO] [net.neoforged.fml.loading.moddiscovery.ModDiscoverer/SCAN]: Found library file "net.neoforged.neoforge-coremods-21.1.233.jar" [parent: neoforge-21.1.233-universal.jar, locator: jarinjar, reader: mod manifest]
[20Jul2026 16:47:33.906] [main/INFO] [net.neoforged.fml.loading.moddiscovery.ModDiscoverer/SCAN]: Found mod file "fabric-model-loading-api-v1-2.1.0+6e8f52c719.jar" [parent: forgified-fabric-api-0.116.7+2.2.4+1.21.1.jar, locator: jarinjar, reader: mod manifest]
[20Jul2026 16:47:33.906] [main/INFO] [net.neoforged.fml.loading.moddiscovery.ModDiscoverer/SCAN]: Found mod file "xaerolib-neoforge-1.21-1.0.42.jar" [parent: XaerosWorldMap_1.40.2_NeoForge_1.21.jar, locator: jarinjar, reader: mod manifest]
[20Jul2026 16:47:33.907] [main/INFO] [net.neoforged.fml.loading.moddiscovery.ModDiscoverer/SCAN]: Found mod file "dev.eriksonn.aeronautics.aeronautics-neoforge-1.21.1-1.3.0.jar" [parent: create-aeronautics-bundled-1.21.1-1.3.0.jar, locator: jarinjar, reader: mod manifest]
[20Jul2026 16:47:33.907] [main/INFO] [net.neoforged.fml.loading.moddiscovery.ModDiscoverer/SCAN]: Found mod file "pehkui-bridge-1.12.1+1.21.1.jar" [parent: ConnectorExtras-1.12.1+1.21.1.jar, locator: jarinjar, reader: mod manifest]
[20Jul2026 16:47:33.907] [main/INFO] [net.neoforged.fml.loading.moddiscovery.ModDiscoverer/SCAN]: Found mod file "fabric-screen-handler-api-v1-1.3.90+8dbc56dd19.jar" [parent: forgified-fabric-api-0.116.7+2.2.4+1.21.1.jar, locator: jarinjar, reader: mod manifest]
[20Jul2026 16:47:33.907] [main/INFO] [net.neoforged.fml.loading.moddiscovery.ModDiscoverer/SCAN]: Found mod file "fabric-resource-loader-v0-1.3.1+4ea8954419.jar" [parent: forgified-fabric-api-0.116.7+2.2.4+1.21.1.jar, locator: jarinjar, reader: mod manifest]
[20Jul2026 16:47:33.907] [main/INFO] [net.neoforged.fml.loading.moddiscovery.ModDiscoverer/SCAN]: Found mod file "fabric-rendering-v1-5.1.0+1a09bd5a19.jar" [parent: forgified-fabric-api-0.116.7+2.2.4+1.21.1.jar, locator: jarinjar, reader: mod manifest]
[20Jul2026 16:47:33.907] [main/INFO] [net.neoforged.fml.loading.moddiscovery.ModDiscoverer/SCAN]: Found library file "jackson-core-2.18.1.jar" [parent: groovybundler-2.1.7.jar, locator: jarinjar, reader: mod manifest]
[20Jul2026 16:47:33.907] [main/INFO] [net.neoforged.fml.loading.moddiscovery.ModDiscoverer/SCAN]: Found mod file "fabric-renderer-indigo-1.7.1+9125b6dc19.jar" [parent: forgified-fabric-api-0.116.7+2.2.4+1.21.1.jar, locator: jarinjar, reader: mod manifest]
[20Jul2026 16:47:33.907] [main/INFO] [net.neoforged.fml.loading.moddiscovery.ModDiscoverer/SCAN]: Found library file "groovy-contracts-4.0.24.jar" [parent: groovybundler-2.1.7.jar, locator: jarinjar, reader: mod manifest]
[20Jul2026 16:47:33.907] [main/INFO] [net.neoforged.fml.loading.moddiscovery.ModDiscoverer/SCAN]: Found gamelibrary file "mixinsquared-neoforge-0.2.0-beta.6.jar" [parent: c2me-neoforge-mc1.21.1-0.3.0+alpha.0.93.jar, locator: jarinjar, reader: mod manifest]
[20Jul2026 16:47:33.907] [main/INFO] [net.neoforged.fml.loading.moddiscovery.ModDiscoverer/SCAN]: Found library file "yabn-1.0.3.jar" [parent: resourcefullib-neoforge-1.21-3.0.12.jar, locator: jarinjar]
[20Jul2026 16:47:33.907] [main/INFO] [net.neoforged.fml.loading.moddiscovery.ModDiscoverer/SCAN]: Found library file "groovy-dateutil-4.0.24.jar" [parent: groovybundler-2.1.7.jar, locator: jarinjar, reader: mod manifest]
[20Jul2026 16:47:33.907] [main/INFO] [net.neoforged.fml.loading.moddiscovery.ModDiscoverer/SCAN]: Found library file "core-3.4.0.jar" [parent: watchtower-neoforge-1.1.0+mc1.21.jar, locator: jarinjar]
[20Jul2026 16:47:33.907] [main/INFO] [net.neoforged.fml.loading.moddiscovery.ModDiscoverer/SCAN]: Found library file "kotlinx-coroutines-jdk8-1.10.2.jar" [parent: kotlinforforge-5.11.0-all.jar, locator: jarinjar]
[20Jul2026 16:47:33.907] [main/INFO] [net.neoforged.fml.loading.moddiscovery.ModDiscoverer/SCAN]: Found mod file "midnightlib-1.6.9+1.21-neoforge.jar" [parent: aileron-1.21.1-neoforge-1.1.4.jar, locator: jarinjar, reader: mod manifest]
[20Jul2026 16:47:33.907] [main/INFO] [net.neoforged.fml.loading.moddiscovery.ModDiscoverer/SCAN]: Found mod file "c2me-rewrites-chunk-system-mc1.21.1-0.3.0+alpha.0.93.jar" [parent: c2me-neoforge-mc1.21.1-0.3.0+alpha.0.93.jar, locator: jarinjar, reader: mod manifest]
[20Jul2026 16:47:33.907] [main/INFO] [net.neoforged.fml.loading.moddiscovery.ModDiscoverer/SCAN]: Found library file "jackson-dataformat-toml-2.18.1.jar" [parent: groovybundler-2.1.7.jar, locator: jarinjar, reader: mod manifest]
[20Jul2026 16:47:33.907] [main/INFO] [net.neoforged.fml.loading.moddiscovery.ModDiscoverer/SCAN]: Found library file "rxjava-3.1.12.jar" [parent: c2me-neoforge-mc1.21.1-0.3.0+alpha.0.93.jar, locator: jarinjar]
[20Jul2026 16:47:33.907] [main/INFO] [net.neoforged.fml.loading.moddiscovery.ModDiscoverer/SCAN]: Found library file "extras-utils-1.12.1+1.21.1.jar" [parent: ConnectorExtras-1.12.1+1.21.1.jar, locator: jarinjar, reader: mod manifest]
[20Jul2026 16:47:33.907] [main/INFO] [net.neoforged.fml.loading.moddiscovery.ModDiscoverer/SCAN]: Found library file "groovy-typecheckers-4.0.24.jar" [parent: groovybundler-2.1.7.jar, locator: jarinjar, reader: mod manifest]
[20Jul2026 16:47:33.907] [main/INFO] [net.neoforged.fml.loading.moddiscovery.ModDiscoverer/SCAN]: Found library file "molang-compiler-3.1.1.19.jar" [parent: veil-neoforge-1.21.1-4.1.4.jar, locator: jarinjar]
[20Jul2026 16:47:33.907] [main/INFO] [net.neoforged.fml.loading.moddiscovery.ModDiscoverer/SCAN]: Found library file "groovy-4.0.24.jar" [parent: groovybundler-2.1.7.jar, locator: jarinjar, reader: mod manifest]
[20Jul2026 16:47:33.907] [main/INFO] [net.neoforged.fml.loading.moddiscovery.ModDiscoverer/SCAN]: Found mod file "energy-bridge-1.12.1+1.21.1.jar" [parent: ConnectorExtras-1.12.1+1.21.1.jar, locator: jarinjar, reader: mod manifest]
[20Jul2026 16:47:33.907] [main/INFO] [net.neoforged.fml.loading.moddiscovery.ModDiscoverer/SCAN]: Found library file "groovy-toml-4.0.24.jar" [parent: groovybundler-2.1.7.jar, locator: jarinjar, reader: mod manifest]
[20Jul2026 16:47:33.907] [main/INFO] [net.neoforged.fml.loading.moddiscovery.ModDiscoverer/SCAN]: Found mod file "fabric-particles-v1-4.0.2+824f924c19.jar" [parent: forgified-fabric-api-0.115.6+2.1.0+1.21.1.jar, locator: jarinjar, reader: mod manifest]
[20Jul2026 16:47:33.907] [main/INFO] [net.neoforged.fml.loading.moddiscovery.ModDiscoverer/SCAN]: Found mod file "c2me-opts-worldgen-vanilla-mc1.21.1-0.3.0+alpha.0.93.jar" [parent: c2me-neoforge-mc1.21.1-0.3.0+alpha.0.93.jar, locator: jarinjar, reader: mod manifest]
[20Jul2026 16:47:33.907] [main/INFO] [net.neoforged.fml.loading.moddiscovery.ModDiscoverer/SCAN]: Found library file "common-image-3.12.0.jar" [parent: yet_another_config_lib_v3-3.8.2+1.21.1-neoforge.jar, locator: jarinjar]
[20Jul2026 16:47:33.907] [main/INFO] [net.neoforged.fml.loading.moddiscovery.ModDiscoverer/SCAN]: Found mod file "c2me-opts-scheduling-mc1.21.1-0.3.0+alpha.0.93.jar" [parent: c2me-neoforge-mc1.21.1-0.3.0+alpha.0.93.jar, locator: jarinjar, reader: mod manifest]
[20Jul2026 16:47:33.907] [main/INFO] [net.neoforged.fml.loading.moddiscovery.ModDiscoverer/SCAN]: Found mod file "fabric-transitive-access-wideners-v1-6.2.0+6c854b6f19.jar" [parent: forgified-fabric-api-0.116.7+2.2.4+1.21.1.jar, locator: jarinjar, reader: mod manifest]
[20Jul2026 16:47:33.907] [main/INFO] [net.neoforged.fml.loading.moddiscovery.ModDiscoverer/SCAN]: Found mod file "dev.ryanhcode.offroad.offroad-neoforge-1.21.1-1.3.0.jar" [parent: create-aeronautics-bundled-1.21.1-1.3.0.jar, locator: jarinjar, reader: mod manifest]
[20Jul2026 16:47:33.907] [main/INFO] [net.neoforged.fml.loading.moddiscovery.ModDiscoverer/SCAN]: Found library file "jankson-1.2.3.jar" [parent: fzzy_config-0.7.6+1.21+neoforge.jar, locator: jarinjar]
[20Jul2026 16:47:33.907] [main/INFO] [net.neoforged.fml.loading.moddiscovery.ModDiscoverer/SCAN]: Found mod file "fabric-api-base-0.4.42+d1308ded19.jar" [parent: forgified-fabric-api-0.116.7+2.2.4+1.21.1.jar, locator: jarinjar, reader: mod manifest]
[20Jul2026 16:47:33.907] [main/INFO] [net.neoforged.fml.loading.moddiscovery.ModDiscoverer/SCAN]: Found mod file "fabric-blockrenderlayer-v1-1.1.52+c290471319.jar" [parent: forgified-fabric-api-0.116.7+2.2.4+1.21.1.jar, locator: jarinjar, reader: mod manifest]
[20Jul2026 16:47:33.907] [main/INFO] [net.neoforged.fml.loading.moddiscovery.ModDiscoverer/SCAN]: Found library file "jlayer-1.0.1.4.jar" [parent: radiomod-1.0.2.jar, locator: jarinjar]
[20Jul2026 16:47:33.907] [main/INFO] [net.neoforged.fml.loading.moddiscovery.ModDiscoverer/SCAN]: Found library file "jackson-databind-2.18.1.jar" [parent: groovybundler-2.1.7.jar, locator: jarinjar, reader: mod manifest]
[20Jul2026 16:47:33.907] [main/INFO] [net.neoforged.fml.loading.moddiscovery.ModDiscoverer/SCAN]: Found mod file "fabric-block-api-v1-1.1.0+b0c22bb819.jar" [parent: forgified-fabric-api-0.116.7+2.2.4+1.21.1.jar, locator: jarinjar, reader: mod manifest]
[20Jul2026 16:47:33.907] [main/INFO] [net.neoforged.fml.loading.moddiscovery.ModDiscoverer/SCAN]: Found mod file "c2me-server-utils-mc1.21.1-0.3.0+alpha.0.93.jar" [parent: c2me-neoforge-mc1.21.1-0.3.0+alpha.0.93.jar, locator: jarinjar, reader: mod manifest]
[20Jul2026 16:47:33.907] [main/INFO] [net.neoforged.fml.loading.moddiscovery.ModDiscoverer/SCAN]: Found library file "thedarkcolour.kfflang-5.11.0.jar" [parent: kotlinforforge-5.11.0-all.jar, locator: jarinjar, reader: mod manifest]
[20Jul2026 16:47:33.907] [main/INFO] [net.neoforged.fml.loading.moddiscovery.ModDiscoverer/SCAN]: Found mod file "jei-bridge-1.12.1+1.21.1.jar" [parent: ConnectorExtras-1.12.1+1.21.1.jar, locator: jarinjar, reader: mod manifest]
[20Jul2026 16:47:33.907] [main/INFO] [net.neoforged.fml.loading.moddiscovery.ModDiscoverer/SCAN]: Found gamelibrary file "thedarkcolour.kfflib-5.11.0.jar" [parent: kotlinforforge-5.11.0-all.jar, locator: jarinjar, reader: mod manifest]
[20Jul2026 16:47:33.907] [main/INFO] [net.neoforged.fml.loading.moddiscovery.ModDiscoverer/SCAN]: Found mod file "fabric-resource-conditions-api-v1-4.3.0+5bdd099819.jar" [parent: forgified-fabric-api-0.115.6+2.1.0+1.21.1.jar, locator: jarinjar, reader: mod manifest]
[20Jul2026 16:47:33.907] [main/INFO] [net.neoforged.fml.loading.moddiscovery.ModDiscoverer/SCAN]: Found mod file "thedarkcolour.kffmod-5.11.0.jar" [parent: kotlinforforge-5.11.0-all.jar, locator: jarinjar, reader: mod manifest]
[20Jul2026 16:47:33.907] [main/INFO] [net.neoforged.fml.loading.moddiscovery.ModDiscoverer/SCAN]: Found library file "gson-0.2.1.jar" [parent: yet_another_config_lib_v3-3.8.2+1.21.1-neoforge.jar, locator: jarinjar]
[20Jul2026 16:47:33.907] [main/INFO] [net.neoforged.fml.loading.moddiscovery.ModDiscoverer/SCAN]: Found library file "kotlin-reflect-2.3.0.jar" [parent: kotlinforforge-5.11.0-all.jar, locator: jarinjar]
[20Jul2026 16:47:33.907] [main/INFO] [net.neoforged.fml.loading.moddiscovery.ModDiscoverer/SCAN]: Found mod file "sable-companion-common-1.21.1-1.6.0.jar" [parent: supplementaries-neoforge-1.21.1-3.6.8.jar, locator: jarinjar, reader: mod manifest]
[20Jul2026 16:47:33.907] [main/INFO] [net.neoforged.fml.loading.moddiscovery.ModDiscoverer/SCAN]: Found mod file "flywheel-neoforge-1.21.1-1.0.6.jar" [parent: create-1.21.1-6.0.10.jar, locator: jarinjar, reader: mod manifest]
[20Jul2026 16:47:33.907] [main/INFO] [net.neoforged.fml.loading.moddiscovery.ModDiscoverer/SCAN]: Found mod file "fabric-item-group-api-v1-4.1.7+e324903319.jar" [parent: forgified-fabric-api-0.115.6+2.1.0+1.21.1.jar, locator: jarinjar, reader: mod manifest]
[20Jul2026 16:47:33.907] [main/INFO] [net.neoforged.fml.loading.moddiscovery.ModDiscoverer/SCAN]: Found library file "opensesame-core-0.5.13.jar" [parent: groovybundler-2.1.7.jar, locator: jarinjar, reader: mod manifest]
[20Jul2026 16:47:33.907] [main/INFO] [net.neoforged.fml.loading.moddiscovery.ModDiscoverer/SCAN]: Found mod file "fabric-gametest-api-v1-2.0.5+29f188ce19.jar" [parent: forgified-fabric-api-0.115.6+2.1.0+1.21.1.jar, locator: jarinjar, reader: mod manifest]
[20Jul2026 16:47:33.907] [main/INFO] [net.neoforged.fml.loading.moddiscovery.ModDiscoverer/SCAN]: Found library file "groovy-datetime-4.0.24.jar" [parent: groovybundler-2.1.7.jar, locator: jarinjar, reader: mod manifest]
[20Jul2026 16:47:33.907] [main/INFO] [net.neoforged.fml.loading.moddiscovery.ModDiscoverer/SCAN]: Found mod file "c2me-notickvd-mc1.21.1-0.3.0+alpha.0.93.jar" [parent: c2me-neoforge-mc1.21.1-0.3.0+alpha.0.93.jar, locator: jarinjar, reader: mod manifest]
[20Jul2026 16:47:33.907] [main/INFO] [net.neoforged.fml.loading.moddiscovery.ModDiscoverer/SCAN]: Found mod file "spruceui-6.2.5+1.21.1-mojmap.jar" [parent: lambdynamiclights-4.8.8+1.21.1-neoforge.jar, locator: jarinjar, reader: mod manifest]
[20Jul2026 16:47:33.907] [main/INFO] [net.neoforged.fml.loading.moddiscovery.ModDiscoverer/SCAN]: Found mod file "yumi-mc-foundation-1.0.0-beta.1+1.21.1-mojmap.jar" [parent: lambdynamiclights-4.8.8+1.21.1-neoforge.jar, locator: jarinjar, reader: mod manifest]
[20Jul2026 16:47:33.907] [main/INFO] [net.neoforged.fml.loading.moddiscovery.ModDiscoverer/SCAN]: Found mod file "fabric-biome-api-v1-13.0.31+1e62d33c19.jar" [parent: forgified-fabric-api-0.115.6+2.1.0+1.21.1.jar, locator: jarinjar, reader: mod manifest]
[20Jul2026 16:47:33.907] [main/INFO] [net.neoforged.fml.loading.moddiscovery.ModDiscoverer/SCAN]: Found mod file "c2me-opts-worldgen-general-mc1.21.1-0.3.0+alpha.0.93.jar" [parent: c2me-neoforge-mc1.21.1-0.3.0+alpha.0.93.jar, locator: jarinjar, reader: mod manifest]
[20Jul2026 16:47:33.907] [main/INFO] [net.neoforged.fml.loading.moddiscovery.ModDiscoverer/SCAN]: Found mod file "c2me-opts-chunkio-mc1.21.1-0.3.0+alpha.0.93.jar" [parent: c2me-neoforge-mc1.21.1-0.3.0+alpha.0.93.jar, locator: jarinjar, reader: mod manifest]
[20Jul2026 16:47:33.907] [main/INFO] [net.neoforged.fml.loading.moddiscovery.ModDiscoverer/SCAN]: Found library file "groovy-macro-library-4.0.24.jar" [parent: groovybundler-2.1.7.jar, locator: jarinjar, reader: mod manifest]
[20Jul2026 16:47:33.907] [main/INFO] [net.neoforged.fml.loading.moddiscovery.ModDiscoverer/SCAN]: Found library file "json-0.2.1.jar" [parent: yet_another_config_lib_v3-3.8.2+1.21.1-neoforge.jar, locator: jarinjar]
[20Jul2026 16:47:33.907] [main/INFO] [net.neoforged.fml.loading.moddiscovery.ModDiscoverer/SCAN]: Found mod file "fabric-registry-sync-v0-5.3.1+f9aace1619.jar" [parent: forgified-fabric-api-0.116.7+2.2.4+1.21.1.jar, locator: jarinjar, reader: mod manifest]
[20Jul2026 16:47:33.907] [main/INFO] [net.neoforged.fml.loading.moddiscovery.ModDiscoverer/SCAN]: Found mod file "lambdynamiclights-api-4.8.8+1.21.1-mojmap.jar" [parent: lambdynamiclights-4.8.8+1.21.1-neoforge.jar, locator: jarinjar, reader: mod manifest]
[20Jul2026 16:47:33.907] [main/INFO] [net.neoforged.fml.loading.moddiscovery.ModDiscoverer/SCAN]: Found mod file "fabric-recipe-api-v1-5.0.15+59440bcc19.jar" [parent: forgified-fabric-api-0.116.7+2.2.4+1.21.1.jar, locator: jarinjar, reader: mod manifest]
[20Jul2026 16:47:33.907] [main/INFO] [net.neoforged.fml.loading.moddiscovery.ModDiscoverer/SCAN]: Found mod file "com.kneelawk.extra-mod-integrations.extra-mod-integrations-farmers-delight-neoforge-1.0.3+1.21.1.jar" [parent: extra-mod-integrations-all-neoforge-1.0.3+1.21.1.jar, locator: jarinjar, reader: mod manifest]
[20Jul2026 16:47:33.907] [main/INFO] [net.neoforged.fml.loading.moddiscovery.ModDiscoverer/SCAN]: Found mod file "fabric-object-builder-api-v1-15.2.1+cc242efd19.jar" [parent: forgified-fabric-api-0.116.7+2.2.4+1.21.1.jar, locator: jarinjar, reader: mod manifest]
[20Jul2026 16:47:33.907] [main/INFO] [net.neoforged.fml.loading.moddiscovery.ModDiscoverer/SCAN]: Found library file "groovy-nio-4.0.24.jar" [parent: groovybundler-2.1.7.jar, locator: jarinjar, reader: mod manifest]
[20Jul2026 16:47:33.907] [main/INFO] [net.neoforged.fml.loading.moddiscovery.ModDiscoverer/SCAN]: Found mod file "fabric-sound-api-v1-1.0.23+10b84f8419.jar" [parent: forgified-fabric-api-0.115.6+2.1.0+1.21.1.jar, locator: jarinjar, reader: mod manifest]
[20Jul2026 16:47:33.907] [main/INFO] [net.neoforged.fml.loading.moddiscovery.ModDiscoverer/SCAN]: Found library file "groovy-xml-4.0.24.jar" [parent: groovybundler-2.1.7.jar, locator: jarinjar, reader: mod manifest]
[20Jul2026 16:47:33.907] [main/INFO] [net.neoforged.fml.loading.moddiscovery.ModDiscoverer/SCAN]: Found mod file "fabric-message-api-v1-6.0.14+6a754fce19.jar" [parent: forgified-fabric-api-0.116.7+2.2.4+1.21.1.jar, locator: jarinjar, reader: mod manifest]
[20Jul2026 16:47:33.907] [main/INFO] [net.neoforged.fml.loading.moddiscovery.ModDiscoverer/SCAN]: Found mod file "emi-bridge-1.12.1+1.21.1.jar" [parent: ConnectorExtras-1.12.1+1.21.1.jar, locator: jarinjar, reader: mod manifest]
[20Jul2026 16:47:33.907] [main/INFO] [net.neoforged.fml.loading.moddiscovery.ModDiscoverer/SCAN]: Found library file "commons-codec-1.13.jar" [parent: watchtower-neoforge-1.1.0+mc1.21.jar, locator: jarinjar]
[20Jul2026 16:47:33.907] [main/INFO] [net.neoforged.fml.loading.moddiscovery.ModDiscoverer/SCAN]: Found library file "common-lang-3.12.0.jar" [parent: yet_another_config_lib_v3-3.8.2+1.21.1-neoforge.jar, locator: jarinjar]
[20Jul2026 16:47:33.907] [main/INFO] [net.neoforged.fml.loading.moddiscovery.ModDiscoverer/SCAN]: Found mod file "com.kneelawk.extra-mod-integrations.extra-mod-integrations-core-neoforge-1.0.3+1.21.1.jar" [parent: extra-mod-integrations-all-neoforge-1.0.3+1.21.1.jar, locator: jarinjar, reader: mod manifest]
[20Jul2026 16:47:33.907] [main/INFO] [net.neoforged.fml.loading.moddiscovery.ModDiscoverer/SCAN]: Found mod file "fabric-data-generation-api-v1-20.2.34+a4c3605619.jar" [parent: forgified-fabric-api-0.116.7+2.2.4+1.21.1.jar, locator: jarinjar, reader: mod manifest]
[20Jul2026 16:47:33.907] [main/INFO] [net.neoforged.fml.loading.moddiscovery.ModDiscoverer/SCAN]: Found mod file "fabric-events-interaction-v0-0.7.13+86e0887119.jar" [parent: forgified-fabric-api-0.116.7+2.2.4+1.21.1.jar, locator: jarinjar, reader: mod manifest]
[20Jul2026 16:47:34.000] [main/INFO] [org.sinytra.connector.locator.FabricModsDiscoverer/SCAN]: Fabric mod metadata not found in jar kotlinforforge.all, ignoring
[20Jul2026 16:47:34.178] [main/INFO] [org.sinytra.connector.locator.DependencyResolver/]: Dependency resolution found 27 candidates to load
[20Jul2026 16:47:34.445] [main/INFO] [net.neoforged.fml.loading.moddiscovery.ModDiscoverer/SCAN]: Found mod file "squaremap-fabric-mc1.21.1-1.3.2$adventure-platform-fabric-5.14.1_mapped_moj_1.21.1.jar" [locator: org.sinytra.connector.locator.ConnectorLocator@42a9a63e]
[20Jul2026 16:47:34.445] [main/INFO] [net.neoforged.fml.loading.moddiscovery.ModDiscoverer/SCAN]: Found mod file "squaremap-fabric-mc1.21.1-1.3.2$cardinal-components-base-6.1.1_mapped_moj_1.21.1.jar" [locator: org.sinytra.connector.locator.ConnectorLocator@42a9a63e]
[20Jul2026 16:47:34.445] [main/INFO] [net.neoforged.fml.loading.moddiscovery.ModDiscoverer/SCAN]: Found mod file "squaremap-fabric-mc1.21.1-1.3.2$cardinal-components-entity-6.1.1_mapped_moj_1.21.1.jar" [locator: org.sinytra.connector.locator.ConnectorLocator@42a9a63e]
[20Jul2026 16:47:34.445] [main/INFO] [net.neoforged.fml.loading.moddiscovery.ModDiscoverer/SCAN]: Found mod file "squaremap-fabric-mc1.21.1-1.3.2$cloud-fabric-2.0.0-beta.9_mapped_moj_1.21.1.jar" [locator: org.sinytra.connector.locator.ConnectorLocator@42a9a63e]
[20Jul2026 16:47:34.445] [main/INFO] [net.neoforged.fml.loading.moddiscovery.ModDiscoverer/SCAN]: Found mod file "squaremap-fabric-mc1.21.1-1.3.2$cloud-fabric-2.0.0-beta.9$fabric-permissions-api-0.3.1_mapped_moj_1.21.1.jar" [locator: org.sinytra.connector.locator.ConnectorLocator@42a9a63e]
[20Jul2026 16:47:34.445] [main/INFO] [net.neoforged.fml.loading.moddiscovery.ModDiscoverer/SCAN]: Found gamelibrary file "squaremap-fabric-mc1.21.1-1.3.2$cloud-fabric-2.0.0-beta.9$geantyref-1.3.15_mapped_moj_1.21.1.jar" [locator: org.sinytra.connector.locator.ConnectorLocator@42a9a63e]
[20Jul2026 16:47:34.445] [main/INFO] [net.neoforged.fml.loading.moddiscovery.ModDiscoverer/SCAN]: Found gamelibrary file "squaremap-fabric-mc1.21.1-1.3.2$adventure-platform-fabric-5.14.1$adventure-api-4.17.0_mapped_moj_1.21.1.jar" [locator: org.sinytra.connector.locator.ConnectorLocator@42a9a63e]
[20Jul2026 16:47:34.445] [main/INFO] [net.neoforged.fml.loading.moddiscovery.ModDiscoverer/SCAN]: Found gamelibrary file "squaremap-fabric-mc1.21.1-1.3.2$adventure-platform-fabric-5.14.1$adventure-key-4.17.0_mapped_moj_1.21.1.jar" [locator: org.sinytra.connector.locator.ConnectorLocator@42a9a63e]
[20Jul2026 16:47:34.445] [main/INFO] [net.neoforged.fml.loading.moddiscovery.ModDiscoverer/SCAN]: Found gamelibrary file "squaremap-fabric-mc1.21.1-1.3.2$adventure-platform-fabric-5.14.1$adventure-platform-api-4.3.3_mapped_moj_1.21.1.jar" [locator: org.sinytra.connector.locator.ConnectorLocator@42a9a63e]
[20Jul2026 16:47:34.445] [main/INFO] [net.neoforged.fml.loading.moddiscovery.ModDiscoverer/SCAN]: Found gamelibrary file "squaremap-fabric-mc1.21.1-1.3.2$adventure-platform-fabric-5.14.1$adventure-text-logger-slf4j-4.17.0_mapped_moj_1.21.1.jar" [locator: org.sinytra.connector.locator.ConnectorLocator@42a9a63e]
[20Jul2026 16:47:34.445] [main/INFO] [net.neoforged.fml.loading.moddiscovery.ModDiscoverer/SCAN]: Found gamelibrary file "squaremap-fabric-mc1.21.1-1.3.2$adventure-platform-fabric-5.14.1$adventure-text-minimessage-4.17.0_mapped_moj_1.21.1.jar" [locator: org.sinytra.connector.locator.ConnectorLocator@42a9a63e]
[20Jul2026 16:47:34.445] [main/INFO] [net.neoforged.fml.loading.moddiscovery.ModDiscoverer/SCAN]: Found gamelibrary file "squaremap-fabric-mc1.21.1-1.3.2$adventure-platform-fabric-5.14.1$adventure-text-serializer-ansi-4.17.0_mapped_moj_1.21.1.jar" [locator: org.sinytra.connector.locator.ConnectorLocator@42a9a63e]
[20Jul2026 16:47:34.445] [main/INFO] [net.neoforged.fml.loading.moddiscovery.ModDiscoverer/SCAN]: Found gamelibrary file "squaremap-fabric-mc1.21.1-1.3.2$adventure-platform-fabric-5.14.1$adventure-text-serializer-gson-4.17.0_mapped_moj_1.21.1.jar" [locator: org.sinytra.connector.locator.ConnectorLocator@42a9a63e]
[20Jul2026 16:47:34.445] [main/INFO] [net.neoforged.fml.loading.moddiscovery.ModDiscoverer/SCAN]: Found gamelibrary file "squaremap-fabric-mc1.21.1-1.3.2$adventure-platform-fabric-5.14.1$adventure-text-serializer-json-4.17.0_mapped_moj_1.21.1.jar" [locator: org.sinytra.connector.locator.ConnectorLocator@42a9a63e]
[20Jul2026 16:47:34.445] [main/INFO] [net.neoforged.fml.loading.moddiscovery.ModDiscoverer/SCAN]: Found gamelibrary file "squaremap-fabric-mc1.21.1-1.3.2$adventure-platform-fabric-5.14.1$adventure-text-serializer-plain-4.17.0_mapped_moj_1.21.1.jar" [locator: org.sinytra.connector.locator.ConnectorLocator@42a9a63e]
[20Jul2026 16:47:34.445] [main/INFO] [net.neoforged.fml.loading.moddiscovery.ModDiscoverer/SCAN]: Found gamelibrary file "squaremap-fabric-mc1.21.1-1.3.2$adventure-platform-fabric-5.14.1$ansi-1.1.0_mapped_moj_1.21.1.jar" [locator: org.sinytra.connector.locator.ConnectorLocator@42a9a63e]
[20Jul2026 16:47:34.445] [main/INFO] [net.neoforged.fml.loading.moddiscovery.ModDiscoverer/SCAN]: Found gamelibrary file "squaremap-fabric-mc1.21.1-1.3.2$adventure-platform-fabric-5.14.1$examination-api-1.3.0_mapped_moj_1.21.1.jar" [locator: org.sinytra.connector.locator.ConnectorLocator@42a9a63e]
[20Jul2026 16:47:34.445] [main/INFO] [net.neoforged.fml.loading.moddiscovery.ModDiscoverer/SCAN]: Found gamelibrary file "squaremap-fabric-mc1.21.1-1.3.2$adventure-platform-fabric-5.14.1$examination-string-1.3.0_mapped_moj_1.21.1.jar" [locator: org.sinytra.connector.locator.ConnectorLocator@42a9a63e]
[20Jul2026 16:47:34.445] [main/INFO] [net.neoforged.fml.loading.moddiscovery.ModDiscoverer/SCAN]: Found gamelibrary file "squaremap-fabric-mc1.21.1-1.3.2$adventure-platform-fabric-5.14.1$option-1.0.0_mapped_moj_1.21.1.jar" [locator: org.sinytra.connector.locator.ConnectorLocator@42a9a63e]
[20Jul2026 16:47:34.445] [main/INFO] [net.neoforged.fml.loading.moddiscovery.ModDiscoverer/SCAN]: Found gamelibrary file "squaremap-fabric-mc1.21.1-1.3.2$cloud-fabric-2.0.0-beta.9$cloud-brigadier-2.0.0-beta.9_mapped_moj_1.21.1.jar" [locator: org.sinytra.connector.locator.ConnectorLocator@42a9a63e]
[20Jul2026 16:47:34.445] [main/INFO] [net.neoforged.fml.loading.moddiscovery.ModDiscoverer/SCAN]: Found gamelibrary file "squaremap-fabric-mc1.21.1-1.3.2$cloud-fabric-2.0.0-beta.9$cloud-core-2.0.0_mapped_moj_1.21.1.jar" [locator: org.sinytra.connector.locator.ConnectorLocator@42a9a63e]
[20Jul2026 16:47:34.445] [main/INFO] [net.neoforged.fml.loading.moddiscovery.ModDiscoverer/SCAN]: Found gamelibrary file "squaremap-fabric-mc1.21.1-1.3.2$cloud-minecraft-extras-2.0.0-beta.10_mapped_moj_1.21.1.jar" [locator: org.sinytra.connector.locator.ConnectorLocator@42a9a63e]
[20Jul2026 16:47:34.445] [main/INFO] [net.neoforged.fml.loading.moddiscovery.ModDiscoverer/SCAN]: Found mod file "squaremap-fabric-mc1.21.1-1.3.2$cloud-fabric-2.0.0-beta.9$cloud-minecraft-modded-common-fabric-repack-2.0.0-beta.9_mapped_moj_1.21.1.jar" [locator: org.sinytra.connector.locator.ConnectorLocator@42a9a63e]
[20Jul2026 16:47:34.445] [main/INFO] [net.neoforged.fml.loading.moddiscovery.ModDiscoverer/SCAN]: Found gamelibrary file "squaremap-fabric-mc1.21.1-1.3.2$cloud-processors-common-1.0.0-beta.3_mapped_moj_1.21.1.jar" [locator: org.sinytra.connector.locator.ConnectorLocator@42a9a63e]
[20Jul2026 16:47:34.445] [main/INFO] [net.neoforged.fml.loading.moddiscovery.ModDiscoverer/SCAN]: Found gamelibrary file "squaremap-fabric-mc1.21.1-1.3.2$cloud-processors-confirmation-1.0.0-beta.3_mapped_moj_1.21.1.jar" [locator: org.sinytra.connector.locator.ConnectorLocator@42a9a63e]
[20Jul2026 16:47:34.445] [main/INFO] [net.neoforged.fml.loading.moddiscovery.ModDiscoverer/SCAN]: Found gamelibrary file "squaremap-fabric-mc1.21.1-1.3.2$cloud-fabric-2.0.0-beta.9$cloud-services-2.0.0_mapped_moj_1.21.1.jar" [locator: org.sinytra.connector.locator.ConnectorLocator@42a9a63e]
[20Jul2026 16:47:34.445] [main/INFO] [net.neoforged.fml.loading.moddiscovery.ModDiscoverer/SCAN]: Found mod file "squaremap-fabric-mc1.21.1-1.3.2_mapped_moj_1.21.1.jar" [locator: org.sinytra.connector.locator.ConnectorLocator@42a9a63e]
[20Jul2026 16:47:34.456] [main/INFO] [net.neoforged.fml.loading.moddiscovery.locators.JarInJarDependencyLocator/]: Found 2 dependencies adding them to mods collection
[20Jul2026 16:47:34.456] [main/INFO] [net.neoforged.fml.loading.moddiscovery.ModDiscoverer/SCAN]: Found mod file "org.sinytra.connector-2.0.0-beta.14+1.21.1-mod.jar" [parent: , locator: org.sinytra.connector.locator.ConnectorLocator@42a9a63e, reader: mod manifest]
[20Jul2026 16:47:34.456] [main/INFO] [net.neoforged.fml.loading.moddiscovery.ModDiscoverer/SCAN]: Found gamelibrary file "runtime-1.0.0+1.21.1.jar" [parent: , locator: org.sinytra.connector.locator.ConnectorLocator@42a9a63e, reader: mod manifest]
[20Jul2026 16:47:34.472] [main/INFO] [net.neoforged.fml.loading.moddiscovery.locators.JarInJarDependencyLocator/]: Found 1 dependencies adding them to mods collection
[20Jul2026 16:47:34.472] [main/INFO] [net.neoforged.fml.loading.moddiscovery.ModDiscoverer/SCAN]: Found mod file "automodpack-mod.jar" [parent: , locator: pl.skidam.automodpack_loader_core.LazyModLocator@384fc774, reader: mod manifest]
[20Jul2026 16:47:34.476] [main/INFO] [net.neoforged.fml.loading.moddiscovery.ModDiscoverer/]: 
     Mod List:
		Name Version (Mod Id)

		adventure-platform-fabric 5.14.1 (adventure_platform_fabric)
		aero_copycats 1.1.0 (aerocopycats)
		AI-Improvements 0.5.3 (aiimprovements)
		Aileron 1.21.1-neoforge-1.1.4 (aileron)
		Alloyed 3.0.7+1.21.1 (alloyed)
		Almanac 1.5.2 (almanac)
		Alternate Current 1.9.0 (alternate_current)
		Amendments 1.21-2.0.15 (amendments)
		Another Furniture 4.0.2 (another_furniture)
		AppleSkin 3.0.9+mc1.21 (appleskin)
		Architectury 13.0.8 (architectury)
		Armor Statues 21.1.0 (armorstatues)
		Async Logger 1.1.4+1.21.1-neoforge (asynclogger)
		Athena 4.0.6 (athena)
		AutoModpack 4.0.5 (automodpack_mod)
		Axes Are Weapons 1.10.2 (axesareweapons)
		Balm 21.0.58 (balm)
		Better lib 1.0.109 (better_lib)
		Biolith 3.0.10 (biolith)
		Bookshelf 21.1.81 (bookshelf)
		Bountiful 8.0.0-beta.2 (bountiful)
		Cardinal Components API (base) 6.1.1 (cardinal_components_base)
		Cardinal Components API (entities) 6.1.1 (cardinal_components_entity)
		Cerulean 1.0.0 (cerulean)
		Chefs Delight 1.0.5 (chefsdelight)
		Chipped 4.0.2 (chipped)
		ChoiceTheorem's Overhauled Village 3.6.3 (ctov)
		Chunky 1.4.23 (chunky)
		Cloth Config v15 API 15.0.140 (cloth_config)
		Cloud 2.0.0-beta.9 (cloud)
		cloud-minecraft-modded-common-fabric-repack 2.0.0-beta.9 (org_incendo_cloud_minecraft_modded_common_fabric_repack_)
		Collective 8.25 (collective)
		CommonGroovyLibrary 0.5.1 (commongroovylibrary)
		Companion 0.0NONE (companion)
		Concurrent Chunk Management Engine 0.3.0+alpha.0.93+1.21.1 (c2me)
		Concurrent Chunk Management Engine (Base) 0.3.0+alpha.0.93+1.21.1 (c2me_base)
		Concurrent Chunk Management Engine (Client/Uncap View Distance) 0.3.0+alpha.0.93+1.21.1 (c2me_client_uncapvd)
		Concurrent Chunk Management Engine (Fixes/Chunk IO/Threading Issues) 0.3.0+alpha.0.93+1.21.1 (c2me_fixes_chunkio_threading_issues)
		Concurrent Chunk Management Engine (Fixes/General/Threading Issues) 0.3.0+alpha.0.93+1.21.1 (c2me_fixes_general_threading_issues)
		Concurrent Chunk Management Engine (Fixes/WorldGen/Threading Issues) 0.3.0+alpha.0.93+1.21.1 (c2me_fixes_worldgen_threading_issues)
		Concurrent Chunk Management Engine (Fixes/WorldGen/Vanilla Bugs) 0.3.0+alpha.0.93+1.21.1 (c2me_fixes_worldgen_vanilla_bugs)
		Concurrent Chunk Management Engine (No Tick View Distance) 0.3.0+alpha.0.93+1.21.1 (c2me_notickvd)
		Concurrent Chunk Management Engine (Optimizations/Chunk IO) 0.3.0+alpha.0.93+1.21.1 (c2me_opts_chunkio)
		Concurrent Chunk Management Engine (Optimizations/Density Function Compiler) 0.3.0+alpha.0.93+1.21.1 (c2me_opts_dfc)
		Concurrent Chunk Management Engine (Optimizations/General WorldGen) 0.3.0+alpha.0.93+1.21.1 (c2me_opts_worldgen_general)
		Concurrent Chunk Management Engine (Optimizations/Math) 0.3.0+alpha.0.93+1.21.1 (c2me_opts_math)
		Concurrent Chunk Management Engine (Optimizations/Memory Allocations) 0.3.0+alpha.0.93+1.21.1 (c2me_opts_allocs)
		Concurrent Chunk Management Engine (Optimizations/Natives Math) 0.3.0+alpha.0.93+1.21.1 (c2me_opts_natives_math)
		Concurrent Chunk Management Engine (Optimizations/Scheduling) 0.3.0+alpha.0.93+1.21.1 (c2me_opts_scheduling)
		Concurrent Chunk Management Engine (Optimizations/Vanilla WorldGen) 0.3.0+alpha.0.93+1.21.1 (c2me_opts_worldgen_vanilla)
		Concurrent Chunk Management Engine (Rewrites/Chunk IO) 0.3.0+alpha.0.93+1.21.1 (c2me_rewrites_chunkio)
		Concurrent Chunk Management Engine (Rewrites/Chunk Serializer) 0.3.0+alpha.0.93+1.21.1 (c2me_rewrites_chunk_serializer)
		Concurrent Chunk Management Engine (Rewrites/Chunk System) 0.3.0+alpha.0.93+1.21.1 (c2me_rewrites_chunk_system)
		Concurrent Chunk Management Engine (Server Utils) 0.3.0+alpha.0.93+1.21.1 (c2me_server_utils)
		Concurrent Chunk Management Engine (Threading/Lighting) 0.3.0+alpha.0.93+1.21.1 (c2me_threading_lighting)
		conditional mixin 0.6.4 (conditional_mixin)
		Configured Defaults 21.1.3 (configureddefaults)
		Connector Extras 1.12.1+1.21.1 (connectorextras)
		Connector Extras EMI Bridge 1.12.1+1.21.1 (connectorextras_emi_bridge)
		Connector Extras Energy Bridge 1.12.1+1.21.1 (connectorextras_energy_bridge)
		Connector Extras JEI Bridge 1.12.1+1.21.1 (connectorextras_jei_bridge)
		Connector Extras KubeJS Bridge 1.12.1+1.21.1 (connectorextras_kubejs_bridge)
		Connector Extras ModMenu Bridge 1.12.1+1.21.1 (connectorextras_modmenu_bridge)
		Connector Extras Pehkui Bridge 1.12.1+1.21.1 (connectorextras_pehkui_bridge)
		Connector Extras REI Bridge 1.12.1+1.21.1 (connectorextras_rei_bridge)
		Connector Extras Terrablender Bridge 1.12.1+1.21.1 (connectorextras_terrablender_bridge)
		Console Filter 1.21.1-4.0.0-neoforge (consolefilter)
		CoroUtil 1.21.0-1.3.8 (coroutil)
		Create 6.0.10 (create)
		Create Aeronautics 1.3.0 (aeronautics_bundled)
		Create Aeronautics 1.3.0 (aeronautics)
		Create Bits 'n' Bobs 0.0.44 (bits_n_bobs)
		Create Confectionery 1.1.2 (create_confectionery)
		Create Crafts & Additions 1.6.0 (createaddition)
		Create Deco 2.1.3 (createdeco)
		Create Deep Seas 2.1.6 (create_submarine)
		Create Diesel Generators 1.21.1-1.3.13 (createdieselgenerators)
		Create Encased 1.8.1-ht1 (createcasing)
		Create Goggles 6.1.1 (creategoggles)
		Create Let The Adventure Begin 4.0.0 (create_ltab)
		Create Offroad 1.3.0 (offroad)
		Create Shuffle Filter 2.1.0 (createshufflefilter)
		Create Simulated 1.3.0 (simulated)
		Create Slice & Dice 4.2.4 (sliceanddice)
		Create: Aeroworks 1.2.11 (aeroworks)
		Create: Ballast 0.1.0 (ballastmod)
		Create: Bells & Whistles 0.4.7-1.21.1 (bellsandwhistles)
		Create: Blocks & Bogies 1.0.7 (create_bb)
		Create: Cardboarded Conveynience 1.0.0 (cardboarded_conveynience)
		Create: Central Kitchen 2.5.0 (create_central_kitchen)
		Create: Connected 1.2.2-mc1.21.1 (create_connected)
		Create: Copycats+ 3.0.4+mc.1.21.1-neoforge (copycats)
		Create: Dragons Plus 1.11.2b (create_dragons_plus)
		Create: Dreams n' Desires 2.3a-BETA (dndesires)
		Create: EMI Schematics 1.1.0 (emi_create_schematics)
		Create: Enchantment Industry 2.4.2 (create_enchantment_industry)
		Create: Factory 0.7a-1.21.1 (create_factory)
		Create: Food 2.5.0 (createfood)
		Create: Framed 1.7.3 (createframed)
		Create: Interiors 0.6.1 (interiors)
		Create: Numismatics 1.0.20+neoforge-mc1.21.1 (numismatics)
		Create: Numismatics: Villager Currency 1.1.1 (villagercurrency)
		Create: Pattern Schematics 2.0.10 (create_pattern_schematics)
		Create: Power Loader 2.0.5-mc1.21.1 (create_power_loader)
		Create: Prismatic Shine 1.2.2 (createprism)
		Create: Smart Bounds 1.0.0 (smart_bounds)
		Create: Steam 'n' Rails 1.21.1 0.2.1+neoforge-mc1.21.1 (railways)
		Create: Storage 1.2.7 (fxntstorage)
		Create: Ultimate Factory 2.2.4 (create_ultimate_factory)
		Create_Better_Villagers 1.3.2 (create_better_villagers)
		Cristel Lib 3.1.7 (cristellib)
		Croptopia 4.2.4 (croptopia)
		Croptopia Delight 1.0.1 (croptopiadelight)
		Curios API 9.5.1+1.21.1 (curios)
		Cut Through 21.1.0 (cutthrough)
		Deeper and Darker 1.4.1 (deeperdarker)
		Delightful Creators 1.2 (delightfulcreators)
		Design n' Decor 2.2b (dndecor)
		Detected SetBlock Be Gone 1.0 (dsbg)
		Display Delight 1.6.0 (displaydelight)
		Distant Horizons 2.4.5-b (distanthorizons)
		DistractingTrims 21.1.1 (distractingtrims)
		Dungeons and Taverns 1-v4.4.4 (mr_dungeons_andtaverns)
		Easy Anvils 21.1.0 (easyanvils)
		Ecologics 2.3.6 (ecologics)
		EMI 1.1.24+1.21.1+neoforge (emi)
		EMI Loot 0.7.9+1.21+neoforge (emi_loot)
		EnchantmentDescriptions 21.1.10 (enchdesc)
		End's Delight 2.6+neoforge.1.21.1 (ends_delight)
		EpheroLib 1.2.0 (epherolib)
		ExMI Actually Additions 1.0.3+1.21.1 (extra_mod_integrations_actually_additions)
		ExMI Chipped 1.0.3+1.21.1 (extra_mod_integrations_chipped)
		ExMI Farmer's Delight 1.0.3+1.21.1 (extra_mod_integrations_farmers_delight)
		ExMI Iron's Spells 'n Spellbooks 1.0.3+1.21.1 (extra_mod_integrations_irons_spellbooks)
		ExMI PneumaticCraft 1.0.3+1.21.1 (extra_mod_integrations_pneumaticcraft)
		ExMI Rechiseled 1.0.3+1.21.1 (extra_mod_integrations_rechiseled)
		ExMI Reliquary 1.0.3+1.21.1 (extra_mod_integrations_reliquary)
		Explosive Enhancement 1.1.2 (explosiveenhancement)
		Extended Wrenches 2.0.2 (extendedwrenches)
		Extra Mod Integrations 1.0.3+1.21.1 (extra_mod_integrations)
		Extra Mod Integrations Core 1.0.3+1.21.1 (extra_mod_integrations_core)
		fabric-permissions-api 0.3.1 (fabric_permissions_api_v0)
		Farmer's Delight 1.3.2 (farmersdelight)
		Fast Noise Mod 1.0.11+2+1.21.1+neoforge (zfastnoise)
		Fast Suite 6.0.7 (fastsuite)
		Ferrite Core 7.0.3 (ferritecore)
		Flywheel 1.0.6 (flywheel)
		Forgified Fabric API 0.116.7+2.2.4+1.21.1 (fabric_api)
		Forgified Fabric API Base 0.4.42+d1308ded19 (fabric_api_base)
		Forgified Fabric API Lookup API (v1) 1.6.71+c290471319 (fabric_api_lookup_api_v1)
		Forgified Fabric Biome API (v1) 13.0.31+1e62d33c19 (fabric_biome_api_v1)
		Forgified Fabric Block API (v1) 1.1.0+b0c22bb819 (fabric_block_api_v1)
		Forgified Fabric BlockRenderLayer Registration (v1) 1.1.52+c290471319 (fabric_blockrenderlayer_v1)
		Forgified Fabric BlockView API (v2) 1.0.11+e9036fd419 (fabric_block_view_api_v2)
		Forgified Fabric Client Tags 1.1.15+e053909619 (fabric_client_tags_api_v1)
		Forgified Fabric Command API (v2) 2.2.28+36d727be19 (fabric_command_api_v2)
		Forgified Fabric Content Registries (v0) 8.0.19+5e0d320019 (fabric_content_registries_v0)
		Forgified Fabric Convention Tags 2.1.5+7f945d5b19 (fabric_convention_tags_v1)
		Forgified Fabric Convention Tags (v2) 2.11.1+87e5848019 (fabric_convention_tags_v2)
		Forgified Fabric Data Attachment API (v1) 1.4.5+26d408aa19 (fabric_data_attachment_api_v1)
		Forgified Fabric Data Generation API (v1) 20.2.34+a4c3605619 (fabric_data_generation_api_v1)
		Forgified Fabric Entity Events (v1) 1.8.0+5ede667619 (fabric_entity_events_v1)
		Forgified Fabric Events Interaction (v0) 0.7.13+86e0887119 (fabric_events_interaction_v0)
		Forgified Fabric Game Rule API (v1) 1.0.53+36d727be19 (fabric_game_rule_api_v1)
		Forgified Fabric Game Test API (v1) 2.0.5+29f188ce19 (fabric_gametest_api_v1)
		Forgified Fabric Item API (v1) 11.2.0+0c57911319 (fabric_item_api_v1)
		Forgified Fabric Item Group API (v1) 4.1.7+e324903319 (fabric_item_group_api_v1)
		Forgified Fabric Key Binding API (v1) 1.0.47+62cc7ce119 (fabric_key_binding_api_v1)
		Forgified Fabric Lifecycle Events (v1) 2.6.0+e40d8add19 (fabric_lifecycle_events_v1)
		Forgified Fabric Loot API (v2) 3.0.15+a3ee712d19 (fabric_loot_api_v2)
		Forgified Fabric Loot API (v3) 1.0.3+333dfad919 (fabric_loot_api_v3)
		Forgified Fabric Message API (v1) 6.0.14+6a754fce19 (fabric_message_api_v1)
		Forgified Fabric Model Loading API (v1) 2.1.0+6e8f52c719 (fabric_model_loading_api_v1)
		Forgified Fabric Networking API (v1) 4.3.0+30a980d919 (fabric_networking_api_v1)
		Forgified Fabric Object Builder API (v1) 15.2.1+cc242efd19 (fabric_object_builder_api_v1)
		Forgified Fabric Particles (v1) 4.0.2+824f924c19 (fabric_particles_v1)
		Forgified Fabric Recipe API (v1) 5.0.15+59440bcc19 (fabric_recipe_api_v1)
		Forgified Fabric Registry Sync (v0) 5.3.1+f9aace1619 (fabric_registry_sync_v0)
		Forgified Fabric Renderer - Indigo 1.7.1+9125b6dc19 (fabric_renderer_indigo)
		Forgified Fabric Renderer API (v1) 3.4.1+9125b6dc19 (fabric_renderer_api_v1)
		Forgified Fabric Rendering (v1) 5.1.0+1a09bd5a19 (fabric_rendering_v1)
		Forgified Fabric Rendering Data Attachment (v1) 0.3.49+73761d2e19 (fabric_rendering_data_attachment_v1)
		Forgified Fabric Rendering Fluids (v1) 3.1.6+a51883b219 (fabric_rendering_fluids_v1)
		Forgified Fabric Resource Conditions API (v1) 4.3.0+5bdd099819 (fabric_resource_conditions_api_v1)
		Forgified Fabric Resource Loader (v0) 1.3.1+4ea8954419 (fabric_resource_loader_v0)
		Forgified Fabric Screen API (v1) 2.0.25+4228281319 (fabric_screen_api_v1)
		Forgified Fabric Screen Handler API (v1) 1.3.90+8dbc56dd19 (fabric_screen_handler_api_v1)
		Forgified Fabric Sound API (v1) 1.0.23+10b84f8419 (fabric_sound_api_v1)
		Forgified Fabric Transfer API (v1) 5.4.3+a25cb45619 (fabric_transfer_api_v1)
		Forgified Fabric Transitive Access Wideners (v1) 6.2.0+6c854b6f19 (fabric_transitive_access_wideners_v1)
		Fusion 1.2.12 (fusion)
		Fzzy Config 0.7.6+1.21+neoforge (fzzy_config)
		GeckoLib 4 4.8.4 (geckolib)
		Geophilic 3.5 (geophilic)
		GPUTape 1.0.2 (gpu_tape)
		GroovyModLoader 6.0.2 (gml)
		HT's TreeChop 0.19.3 (treechop)
		iChunUtil 1.0.3 (ichunutil)
		Improved Village Placement 1.1.2 (improved_village_placement)
		Incendium 5.4.3 (incendium)
		Jade 15.10.5+neoforge (jade)
		Jade Addons 6.1.0+neoforge (jadeaddons)
		Jade Modded Entities 1.3.1 (jademoddedentities)
		Kambrik 8.0.0-beta.2 (kambrik)
		Kerria 1.3.0+1.21.1-neoforge (kerria)
		Kiwi Library 15.8.4+neoforge (kiwi)
		Konkrete 1.9.9 (konkrete)
		Kotlin For Forge 5.11.0 (kotlinforforge)
		KumaAPI 21.0.8 (kuma_api)
		LambDynamicLights 4.8.8+1.21.1 (lambdynlights)
		LambDynamicLights (API) 4.8.8+1.21.1 (lambdynlights_api)
		LambDynamicLights (Runtime) 4.8.8+1.21.1 (lambdynlights_runtime)
		Let Me Despawn 1.5.0 (letmedespawn)
		Library ferret 4.0.0 (libraryferret)
		Lithium 0.15.3+mc1.21.1 (lithium)
		Lithosphere 1.7 (mr_lithosphere)
		Lithostitched 1.7.9 (lithostitched)
		Live Radio Mod 1.0.2 (radiomod)
		Lodestone 1.8.2 (lodestone)
		Lootr 1.21.1-1.11.37.120 (lootr)
		M.R.U 1.0.19+LTS+1.21.1+neoforge (mru)
		MapSyncer 1.0.3 (mapsyncer)
		MidnightLib 1.6.9 (midnightlib)
		Minecraft 1.21.1 (minecraft)
		Miners Delight 1.4.5 (minersdelight)
		ModernFix 5.27.12+mc1.21.1 (modernfix)
		Moonlight Lib 1.21.1-3.0.17 (moonlight)
		More Sounds 1.21.x-0.3.0-beta (more_sounds)
		MoreDensityFunctions 2.3.0 (moredensityfunctions)
		My Nether's Delight 1.10.2 (mynethersdelight)
		Naturalist 1.0.2 (naturalist)
		Neo Bee Fix 2.0.1 (neobeefix)
		NeoForge 21.1.233 (neoforge)
		Netherite Horse Armor 1.21.1-2.0a (netherite_horse_armor)
		NetherPortalFix 21.1.1 (netherportalfix)
		Noisium 2.7.0+mc1.21-1.21.1 (noisium)
		Not Enough Recipe Book 0.4.3 (nerb)
		Numismatic Bounties 2.0 (numismatic_bounties)
		OctoLib 0.6.2 (octolib)
		Percale 1.0.0-beta.1 (percale)
		Placebo 9.9.1 (placebo)
		Platform 1.3.3 (platform)
		Ponder 1.0.82+mc1.21.1 (ponder)
		Potion Stacks 1.0.0 (potionstacks)
		PrickleMC 21.1.11 (prickle)
		Pride Lib 1.2.4+1.21.1 (pride)
		Puzzles Lib 21.1.52 (puzzleslib)
		Quark 4.1-480 (quark)
		quick-pack 1.3.2 (quick_pack)
		Rechiseled 1.2.4 (rechiseled)
		Rechiseled: Chipped 1.3 (rechiseled_chipped)
		Rechiseled: Create 1.1.0 (rechiseledcreate)
		Recipes For Create 1.2.1 (recipesforcreate)
		Reconnectible Chains 2.1.0 (connectiblechains)
		Regions Unexplored 0.6.1 (regions_unexplored)
		Reintegrated Chipped 1.0.0 (reintegrated_chipped)
		Resourceful Lib 3.0.12 (resourcefullib)
		Resourcefulconfig 3.0.11 (resourcefulconfig)
		Ritchie's Projectile Library 2.1.2 (ritchiesprojectilelib)
		Sable 2.0.3 (sable)
		Sable Companion 1.6.0 (sablecompanion)
		Sable: Physics Compat 1.3.0 (sablephysicscompat)
		Scholar 1.2.0 (scholar)
		Seamless Sleep 2.5.3 (seamlesssleep)
		ServerCore 1.5.17+1.21.1 (servercore)
		Sinytra Connector 2.0.0-beta.14+1.21.1 (connector)
		Smarter Farmers 1.21-2.2.4 (smarterfarmers)
		Sound Physics Remastered 1.21.1-1.5.1 (sound_physics_remastered)
		SpruceUI 6.2.5+1.21.1 (spruceui)
		squaremap 1.3.2 (squaremap)
		Statue Menus 21.1.0 (statuemenus)
		Still Life 1.0 (mr_still_life)
		Structure Layout Optimizer 1.0.12 (structure_layout_optimizer)
		SuperMartijn642's Config Library 1.1.8 (supermartijn642configlib)
		SuperMartijn642's Core Lib 1.1.21 (supermartijn642corelib)
		Supplementaries 1.21.1-3.6.8 (supplementaries)
		TerraBlender 4.1.0.8 (terrablender)
		Towns and Towers 1.13.9 (t_and_t)
		TrashSlot 21.1.11 (trashslot)
		TxniLib 1.0.24 (txnilib)
		VanillaBackport 1.1.7.10 (vanillabackport)
		Veil 4.1.4 (veil)
		Watchtower 1.1.0 (watchtower)
		Xaero's Minimap 25.3.2 (xaerominimap)
		Xaero's World Map 1.40.2 (xaeroworldmap)
		XaeroLib 1.0.42 (xaerolib)
		Yeetus Experimentus 87.0.0 (yeetusexperimentus)
		YetAnotherConfigLib 3.8.2+1.21.1-neoforge (yet_another_config_lib_v3)
		Yumi Minecraft Libraries: Foundation 1.0.0-beta.1+1.21.1 (yumi_mc_core)
		YUNG's API 1.21.1-NeoForge-5.1.6 (yungsapi)
		YUNG's Better Desert Temples 1.21.1-NeoForge-4.1.5 (betterdeserttemples)
		YUNG's Better Dungeons 1.21.1-NeoForge-5.1.4 (betterdungeons)
		YUNG's Better End Island 1.21.1-NeoForge-3.1.2 (betterendisland)
		YUNG's Better Mineshafts 1.21.1-NeoForge-5.1.1 (bettermineshafts)
		YUNG's Better Nether Fortresses 1.21.1-NeoForge-3.1.5 (betterfortresses)
		YUNG's Better Ocean Monuments 1.21.1-NeoForge-4.1.2 (betteroceanmonuments)
		YUNG's Better Strongholds 1.21.1-NeoForge-5.1.3 (betterstrongholds)
		YUNG's Better Witch Huts 1.21.1-NeoForge-4.1.1 (betterwitchhuts)
		YUNG's Bridges 1.21.1-NeoForge-5.1.1 (yungsbridges)
		YUNG's Extras 1.21.1-NeoForge-5.1.1 (yungsextras)
		Zeta 1.1-40 (zeta)
[20Jul2026 16:47:34.527] [main/ERROR] [net.neoforged.fml.loading.moddiscovery.ModFile/LOADING]: Access transformer file META-INF/accesstransformer.cfg provided by mod pride does not exist!
[20Jul2026 16:47:34.687] [main/INFO] [Configured Defaults/]: Applying default files...
[20Jul2026 16:47:34.934] [main/INFO] [org.sinytra.connector.service.hacks.ModuleLayerMigrator/]: Successfully made module authlib transformable
[20Jul2026 16:47:34.934] [main/INFO] [org.sinytra.connector.service.hacks.ModuleLayerMigrator/]: Successfully made module brigadier transformable
[20Jul2026 16:47:34.936] [main/INFO] [net.neoforged.fml.loading.FMLServiceProvider/CORE]: Loading coremod script-engine for [xaerominimap, xaeroworldmap]
[20Jul2026 16:47:36.854] [main/ERROR] [cpw.mods.modlauncher.ModuleLayerHandler/]: Error while resolving modules.
java.lang.module.ResolutionException: Modules watchtower and dev.mcstatus.watchtower.neoforge.common export package dev.mcstatus.watchtower to module c2me_opts_scheduling
	at java.base/java.lang.module.Resolver.resolveFail(Resolver.java:900) ~[?:?]
	at java.base/java.lang.module.Resolver.failTwoSuppliers(Resolver.java:814) ~[?:?]
	at java.base/java.lang.module.Resolver.checkExportSuppliers(Resolver.java:735) ~[?:?]
	at java.base/java.lang.module.Resolver.finish(Resolver.java:380) ~[?:?]
	at java.base/java.lang.module.Configuration.<init>(Configuration.java:139) ~[?:?]
	at java.base/java.lang.module.Configuration.resolveAndBind(Configuration.java:493) ~[?:?]
	at MC-BOOTSTRAP/cpw.mods.modlauncher@11.0.5/cpw.mods.modlauncher.ModuleLayerHandler.buildLayer(ModuleLayerHandler.java:81) [modlauncher-11.0.5.jar%2364!/:?]
	at MC-BOOTSTRAP/cpw.mods.modlauncher@11.0.5/cpw.mods.modlauncher.TransformationServicesHandler.buildTransformingClassLoader(TransformationServicesHandler.java:54) [modlauncher-11.0.5.jar%2364!/:?]
	at MC-BOOTSTRAP/cpw.mods.modlauncher@11.0.5/cpw.mods.modlauncher.Launcher.run(Launcher.java:101) [modlauncher-11.0.5.jar%2364!/:?]
	at MC-BOOTSTRAP/cpw.mods.modlauncher@11.0.5/cpw.mods.modlauncher.Launcher.main(Launcher.java:74) [modlauncher-11.0.5.jar%2364!/:?]
	at MC-BOOTSTRAP/cpw.mods.modlauncher@11.0.5/cpw.mods.modlauncher.BootstrapLaunchConsumer.accept(BootstrapLaunchConsumer.java:26) [modlauncher-11.0.5.jar%2364!/:?]
	at MC-BOOTSTRAP/cpw.mods.modlauncher@11.0.5/cpw.mods.modlauncher.BootstrapLaunchConsumer.accept(BootstrapLaunchConsumer.java:23) [modlauncher-11.0.5.jar%2364!/:?]
	at cpw.mods.bootstraplauncher@2.0.2/cpw.mods.bootstraplauncher.BootstrapLauncher.run(BootstrapLauncher.java:210) [bootstraplauncher-2.0.2.jar:?]
	at cpw.mods.bootstraplauncher@2.0.2/cpw.mods.bootstraplauncher.BootstrapLauncher.main(BootstrapLauncher.java:69) [bootstraplauncher-2.0.2.jar:?]
